ISO-10303-21;
HEADER;
FILE_DESCRIPTION(('STEP AP242'),'1');
FILE_NAME('1770885.stp','2024-12-12T08:40:43',('TraceParts'),('TraceParts S.A.'),'Spatial InterOp 3D',' ',' ');
FILE_SCHEMA(('AP242_MANAGED_MODEL_BASED_3D_ENGINEERING_MIM_LF  {1 0 10303 442 1 1 4}'));
ENDSEC;
DATA;
#1=MECHANICAL_DESIGN_GEOMETRIC_PRESENTATION_REPRESENTATION(' ',(#14,#15,#16,#17,#18,#19,#20,#21,#22,#23,#24,#25,#26,#27,#28,#29,#30,#31,#32,#33,#34,#35,#36,#37,#38,#39,#40,#41,#42,#43,#44,#45,#46,#47,#48,#49,#50,#51,#52,#53,#54,#55,#56,#57,#58,#59,#60,#61,#62,#63,#64,#65,#66,#67,#68,#69,#70,#71,#72,#73,#74,#75,#76,#77,#78,#79,#80,#81,#82,#83,#84,#85,#86,#87,#88,#89,#90,#91,#92,#93,#94,#95,#96,#97,#98,#99,#100,#101,#102,#103,#104,#105,#106,#107,#108,#109,#110,#111,#112,#113,#114,#115,#116,#117,#118,#119,#120,#121,#122,#123,#124,#125,#126,#127,#128,#129,#130,#131,#132,#133,#134,#135,#136,#137,#138,#139,#140,#141,#142,#143,#144,#145,#146,#147,#148,#149,#150,#151,#152,#153,#154,#155,#156,#157,#158,#159,#160,#161,#162,#163,#164,#165,#166,#167,#168,#169,#170,#171,#172,#173,#174,#175,#176,#177,#178,#179,#180,#181,#182,#183,#184),#10);
#2=PRODUCT_DEFINITION_CONTEXT('',#185,'design');
#3=APPLICATION_PROTOCOL_DEFINITION('INTERNATIONAL STANDARD','ap242_managed_model_based_3d_engineering',2014,#185);
#4=PRODUCT_CATEGORY_RELATIONSHIP('NONE','NONE',#186,#187);
#5=SHAPE_DEFINITION_REPRESENTATION(#188,#189);
#6=SHAPE_DEFINITION_REPRESENTATION(#188,#190);
#7=SHAPE_DEFINITION_REPRESENTATION(#188,#191);
#8=SHAPE_DEFINITION_REPRESENTATION(#188,#192);
#9=SHAPE_DEFINITION_REPRESENTATION(#188,#193);
#10= (GEOMETRIC_REPRESENTATION_CONTEXT(3)GLOBAL_UNCERTAINTY_ASSIGNED_CONTEXT((#196))GLOBAL_UNIT_ASSIGNED_CONTEXT((#198,#199,#200))REPRESENTATION_CONTEXT('NONE','WORKSPACE'));
#14=STYLED_ITEM('',(#202),#203);
#15=STYLED_ITEM('',(#204),#205);
#16=STYLED_ITEM('',(#206),#207);
#17=STYLED_ITEM('',(#208),#209);
#18=STYLED_ITEM('',(#210),#211);
#19=STYLED_ITEM('',(#212),#213);
#20=STYLED_ITEM('',(#214),#215);
#21=STYLED_ITEM('',(#216),#217);
#22=STYLED_ITEM('',(#218),#219);
#23=STYLED_ITEM('',(#220),#221);
#24=STYLED_ITEM('',(#222),#223);
#25=STYLED_ITEM('',(#224),#225);
#26=STYLED_ITEM('',(#226),#227);
#27=STYLED_ITEM('',(#228),#229);
#28=STYLED_ITEM('',(#230),#231);
#29=STYLED_ITEM('',(#232),#233);
#30=STYLED_ITEM('',(#234),#235);
#31=STYLED_ITEM('',(#236),#237);
#32=STYLED_ITEM('',(#238),#239);
#33=STYLED_ITEM('',(#240),#241);
#34=STYLED_ITEM('',(#242),#243);
#35=STYLED_ITEM('',(#244),#245);
#36=STYLED_ITEM('',(#246),#247);
#37=STYLED_ITEM('',(#248),#249);
#38=STYLED_ITEM('',(#250),#251);
#39=STYLED_ITEM('',(#252),#253);
#40=STYLED_ITEM('',(#254),#255);
#41=STYLED_ITEM('',(#256),#257);
#42=STYLED_ITEM('',(#258),#259);
#43=STYLED_ITEM('',(#260),#261);
#44=STYLED_ITEM('',(#262),#263);
#45=STYLED_ITEM('',(#264),#265);
#46=STYLED_ITEM('',(#266),#267);
#47=STYLED_ITEM('',(#268),#269);
#48=STYLED_ITEM('',(#270),#271);
#49=STYLED_ITEM('',(#272),#273);
#50=STYLED_ITEM('',(#274),#275);
#51=STYLED_ITEM('',(#276),#277);
#52=STYLED_ITEM('',(#278),#279);
#53=STYLED_ITEM('',(#280),#281);
#54=STYLED_ITEM('',(#282),#283);
#55=STYLED_ITEM('',(#284),#285);
#56=STYLED_ITEM('',(#286),#287);
#57=STYLED_ITEM('',(#288),#289);
#58=STYLED_ITEM('',(#290),#291);
#59=STYLED_ITEM('',(#292),#293);
#60=STYLED_ITEM('',(#294),#295);
#61=STYLED_ITEM('',(#296),#297);
#62=STYLED_ITEM('',(#298),#299);
#63=STYLED_ITEM('',(#300),#301);
#64=STYLED_ITEM('',(#302),#303);
#65=STYLED_ITEM('',(#304),#305);
#66=STYLED_ITEM('',(#306),#307);
#67=STYLED_ITEM('',(#308),#309);
#68=STYLED_ITEM('',(#310),#311);
#69=STYLED_ITEM('',(#312),#313);
#70=STYLED_ITEM('',(#314),#315);
#71=STYLED_ITEM('',(#316),#317);
#72=STYLED_ITEM('',(#318),#319);
#73=STYLED_ITEM('',(#320),#321);
#74=STYLED_ITEM('',(#322),#323);
#75=STYLED_ITEM('',(#324),#325);
#76=STYLED_ITEM('',(#326),#327);
#77=STYLED_ITEM('',(#328),#329);
#78=STYLED_ITEM('',(#330),#331);
#79=STYLED_ITEM('',(#332),#333);
#80=STYLED_ITEM('',(#334),#335);
#81=STYLED_ITEM('',(#336),#337);
#82=STYLED_ITEM('',(#338),#339);
#83=STYLED_ITEM('',(#340),#341);
#84=STYLED_ITEM('',(#342),#343);
#85=STYLED_ITEM('',(#344),#345);
#86=STYLED_ITEM('',(#346),#347);
#87=STYLED_ITEM('',(#348),#349);
#88=STYLED_ITEM('',(#350),#351);
#89=STYLED_ITEM('',(#352),#353);
#90=STYLED_ITEM('',(#354),#355);
#91=STYLED_ITEM('',(#356),#357);
#92=STYLED_ITEM('',(#358),#359);
#93=STYLED_ITEM('',(#360),#361);
#94=STYLED_ITEM('',(#362),#363);
#95=STYLED_ITEM('',(#364),#365);
#96=STYLED_ITEM('',(#366),#367);
#97=STYLED_ITEM('',(#368),#369);
#98=STYLED_ITEM('',(#370),#371);
#99=STYLED_ITEM('',(#372),#373);
#100=STYLED_ITEM('',(#374),#375);
#101=STYLED_ITEM('',(#376),#377);
#102=STYLED_ITEM('',(#378),#379);
#103=STYLED_ITEM('',(#380),#381);
#104=STYLED_ITEM('',(#382),#383);
#105=STYLED_ITEM('',(#384),#385);
#106=STYLED_ITEM('',(#386),#387);
#107=STYLED_ITEM('',(#388),#389);
#108=STYLED_ITEM('',(#390),#391);
#109=STYLED_ITEM('',(#392),#393);
#110=STYLED_ITEM('',(#394),#395);
#111=STYLED_ITEM('',(#396),#397);
#112=STYLED_ITEM('',(#398),#399);
#113=STYLED_ITEM('',(#400),#401);
#114=STYLED_ITEM('',(#402),#403);
#115=STYLED_ITEM('',(#404),#405);
#116=STYLED_ITEM('',(#406),#407);
#117=STYLED_ITEM('',(#408),#409);
#118=STYLED_ITEM('',(#410),#411);
#119=STYLED_ITEM('',(#412),#413);
#120=STYLED_ITEM('',(#414),#415);
#121=STYLED_ITEM('',(#416),#417);
#122=STYLED_ITEM('',(#418),#419);
#123=STYLED_ITEM('',(#420),#421);
#124=STYLED_ITEM('',(#422),#423);
#125=STYLED_ITEM('',(#424),#425);
#126=STYLED_ITEM('',(#426),#427);
#127=STYLED_ITEM('',(#428),#429);
#128=STYLED_ITEM('',(#430),#431);
#129=STYLED_ITEM('',(#432),#433);
#130=STYLED_ITEM('',(#434),#435);
#131=STYLED_ITEM('',(#436),#437);
#132=STYLED_ITEM('',(#438),#439);
#133=STYLED_ITEM('',(#440),#441);
#134=STYLED_ITEM('',(#442),#443);
#135=STYLED_ITEM('',(#444),#445);
#136=STYLED_ITEM('',(#446),#447);
#137=STYLED_ITEM('',(#448),#449);
#138=STYLED_ITEM('',(#450),#451);
#139=STYLED_ITEM('',(#452),#453);
#140=STYLED_ITEM('',(#454),#455);
#141=STYLED_ITEM('',(#456),#457);
#142=STYLED_ITEM('',(#458),#459);
#143=STYLED_ITEM('',(#460),#461);
#144=STYLED_ITEM('',(#462),#463);
#145=STYLED_ITEM('',(#464),#465);
#146=STYLED_ITEM('',(#466),#467);
#147=STYLED_ITEM('',(#468),#469);
#148=STYLED_ITEM('',(#470),#471);
#149=STYLED_ITEM('',(#472),#473);
#150=STYLED_ITEM('',(#474),#475);
#151=STYLED_ITEM('',(#476),#477);
#152=STYLED_ITEM('',(#478),#479);
#153=STYLED_ITEM('',(#480),#481);
#154=STYLED_ITEM('',(#482),#483);
#155=STYLED_ITEM('',(#484),#485);
#156=STYLED_ITEM('',(#486),#487);
#157=STYLED_ITEM('',(#488),#489);
#158=STYLED_ITEM('',(#490),#491);
#159=STYLED_ITEM('',(#492),#493);
#160=STYLED_ITEM('',(#494),#495);
#161=STYLED_ITEM('',(#496),#497);
#162=STYLED_ITEM('',(#498),#499);
#163=STYLED_ITEM('',(#500),#501);
#164=STYLED_ITEM('',(#502),#503);
#165=STYLED_ITEM('',(#504),#505);
#166=STYLED_ITEM('',(#506),#507);
#167=STYLED_ITEM('',(#508),#509);
#168=STYLED_ITEM('',(#510),#511);
#169=STYLED_ITEM('',(#512),#513);
#170=STYLED_ITEM('',(#514),#515);
#171=STYLED_ITEM('',(#516),#517);
#172=STYLED_ITEM('',(#518),#519);
#173=STYLED_ITEM('',(#520),#521);
#174=STYLED_ITEM('',(#522),#523);
#175=STYLED_ITEM('',(#524),#525);
#176=STYLED_ITEM('',(#526),#527);
#177=STYLED_ITEM('',(#528),#529);
#178=STYLED_ITEM('',(#530),#531);
#179=STYLED_ITEM('',(#532),#533);
#180=STYLED_ITEM('',(#534),#535);
#181=STYLED_ITEM('',(#536),#537);
#182=STYLED_ITEM('',(#538),#539);
#183=STYLED_ITEM('',(#540),#541);
#184=STYLED_ITEM('',(#542),#543);
#185=APPLICATION_CONTEXT('managed model based 3d engineering');
#186=PRODUCT_CATEGORY('part','NONE');
#187=PRODUCT_RELATED_PRODUCT_CATEGORY('detail',' ',(#544));
#188=PRODUCT_DEFINITION_SHAPE('NONE','NONE',#545);
#189=ADVANCED_BREP_SHAPE_REPRESENTATION('1770885_1',(#211,#546),#10);
#190=ADVANCED_BREP_SHAPE_REPRESENTATION('1770885_2',(#221,#547),#10);
#191=ADVANCED_BREP_SHAPE_REPRESENTATION('1770885_3',(#231,#548),#10);
#192=ADVANCED_BREP_SHAPE_REPRESENTATION('1770885_4',(#241,#549),#10);
#193=ADVANCED_BREP_SHAPE_REPRESENTATION('1770885_5',(#543,#550),#10);
#196=UNCERTAINTY_MEASURE_WITH_UNIT(LENGTH_MEASURE(1.0E-06),#198,'','');
#198= (CONVERSION_BASED_UNIT('MILLIMETRE',#553)LENGTH_UNIT()NAMED_UNIT(#556));
#199= (NAMED_UNIT(#558)PLANE_ANGLE_UNIT()SI_UNIT($,.RADIAN.));
#200= (NAMED_UNIT(#558)SOLID_ANGLE_UNIT()SI_UNIT($,.STERADIAN.));
#202=PRESENTATION_STYLE_ASSIGNMENT((#564));
#203=ADVANCED_FACE('',(#565),#566,.T.);
#204=PRESENTATION_STYLE_ASSIGNMENT((#567));
#205=ADVANCED_FACE('',(#568),#569,.T.);
#206=PRESENTATION_STYLE_ASSIGNMENT((#570));
#207=ADVANCED_FACE('',(#571),#572,.T.);
#208=PRESENTATION_STYLE_ASSIGNMENT((#573));
#209=ADVANCED_FACE('',(#574),#575,.F.);
#210=PRESENTATION_STYLE_ASSIGNMENT((#576));
#211=MANIFOLD_SOLID_BREP('1770885_1',#577);
#212=PRESENTATION_STYLE_ASSIGNMENT((#578));
#213=ADVANCED_FACE('',(#579),#580,.T.);
#214=PRESENTATION_STYLE_ASSIGNMENT((#581));
#215=ADVANCED_FACE('',(#582),#583,.T.);
#216=PRESENTATION_STYLE_ASSIGNMENT((#584));
#217=ADVANCED_FACE('',(#585),#586,.T.);
#218=PRESENTATION_STYLE_ASSIGNMENT((#587));
#219=ADVANCED_FACE('',(#588),#589,.F.);
#220=PRESENTATION_STYLE_ASSIGNMENT((#590));
#221=MANIFOLD_SOLID_BREP('1770885_2',#591);
#222=PRESENTATION_STYLE_ASSIGNMENT((#592));
#223=ADVANCED_FACE('',(#593),#594,.T.);
#224=PRESENTATION_STYLE_ASSIGNMENT((#595));
#225=ADVANCED_FACE('',(#596),#597,.T.);
#226=PRESENTATION_STYLE_ASSIGNMENT((#598));
#227=ADVANCED_FACE('',(#599),#600,.T.);
#228=PRESENTATION_STYLE_ASSIGNMENT((#601));
#229=ADVANCED_FACE('',(#602),#603,.F.);
#230=PRESENTATION_STYLE_ASSIGNMENT((#604));
#231=MANIFOLD_SOLID_BREP('1770885_3',#605);
#232=PRESENTATION_STYLE_ASSIGNMENT((#606));
#233=ADVANCED_FACE('',(#607),#608,.T.);
#234=PRESENTATION_STYLE_ASSIGNMENT((#609));
#235=ADVANCED_FACE('',(#610),#611,.T.);
#236=PRESENTATION_STYLE_ASSIGNMENT((#612));
#237=ADVANCED_FACE('',(#613),#614,.T.);
#238=PRESENTATION_STYLE_ASSIGNMENT((#615));
#239=ADVANCED_FACE('',(#616),#617,.F.);
#240=PRESENTATION_STYLE_ASSIGNMENT((#618));
#241=MANIFOLD_SOLID_BREP('1770885_4',#619);
#242=PRESENTATION_STYLE_ASSIGNMENT((#620));
#243=ADVANCED_FACE('',(#621),#622,.F.);
#244=PRESENTATION_STYLE_ASSIGNMENT((#623));
#245=ADVANCED_FACE('',(#624),#625,.F.);
#246=PRESENTATION_STYLE_ASSIGNMENT((#626));
#247=ADVANCED_FACE('',(#627),#628,.F.);
#248=PRESENTATION_STYLE_ASSIGNMENT((#629));
#249=ADVANCED_FACE('',(#630),#631,.F.);
#250=PRESENTATION_STYLE_ASSIGNMENT((#632));
#251=ADVANCED_FACE('',(#633),#634,.F.);
#252=PRESENTATION_STYLE_ASSIGNMENT((#635));
#253=ADVANCED_FACE('',(#636),#637,.F.);
#254=PRESENTATION_STYLE_ASSIGNMENT((#638));
#255=ADVANCED_FACE('',(#639),#640,.F.);
#256=PRESENTATION_STYLE_ASSIGNMENT((#641));
#257=ADVANCED_FACE('',(#642),#643,.F.);
#258=PRESENTATION_STYLE_ASSIGNMENT((#644));
#259=ADVANCED_FACE('',(#645),#646,.F.);
#260=PRESENTATION_STYLE_ASSIGNMENT((#647));
#261=ADVANCED_FACE('',(#648),#649,.F.);
#262=PRESENTATION_STYLE_ASSIGNMENT((#650));
#263=ADVANCED_FACE('',(#651),#652,.F.);
#264=PRESENTATION_STYLE_ASSIGNMENT((#653));
#265=ADVANCED_FACE('',(#654),#655,.F.);
#266=PRESENTATION_STYLE_ASSIGNMENT((#656));
#267=ADVANCED_FACE('',(#657),#658,.F.);
#268=PRESENTATION_STYLE_ASSIGNMENT((#659));
#269=ADVANCED_FACE('',(#660),#661,.T.);
#270=PRESENTATION_STYLE_ASSIGNMENT((#662));
#271=ADVANCED_FACE('',(#663),#664,.T.);
#272=PRESENTATION_STYLE_ASSIGNMENT((#665));
#273=ADVANCED_FACE('',(#666),#667,.T.);
#274=PRESENTATION_STYLE_ASSIGNMENT((#668));
#275=ADVANCED_FACE('',(#669),#670,.T.);
#276=PRESENTATION_STYLE_ASSIGNMENT((#671));
#277=ADVANCED_FACE('',(#672),#673,.T.);
#278=PRESENTATION_STYLE_ASSIGNMENT((#674));
#279=ADVANCED_FACE('',(#675),#676,.T.);
#280=PRESENTATION_STYLE_ASSIGNMENT((#677));
#281=ADVANCED_FACE('',(#678),#679,.T.);
#282=PRESENTATION_STYLE_ASSIGNMENT((#680));
#283=ADVANCED_FACE('',(#681),#682,.T.);
#284=PRESENTATION_STYLE_ASSIGNMENT((#683));
#285=ADVANCED_FACE('',(#684),#685,.T.);
#286=PRESENTATION_STYLE_ASSIGNMENT((#686));
#287=ADVANCED_FACE('',(#687),#688,.T.);
#288=PRESENTATION_STYLE_ASSIGNMENT((#689));
#289=ADVANCED_FACE('',(#690),#691,.T.);
#290=PRESENTATION_STYLE_ASSIGNMENT((#692));
#291=ADVANCED_FACE('',(#693),#694,.T.);
#292=PRESENTATION_STYLE_ASSIGNMENT((#695));
#293=ADVANCED_FACE('',(#696),#697,.T.);
#294=PRESENTATION_STYLE_ASSIGNMENT((#698));
#295=ADVANCED_FACE('',(#699),#700,.T.);
#296=PRESENTATION_STYLE_ASSIGNMENT((#701));
#297=ADVANCED_FACE('',(#702),#703,.T.);
#298=PRESENTATION_STYLE_ASSIGNMENT((#704));
#299=ADVANCED_FACE('',(#705),#706,.T.);
#300=PRESENTATION_STYLE_ASSIGNMENT((#707));
#301=ADVANCED_FACE('',(#708),#709,.F.);
#302=PRESENTATION_STYLE_ASSIGNMENT((#710));
#303=ADVANCED_FACE('',(#711),#712,.F.);
#304=PRESENTATION_STYLE_ASSIGNMENT((#713));
#305=ADVANCED_FACE('',(#714),#715,.T.);
#306=PRESENTATION_STYLE_ASSIGNMENT((#716));
#307=ADVANCED_FACE('',(#717),#718,.F.);
#308=PRESENTATION_STYLE_ASSIGNMENT((#719));
#309=ADVANCED_FACE('',(#720),#721,.F.);
#310=PRESENTATION_STYLE_ASSIGNMENT((#722));
#311=ADVANCED_FACE('',(#723),#724,.F.);
#312=PRESENTATION_STYLE_ASSIGNMENT((#725));
#313=ADVANCED_FACE('',(#726),#727,.F.);
#314=PRESENTATION_STYLE_ASSIGNMENT((#728));
#315=ADVANCED_FACE('',(#729),#730,.T.);
#316=PRESENTATION_STYLE_ASSIGNMENT((#731));
#317=ADVANCED_FACE('',(#732),#733,.F.);
#318=PRESENTATION_STYLE_ASSIGNMENT((#734));
#319=ADVANCED_FACE('',(#735),#736,.F.);
#320=PRESENTATION_STYLE_ASSIGNMENT((#737));
#321=ADVANCED_FACE('',(#738),#739,.F.);
#322=PRESENTATION_STYLE_ASSIGNMENT((#740));
#323=ADVANCED_FACE('',(#741),#742,.F.);
#324=PRESENTATION_STYLE_ASSIGNMENT((#743));
#325=ADVANCED_FACE('',(#744),#745,.F.);
#326=PRESENTATION_STYLE_ASSIGNMENT((#746));
#327=ADVANCED_FACE('',(#747),#748,.F.);
#328=PRESENTATION_STYLE_ASSIGNMENT((#749));
#329=ADVANCED_FACE('',(#750),#751,.F.);
#330=PRESENTATION_STYLE_ASSIGNMENT((#752));
#331=ADVANCED_FACE('',(#753),#754,.T.);
#332=PRESENTATION_STYLE_ASSIGNMENT((#755));
#333=ADVANCED_FACE('',(#756),#757,.F.);
#334=PRESENTATION_STYLE_ASSIGNMENT((#758));
#335=ADVANCED_FACE('',(#759),#760,.T.);
#336=PRESENTATION_STYLE_ASSIGNMENT((#761));
#337=ADVANCED_FACE('',(#762),#763,.F.);
#338=PRESENTATION_STYLE_ASSIGNMENT((#764));
#339=ADVANCED_FACE('',(#765),#766,.T.);
#340=PRESENTATION_STYLE_ASSIGNMENT((#767));
#341=ADVANCED_FACE('',(#768),#769,.F.);
#342=PRESENTATION_STYLE_ASSIGNMENT((#770));
#343=ADVANCED_FACE('',(#771),#772,.F.);
#344=PRESENTATION_STYLE_ASSIGNMENT((#773));
#345=ADVANCED_FACE('',(#774),#775,.F.);
#346=PRESENTATION_STYLE_ASSIGNMENT((#776));
#347=ADVANCED_FACE('',(#777),#778,.F.);
#348=PRESENTATION_STYLE_ASSIGNMENT((#779));
#349=ADVANCED_FACE('',(#780),#781,.F.);
#350=PRESENTATION_STYLE_ASSIGNMENT((#782));
#351=ADVANCED_FACE('',(#783),#784,.F.);
#352=PRESENTATION_STYLE_ASSIGNMENT((#785));
#353=ADVANCED_FACE('',(#786),#787,.F.);
#354=PRESENTATION_STYLE_ASSIGNMENT((#788));
#355=ADVANCED_FACE('',(#789),#790,.T.);
#356=PRESENTATION_STYLE_ASSIGNMENT((#791));
#357=ADVANCED_FACE('',(#792),#793,.T.);
#358=PRESENTATION_STYLE_ASSIGNMENT((#794));
#359=ADVANCED_FACE('',(#795),#796,.T.);
#360=PRESENTATION_STYLE_ASSIGNMENT((#797));
#361=ADVANCED_FACE('',(#798),#799,.F.);
#362=PRESENTATION_STYLE_ASSIGNMENT((#800));
#363=ADVANCED_FACE('',(#801),#802,.T.);
#364=PRESENTATION_STYLE_ASSIGNMENT((#803));
#365=ADVANCED_FACE('',(#804),#805,.F.);
#366=PRESENTATION_STYLE_ASSIGNMENT((#806));
#367=ADVANCED_FACE('',(#807),#808,.T.);
#368=PRESENTATION_STYLE_ASSIGNMENT((#809));
#369=ADVANCED_FACE('',(#810),#811,.F.);
#370=PRESENTATION_STYLE_ASSIGNMENT((#812));
#371=ADVANCED_FACE('',(#813),#814,.T.);
#372=PRESENTATION_STYLE_ASSIGNMENT((#815));
#373=ADVANCED_FACE('',(#816),#817,.F.);
#374=PRESENTATION_STYLE_ASSIGNMENT((#818));
#375=ADVANCED_FACE('',(#819),#820,.F.);
#376=PRESENTATION_STYLE_ASSIGNMENT((#821));
#377=ADVANCED_FACE('',(#822),#823,.F.);
#378=PRESENTATION_STYLE_ASSIGNMENT((#824));
#379=ADVANCED_FACE('',(#825),#826,.T.);
#380=PRESENTATION_STYLE_ASSIGNMENT((#827));
#381=ADVANCED_FACE('',(#828),#829,.F.);
#382=PRESENTATION_STYLE_ASSIGNMENT((#830));
#383=ADVANCED_FACE('',(#831),#832,.F.);
#384=PRESENTATION_STYLE_ASSIGNMENT((#833));
#385=ADVANCED_FACE('',(#834),#835,.F.);
#386=PRESENTATION_STYLE_ASSIGNMENT((#836));
#387=ADVANCED_FACE('',(#837),#838,.F.);
#388=PRESENTATION_STYLE_ASSIGNMENT((#839));
#389=ADVANCED_FACE('',(#840,#841,#842,#843,#844),#845,.T.);
#390=PRESENTATION_STYLE_ASSIGNMENT((#846));
#391=ADVANCED_FACE('',(#847,#848,#849),#850,.T.);
#392=PRESENTATION_STYLE_ASSIGNMENT((#851));
#393=ADVANCED_FACE('',(#852),#853,.T.);
#394=PRESENTATION_STYLE_ASSIGNMENT((#854));
#395=ADVANCED_FACE('',(#855,#856,#857,#858,#859),#860,.T.);
#396=PRESENTATION_STYLE_ASSIGNMENT((#861));
#397=ADVANCED_FACE('',(#862),#863,.F.);
#398=PRESENTATION_STYLE_ASSIGNMENT((#864));
#399=ADVANCED_FACE('',(#865),#866,.T.);
#400=PRESENTATION_STYLE_ASSIGNMENT((#867));
#401=ADVANCED_FACE('',(#868),#869,.F.);
#402=PRESENTATION_STYLE_ASSIGNMENT((#870));
#403=ADVANCED_FACE('',(#871),#872,.F.);
#404=PRESENTATION_STYLE_ASSIGNMENT((#873));
#405=ADVANCED_FACE('',(#874),#875,.F.);
#406=PRESENTATION_STYLE_ASSIGNMENT((#876));
#407=ADVANCED_FACE('',(#877),#878,.F.);
#408=PRESENTATION_STYLE_ASSIGNMENT((#879));
#409=ADVANCED_FACE('',(#880),#881,.T.);
#410=PRESENTATION_STYLE_ASSIGNMENT((#882));
#411=ADVANCED_FACE('',(#883),#884,.F.);
#412=PRESENTATION_STYLE_ASSIGNMENT((#885));
#413=ADVANCED_FACE('',(#886),#887,.T.);
#414=PRESENTATION_STYLE_ASSIGNMENT((#888));
#415=ADVANCED_FACE('',(#889),#890,.T.);
#416=PRESENTATION_STYLE_ASSIGNMENT((#891));
#417=ADVANCED_FACE('',(#892),#893,.F.);
#418=PRESENTATION_STYLE_ASSIGNMENT((#894));
#419=ADVANCED_FACE('',(#895),#896,.F.);
#420=PRESENTATION_STYLE_ASSIGNMENT((#897));
#421=ADVANCED_FACE('',(#898),#899,.F.);
#422=PRESENTATION_STYLE_ASSIGNMENT((#900));
#423=ADVANCED_FACE('',(#901),#902,.F.);
#424=PRESENTATION_STYLE_ASSIGNMENT((#903));
#425=ADVANCED_FACE('',(#904),#905,.F.);
#426=PRESENTATION_STYLE_ASSIGNMENT((#906));
#427=ADVANCED_FACE('',(#907),#908,.F.);
#428=PRESENTATION_STYLE_ASSIGNMENT((#909));
#429=ADVANCED_FACE('',(#910),#911,.T.);
#430=PRESENTATION_STYLE_ASSIGNMENT((#912));
#431=ADVANCED_FACE('',(#913),#914,.T.);
#432=PRESENTATION_STYLE_ASSIGNMENT((#915));
#433=ADVANCED_FACE('',(#916),#917,.T.);
#434=PRESENTATION_STYLE_ASSIGNMENT((#918));
#435=ADVANCED_FACE('',(#919),#920,.T.);
#436=PRESENTATION_STYLE_ASSIGNMENT((#921));
#437=ADVANCED_FACE('',(#922),#923,.T.);
#438=PRESENTATION_STYLE_ASSIGNMENT((#924));
#439=ADVANCED_FACE('',(#925),#926,.T.);
#440=PRESENTATION_STYLE_ASSIGNMENT((#927));
#441=ADVANCED_FACE('',(#928),#929,.T.);
#442=PRESENTATION_STYLE_ASSIGNMENT((#930));
#443=ADVANCED_FACE('',(#931),#932,.T.);
#444=PRESENTATION_STYLE_ASSIGNMENT((#933));
#445=ADVANCED_FACE('',(#934),#935,.T.);
#446=PRESENTATION_STYLE_ASSIGNMENT((#936));
#447=ADVANCED_FACE('',(#937),#938,.T.);
#448=PRESENTATION_STYLE_ASSIGNMENT((#939));
#449=ADVANCED_FACE('',(#940),#941,.T.);
#450=PRESENTATION_STYLE_ASSIGNMENT((#942));
#451=ADVANCED_FACE('',(#943),#944,.T.);
#452=PRESENTATION_STYLE_ASSIGNMENT((#945));
#453=ADVANCED_FACE('',(#946),#947,.T.);
#454=PRESENTATION_STYLE_ASSIGNMENT((#948));
#455=ADVANCED_FACE('',(#949),#950,.T.);
#456=PRESENTATION_STYLE_ASSIGNMENT((#951));
#457=ADVANCED_FACE('',(#952),#953,.T.);
#458=PRESENTATION_STYLE_ASSIGNMENT((#954));
#459=ADVANCED_FACE('',(#955),#956,.T.);
#460=PRESENTATION_STYLE_ASSIGNMENT((#957));
#461=ADVANCED_FACE('',(#958),#959,.T.);
#462=PRESENTATION_STYLE_ASSIGNMENT((#960));
#463=ADVANCED_FACE('',(#961),#962,.T.);
#464=PRESENTATION_STYLE_ASSIGNMENT((#963));
#465=ADVANCED_FACE('',(#964),#965,.T.);
#466=PRESENTATION_STYLE_ASSIGNMENT((#966));
#467=ADVANCED_FACE('',(#967),#968,.F.);
#468=PRESENTATION_STYLE_ASSIGNMENT((#969));
#469=ADVANCED_FACE('',(#970),#971,.F.);
#470=PRESENTATION_STYLE_ASSIGNMENT((#972));
#471=ADVANCED_FACE('',(#973),#974,.F.);
#472=PRESENTATION_STYLE_ASSIGNMENT((#975));
#473=ADVANCED_FACE('',(#976),#977,.F.);
#474=PRESENTATION_STYLE_ASSIGNMENT((#978));
#475=ADVANCED_FACE('',(#979),#980,.F.);
#476=PRESENTATION_STYLE_ASSIGNMENT((#981));
#477=ADVANCED_FACE('',(#982),#983,.F.);
#478=PRESENTATION_STYLE_ASSIGNMENT((#984));
#479=ADVANCED_FACE('',(#985),#986,.F.);
#480=PRESENTATION_STYLE_ASSIGNMENT((#987));
#481=ADVANCED_FACE('',(#988),#989,.F.);
#482=PRESENTATION_STYLE_ASSIGNMENT((#990));
#483=ADVANCED_FACE('',(#991),#992,.T.);
#484=PRESENTATION_STYLE_ASSIGNMENT((#993));
#485=ADVANCED_FACE('',(#994),#995,.T.);
#486=PRESENTATION_STYLE_ASSIGNMENT((#996));
#487=ADVANCED_FACE('',(#997),#998,.F.);
#488=PRESENTATION_STYLE_ASSIGNMENT((#999));
#489=ADVANCED_FACE('',(#1000),#1001,.T.);
#490=PRESENTATION_STYLE_ASSIGNMENT((#1002));
#491=ADVANCED_FACE('',(#1003),#1004,.F.);
#492=PRESENTATION_STYLE_ASSIGNMENT((#1005));
#493=ADVANCED_FACE('',(#1006),#1007,.F.);
#494=PRESENTATION_STYLE_ASSIGNMENT((#1008));
#495=ADVANCED_FACE('',(#1009),#1010,.F.);
#496=PRESENTATION_STYLE_ASSIGNMENT((#1011));
#497=ADVANCED_FACE('',(#1012),#1013,.F.);
#498=PRESENTATION_STYLE_ASSIGNMENT((#1014));
#499=ADVANCED_FACE('',(#1015),#1016,.T.);
#500=PRESENTATION_STYLE_ASSIGNMENT((#1017));
#501=ADVANCED_FACE('',(#1018),#1019,.F.);
#502=PRESENTATION_STYLE_ASSIGNMENT((#1020));
#503=ADVANCED_FACE('',(#1021),#1022,.F.);
#504=PRESENTATION_STYLE_ASSIGNMENT((#1023));
#505=ADVANCED_FACE('',(#1024),#1025,.F.);
#506=PRESENTATION_STYLE_ASSIGNMENT((#1026));
#507=ADVANCED_FACE('',(#1027),#1028,.F.);
#508=PRESENTATION_STYLE_ASSIGNMENT((#1029));
#509=ADVANCED_FACE('',(#1030),#1031,.F.);
#510=PRESENTATION_STYLE_ASSIGNMENT((#1032));
#511=ADVANCED_FACE('',(#1033),#1034,.F.);
#512=PRESENTATION_STYLE_ASSIGNMENT((#1035));
#513=ADVANCED_FACE('',(#1036),#1037,.F.);
#514=PRESENTATION_STYLE_ASSIGNMENT((#1038));
#515=ADVANCED_FACE('',(#1039),#1040,.F.);
#516=PRESENTATION_STYLE_ASSIGNMENT((#1041));
#517=ADVANCED_FACE('',(#1042),#1043,.F.);
#518=PRESENTATION_STYLE_ASSIGNMENT((#1044));
#519=ADVANCED_FACE('',(#1045),#1046,.F.);
#520=PRESENTATION_STYLE_ASSIGNMENT((#1047));
#521=ADVANCED_FACE('',(#1048),#1049,.F.);
#522=PRESENTATION_STYLE_ASSIGNMENT((#1050));
#523=ADVANCED_FACE('',(#1051),#1052,.F.);
#524=PRESENTATION_STYLE_ASSIGNMENT((#1053));
#525=ADVANCED_FACE('',(#1054),#1055,.F.);
#526=PRESENTATION_STYLE_ASSIGNMENT((#1056));
#527=ADVANCED_FACE('',(#1057),#1058,.F.);
#528=PRESENTATION_STYLE_ASSIGNMENT((#1059));
#529=ADVANCED_FACE('',(#1060),#1061,.F.);
#530=PRESENTATION_STYLE_ASSIGNMENT((#1062));
#531=ADVANCED_FACE('',(#1063),#1064,.F.);
#532=PRESENTATION_STYLE_ASSIGNMENT((#1065));
#533=ADVANCED_FACE('',(#1066),#1067,.F.);
#534=PRESENTATION_STYLE_ASSIGNMENT((#1068));
#535=ADVANCED_FACE('',(#1069),#1070,.F.);
#536=PRESENTATION_STYLE_ASSIGNMENT((#1071));
#537=ADVANCED_FACE('',(#1072),#1073,.T.);
#538=PRESENTATION_STYLE_ASSIGNMENT((#1074));
#539=ADVANCED_FACE('',(#1075),#1076,.F.);
#540=PRESENTATION_STYLE_ASSIGNMENT((#1077));
#541=ADVANCED_FACE('',(#1078),#1079,.F.);
#542=PRESENTATION_STYLE_ASSIGNMENT((#1080));
#543=MANIFOLD_SOLID_BREP('1770885_5',#1081);
#544=PRODUCT('1770885_1','','PART--DESC',(#1082));
#545=PRODUCT_DEFINITION('','NONE',#1083,#2);
#546=AXIS2_PLACEMENT_3D('',#1084,#1085,#1086);
#547=AXIS2_PLACEMENT_3D('',#1087,#1088,#1089);
#548=AXIS2_PLACEMENT_3D('',#1090,#1091,#1092);
#549=AXIS2_PLACEMENT_3D('',#1093,#1094,#1095);
#550=AXIS2_PLACEMENT_3D('',#1096,#1097,#1098);
#553=LENGTH_MEASURE_WITH_UNIT(LENGTH_MEASURE(1.0),#1099);
#556=DIMENSIONAL_EXPONENTS(1.0,0.0,0.0,0.0,0.0,0.0,0.0);
#558=DIMENSIONAL_EXPONENTS(0.0,0.0,0.0,0.0,0.0,0.0,0.0);
#564=SURFACE_STYLE_USAGE(.BOTH.,#1100);
#565=FACE_OUTER_BOUND('',#1101,.T.);
#566=CYLINDRICAL_SURFACE('',#1102,0.6);
#567=SURFACE_STYLE_USAGE(.BOTH.,#1103);
#568=FACE_OUTER_BOUND('',#1104,.T.);
#569=CYLINDRICAL_SURFACE('',#1105,0.6);
#570=SURFACE_STYLE_USAGE(.BOTH.,#1106);
#571=FACE_OUTER_BOUND('',#1107,.T.);
#572=PLANE('',#1108);
#573=SURFACE_STYLE_USAGE(.BOTH.,#1109);
#574=FACE_OUTER_BOUND('',#1110,.T.);
#575=PLANE('',#1111);
#576=SURFACE_STYLE_USAGE(.BOTH.,#1112);
#577=CLOSED_SHELL('',(#203,#205,#207,#209));
#578=SURFACE_STYLE_USAGE(.BOTH.,#1113);
#579=FACE_OUTER_BOUND('',#1114,.T.);
#580=CYLINDRICAL_SURFACE('',#1115,0.6);
#581=SURFACE_STYLE_USAGE(.BOTH.,#1116);
#582=FACE_OUTER_BOUND('',#1117,.T.);
#583=CYLINDRICAL_SURFACE('',#1118,0.6);
#584=SURFACE_STYLE_USAGE(.BOTH.,#1119);
#585=FACE_OUTER_BOUND('',#1120,.T.);
#586=PLANE('',#1121);
#587=SURFACE_STYLE_USAGE(.BOTH.,#1122);
#588=FACE_OUTER_BOUND('',#1123,.T.);
#589=PLANE('',#1124);
#590=SURFACE_STYLE_USAGE(.BOTH.,#1125);
#591=CLOSED_SHELL('',(#213,#215,#217,#219));
#592=SURFACE_STYLE_USAGE(.BOTH.,#1126);
#593=FACE_OUTER_BOUND('',#1127,.T.);
#594=CYLINDRICAL_SURFACE('',#1128,0.6);
#595=SURFACE_STYLE_USAGE(.BOTH.,#1129);
#596=FACE_OUTER_BOUND('',#1130,.T.);
#597=CYLINDRICAL_SURFACE('',#1131,0.6);
#598=SURFACE_STYLE_USAGE(.BOTH.,#1132);
#599=FACE_OUTER_BOUND('',#1133,.T.);
#600=PLANE('',#1134);
#601=SURFACE_STYLE_USAGE(.BOTH.,#1135);
#602=FACE_OUTER_BOUND('',#1136,.T.);
#603=PLANE('',#1137);
#604=SURFACE_STYLE_USAGE(.BOTH.,#1138);
#605=CLOSED_SHELL('',(#223,#225,#227,#229));
#606=SURFACE_STYLE_USAGE(.BOTH.,#1139);
#607=FACE_OUTER_BOUND('',#1140,.T.);
#608=CYLINDRICAL_SURFACE('',#1141,0.6);
#609=SURFACE_STYLE_USAGE(.BOTH.,#1142);
#610=FACE_OUTER_BOUND('',#1143,.T.);
#611=CYLINDRICAL_SURFACE('',#1144,0.6);
#612=SURFACE_STYLE_USAGE(.BOTH.,#1145);
#613=FACE_OUTER_BOUND('',#1146,.T.);
#614=PLANE('',#1147);
#615=SURFACE_STYLE_USAGE(.BOTH.,#1148);
#616=FACE_OUTER_BOUND('',#1149,.T.);
#617=PLANE('',#1150);
#618=SURFACE_STYLE_USAGE(.BOTH.,#1151);
#619=CLOSED_SHELL('',(#233,#235,#237,#239));
#620=SURFACE_STYLE_USAGE(.BOTH.,#1152);
#621=FACE_OUTER_BOUND('',#1153,.T.);
#622=CYLINDRICAL_SURFACE('',#1154,1.1);
#623=SURFACE_STYLE_USAGE(.BOTH.,#1155);
#624=FACE_OUTER_BOUND('',#1156,.T.);
#625=CONICAL_SURFACE('',#1157,1.0,0.523598775598299);
#626=SURFACE_STYLE_USAGE(.BOTH.,#1158);
#627=FACE_OUTER_BOUND('',#1159,.T.);
#628=CYLINDRICAL_SURFACE('',#1160,1.4);
#629=SURFACE_STYLE_USAGE(.BOTH.,#1161);
#630=FACE_OUTER_BOUND('',#1162,.T.);
#631=CONICAL_SURFACE('',#1163,1.0,0.523598775598298);
#632=SURFACE_STYLE_USAGE(.BOTH.,#1164);
#633=FACE_OUTER_BOUND('',#1165,.T.);
#634=CONICAL_SURFACE('',#1166,1.0,0.523598775598298);
#635=SURFACE_STYLE_USAGE(.BOTH.,#1167);
#636=FACE_OUTER_BOUND('',#1168,.T.);
#637=CYLINDRICAL_SURFACE('',#1169,1.1);
#638=SURFACE_STYLE_USAGE(.BOTH.,#1170);
#639=FACE_OUTER_BOUND('',#1171,.T.);
#640=CONICAL_SURFACE('',#1172,1.0,0.523598775598299);
#641=SURFACE_STYLE_USAGE(.BOTH.,#1173);
#642=FACE_OUTER_BOUND('',#1174,.T.);
#643=CYLINDRICAL_SURFACE('',#1175,1.4);
#644=SURFACE_STYLE_USAGE(.BOTH.,#1176);
#645=FACE_OUTER_BOUND('',#1177,.T.);
#646=CYLINDRICAL_SURFACE('',#1178,1.4);
#647=SURFACE_STYLE_USAGE(.BOTH.,#1179);
#648=FACE_OUTER_BOUND('',#1180,.T.);
#649=CYLINDRICAL_SURFACE('',#1181,1.4);
#650=SURFACE_STYLE_USAGE(.BOTH.,#1182);
#651=FACE_OUTER_BOUND('',#1183,.T.);
#652=PLANE('',#1184);
#653=SURFACE_STYLE_USAGE(.BOTH.,#1185);
#654=FACE_OUTER_BOUND('',#1186,.T.);
#655=CYLINDRICAL_SURFACE('',#1187,0.1);
#656=SURFACE_STYLE_USAGE(.BOTH.,#1188);
#657=FACE_OUTER_BOUND('',#1189,.T.);
#658=CYLINDRICAL_SURFACE('',#1190,0.1);
#659=SURFACE_STYLE_USAGE(.BOTH.,#1191);
#660=FACE_OUTER_BOUND('',#1192,.T.);
#661=PLANE('',#1193);
#662=SURFACE_STYLE_USAGE(.BOTH.,#1194);
#663=FACE_OUTER_BOUND('',#1195,.T.);
#664=PLANE('',#1196);
#665=SURFACE_STYLE_USAGE(.BOTH.,#1197);
#666=FACE_OUTER_BOUND('',#1198,.T.);
#667=PLANE('',#1199);
#668=SURFACE_STYLE_USAGE(.BOTH.,#1200);
#669=FACE_OUTER_BOUND('',#1201,.T.);
#670=PLANE('',#1202);
#671=SURFACE_STYLE_USAGE(.BOTH.,#1203);
#672=FACE_OUTER_BOUND('',#1204,.T.);
#673=CYLINDRICAL_SURFACE('',#1205,0.2);
#674=SURFACE_STYLE_USAGE(.BOTH.,#1206);
#675=FACE_OUTER_BOUND('',#1207,.T.);
#676=PLANE('',#1208);
#677=SURFACE_STYLE_USAGE(.BOTH.,#1209);
#678=FACE_OUTER_BOUND('',#1210,.T.);
#679=CYLINDRICAL_SURFACE('',#1211,0.2);
#680=SURFACE_STYLE_USAGE(.BOTH.,#1212);
#681=FACE_OUTER_BOUND('',#1213,.T.);
#682=PLANE('',#1214);
#683=SURFACE_STYLE_USAGE(.BOTH.,#1215);
#684=FACE_OUTER_BOUND('',#1216,.T.);
#685=PLANE('',#1217);
#686=SURFACE_STYLE_USAGE(.BOTH.,#1218);
#687=FACE_OUTER_BOUND('',#1219,.T.);
#688=PLANE('',#1220);
#689=SURFACE_STYLE_USAGE(.BOTH.,#1221);
#690=FACE_OUTER_BOUND('',#1222,.T.);
#691=PLANE('',#1223);
#692=SURFACE_STYLE_USAGE(.BOTH.,#1224);
#693=FACE_OUTER_BOUND('',#1225,.T.);
#694=CYLINDRICAL_SURFACE('',#1226,0.2);
#695=SURFACE_STYLE_USAGE(.BOTH.,#1227);
#696=FACE_OUTER_BOUND('',#1228,.T.);
#697=PLANE('',#1229);
#698=SURFACE_STYLE_USAGE(.BOTH.,#1230);
#699=FACE_OUTER_BOUND('',#1231,.T.);
#700=CYLINDRICAL_SURFACE('',#1232,0.2);
#701=SURFACE_STYLE_USAGE(.BOTH.,#1233);
#702=FACE_OUTER_BOUND('',#1234,.T.);
#703=PLANE('',#1235);
#704=SURFACE_STYLE_USAGE(.BOTH.,#1236);
#705=FACE_OUTER_BOUND('',#1237,.T.);
#706=PLANE('',#1238);
#707=SURFACE_STYLE_USAGE(.BOTH.,#1239);
#708=FACE_OUTER_BOUND('',#1240,.T.);
#709=CYLINDRICAL_SURFACE('',#1241,1.4);
#710=SURFACE_STYLE_USAGE(.BOTH.,#1242);
#711=FACE_OUTER_BOUND('',#1243,.T.);
#712=PLANE('',#1244);
#713=SURFACE_STYLE_USAGE(.BOTH.,#1245);
#714=FACE_OUTER_BOUND('',#1246,.T.);
#715=PLANE('',#1247);
#716=SURFACE_STYLE_USAGE(.BOTH.,#1248);
#717=FACE_OUTER_BOUND('',#1249,.T.);
#718=CYLINDRICAL_SURFACE('',#1250,1.4);
#719=SURFACE_STYLE_USAGE(.BOTH.,#1251);
#720=FACE_OUTER_BOUND('',#1252,.T.);
#721=CYLINDRICAL_SURFACE('',#1253,0.5);
#722=SURFACE_STYLE_USAGE(.BOTH.,#1254);
#723=FACE_OUTER_BOUND('',#1255,.T.);
#724=CYLINDRICAL_SURFACE('',#1256,1.4);
#725=SURFACE_STYLE_USAGE(.BOTH.,#1257);
#726=FACE_OUTER_BOUND('',#1258,.T.);
#727=CONICAL_SURFACE('',#1259,1.0,0.523598775598299);
#728=SURFACE_STYLE_USAGE(.BOTH.,#1260);
#729=FACE_OUTER_BOUND('',#1261,.T.);
#730=PLANE('',#1262);
#731=SURFACE_STYLE_USAGE(.BOTH.,#1263);
#732=FACE_OUTER_BOUND('',#1264,.T.);
#733=CYLINDRICAL_SURFACE('',#1265,0.2);
#734=SURFACE_STYLE_USAGE(.BOTH.,#1266);
#735=FACE_OUTER_BOUND('',#1267,.T.);
#736=CONICAL_SURFACE('',#1268,1.0,0.523598775598299);
#737=SURFACE_STYLE_USAGE(.BOTH.,#1269);
#738=FACE_OUTER_BOUND('',#1270,.T.);
#739=CYLINDRICAL_SURFACE('',#1271,1.1);
#740=SURFACE_STYLE_USAGE(.BOTH.,#1272);
#741=FACE_OUTER_BOUND('',#1273,.T.);
#742=CYLINDRICAL_SURFACE('',#1274,0.200000000000001);
#743=SURFACE_STYLE_USAGE(.BOTH.,#1275);
#744=FACE_OUTER_BOUND('',#1276,.T.);
#745=CYLINDRICAL_SURFACE('',#1277,0.2);
#746=SURFACE_STYLE_USAGE(.BOTH.,#1278);
#747=FACE_OUTER_BOUND('',#1279,.T.);
#748=CYLINDRICAL_SURFACE('',#1280,0.200000000000001);
#749=SURFACE_STYLE_USAGE(.BOTH.,#1281);
#750=FACE_OUTER_BOUND('',#1282,.T.);
#751=PLANE('',#1283);
#752=SURFACE_STYLE_USAGE(.BOTH.,#1284);
#753=FACE_OUTER_BOUND('',#1285,.T.);
#754=PLANE('',#1286);
#755=SURFACE_STYLE_USAGE(.BOTH.,#1287);
#756=FACE_OUTER_BOUND('',#1288,.T.);
#757=CYLINDRICAL_SURFACE('',#1289,0.200000000000001);
#758=SURFACE_STYLE_USAGE(.BOTH.,#1290);
#759=FACE_OUTER_BOUND('',#1291,.T.);
#760=PLANE('',#1292);
#761=SURFACE_STYLE_USAGE(.BOTH.,#1293);
#762=FACE_OUTER_BOUND('',#1294,.T.);
#763=CYLINDRICAL_SURFACE('',#1295,1.1);
#764=SURFACE_STYLE_USAGE(.BOTH.,#1296);
#765=FACE_OUTER_BOUND('',#1297,.T.);
#766=PLANE('',#1298);
#767=SURFACE_STYLE_USAGE(.BOTH.,#1299);
#768=FACE_OUTER_BOUND('',#1300,.T.);
#769=CYLINDRICAL_SURFACE('',#1301,1.1);
#770=SURFACE_STYLE_USAGE(.BOTH.,#1302);
#771=FACE_OUTER_BOUND('',#1303,.T.);
#772=CONICAL_SURFACE('',#1304,1.0,0.523598775598299);
#773=SURFACE_STYLE_USAGE(.BOTH.,#1305);
#774=FACE_OUTER_BOUND('',#1306,.T.);
#775=CONICAL_SURFACE('',#1307,1.0,0.523598775598298);
#776=SURFACE_STYLE_USAGE(.BOTH.,#1308);
#777=FACE_OUTER_BOUND('',#1309,.T.);
#778=PLANE('',#1310);
#779=SURFACE_STYLE_USAGE(.BOTH.,#1311);
#780=FACE_OUTER_BOUND('',#1312,.T.);
#781=CYLINDRICAL_SURFACE('',#1313,0.5);
#782=SURFACE_STYLE_USAGE(.BOTH.,#1314);
#783=FACE_OUTER_BOUND('',#1315,.T.);
#784=PLANE('',#1316);
#785=SURFACE_STYLE_USAGE(.BOTH.,#1317);
#786=FACE_OUTER_BOUND('',#1318,.T.);
#787=PLANE('',#1319);
#788=SURFACE_STYLE_USAGE(.BOTH.,#1320);
#789=FACE_OUTER_BOUND('',#1321,.T.);
#790=PLANE('',#1322);
#791=SURFACE_STYLE_USAGE(.BOTH.,#1323);
#792=FACE_OUTER_BOUND('',#1324,.T.);
#793=PLANE('',#1325);
#794=SURFACE_STYLE_USAGE(.BOTH.,#1326);
#795=FACE_OUTER_BOUND('',#1327,.T.);
#796=PLANE('',#1328);
#797=SURFACE_STYLE_USAGE(.BOTH.,#1329);
#798=FACE_OUTER_BOUND('',#1330,.T.);
#799=CYLINDRICAL_SURFACE('',#1331,0.1);
#800=SURFACE_STYLE_USAGE(.BOTH.,#1332);
#801=FACE_OUTER_BOUND('',#1333,.T.);
#802=PLANE('',#1334);
#803=SURFACE_STYLE_USAGE(.BOTH.,#1335);
#804=FACE_OUTER_BOUND('',#1336,.T.);
#805=CYLINDRICAL_SURFACE('',#1337,0.1);
#806=SURFACE_STYLE_USAGE(.BOTH.,#1338);
#807=FACE_OUTER_BOUND('',#1339,.T.);
#808=PLANE('',#1340);
#809=SURFACE_STYLE_USAGE(.BOTH.,#1341);
#810=FACE_OUTER_BOUND('',#1342,.T.);
#811=CYLINDRICAL_SURFACE('',#1343,0.1);
#812=SURFACE_STYLE_USAGE(.BOTH.,#1344);
#813=FACE_OUTER_BOUND('',#1345,.T.);
#814=CYLINDRICAL_SURFACE('',#1346,0.3);
#815=SURFACE_STYLE_USAGE(.BOTH.,#1347);
#816=FACE_OUTER_BOUND('',#1348,.T.);
#817=PLANE('',#1349);
#818=SURFACE_STYLE_USAGE(.BOTH.,#1350);
#819=FACE_OUTER_BOUND('',#1351,.T.);
#820=CYLINDRICAL_SURFACE('',#1352,0.1);
#821=SURFACE_STYLE_USAGE(.BOTH.,#1353);
#822=FACE_OUTER_BOUND('',#1354,.T.);
#823=PLANE('',#1355);
#824=SURFACE_STYLE_USAGE(.BOTH.,#1356);
#825=FACE_OUTER_BOUND('',#1357,.T.);
#826=PLANE('',#1358);
#827=SURFACE_STYLE_USAGE(.BOTH.,#1359);
#828=FACE_OUTER_BOUND('',#1360,.T.);
#829=CYLINDRICAL_SURFACE('',#1361,0.1);
#830=SURFACE_STYLE_USAGE(.BOTH.,#1362);
#831=FACE_OUTER_BOUND('',#1363,.T.);
#832=PLANE('',#1364);
#833=SURFACE_STYLE_USAGE(.BOTH.,#1365);
#834=FACE_OUTER_BOUND('',#1366,.T.);
#835=CYLINDRICAL_SURFACE('',#1367,0.1);
#836=SURFACE_STYLE_USAGE(.BOTH.,#1368);
#837=FACE_OUTER_BOUND('',#1369,.T.);
#838=PLANE('',#1370);
#839=SURFACE_STYLE_USAGE(.BOTH.,#1371);
#840=FACE_OUTER_BOUND('',#1372,.T.);
#841=FACE_BOUND('',#1373,.T.);
#842=FACE_BOUND('',#1374,.T.);
#843=FACE_BOUND('',#1375,.T.);
#844=FACE_BOUND('',#1376,.T.);
#845=PLANE('',#1377);
#846=SURFACE_STYLE_USAGE(.BOTH.,#1378);
#847=FACE_OUTER_BOUND('',#1379,.T.);
#848=FACE_BOUND('',#1380,.T.);
#849=FACE_BOUND('',#1381,.T.);
#850=PLANE('',#1382);
#851=SURFACE_STYLE_USAGE(.BOTH.,#1383);
#852=FACE_OUTER_BOUND('',#1384,.T.);
#853=PLANE('',#1385);
#854=SURFACE_STYLE_USAGE(.BOTH.,#1386);
#855=FACE_OUTER_BOUND('',#1387,.T.);
#856=FACE_BOUND('',#1388,.T.);
#857=FACE_BOUND('',#1389,.T.);
#858=FACE_BOUND('',#1390,.T.);
#859=FACE_BOUND('',#1391,.T.);
#860=PLANE('',#1392);
#861=SURFACE_STYLE_USAGE(.BOTH.,#1393);
#862=FACE_OUTER_BOUND('',#1394,.T.);
#863=CONICAL_SURFACE('',#1395,1.0,0.523598775598299);
#864=SURFACE_STYLE_USAGE(.BOTH.,#1396);
#865=FACE_OUTER_BOUND('',#1397,.T.);
#866=PLANE('',#1398);
#867=SURFACE_STYLE_USAGE(.BOTH.,#1399);
#868=FACE_OUTER_BOUND('',#1400,.T.);
#869=CONICAL_SURFACE('',#1401,1.0,0.523598775598298);
#870=SURFACE_STYLE_USAGE(.BOTH.,#1402);
#871=FACE_OUTER_BOUND('',#1403,.T.);
#872=CYLINDRICAL_SURFACE('',#1404,0.1);
#873=SURFACE_STYLE_USAGE(.BOTH.,#1405);
#874=FACE_OUTER_BOUND('',#1406,.T.);
#875=CYLINDRICAL_SURFACE('',#1407,0.1);
#876=SURFACE_STYLE_USAGE(.BOTH.,#1408);
#877=FACE_OUTER_BOUND('',#1409,.T.);
#878=CYLINDRICAL_SURFACE('',#1410,0.1);
#879=SURFACE_STYLE_USAGE(.BOTH.,#1411);
#880=FACE_OUTER_BOUND('',#1412,.T.);
#881=PLANE('',#1413);
#882=SURFACE_STYLE_USAGE(.BOTH.,#1414);
#883=FACE_OUTER_BOUND('',#1415,.T.);
#884=CYLINDRICAL_SURFACE('',#1416,1.1);
#885=SURFACE_STYLE_USAGE(.BOTH.,#1417);
#886=FACE_OUTER_BOUND('',#1418,.T.);
#887=PLANE('',#1419);
#888=SURFACE_STYLE_USAGE(.BOTH.,#1420);
#889=FACE_OUTER_BOUND('',#1421,.T.);
#890=PLANE('',#1422);
#891=SURFACE_STYLE_USAGE(.BOTH.,#1423);
#892=FACE_OUTER_BOUND('',#1424,.T.);
#893=CYLINDRICAL_SURFACE('',#1425,0.5);
#894=SURFACE_STYLE_USAGE(.BOTH.,#1426);
#895=FACE_OUTER_BOUND('',#1427,.T.);
#896=PLANE('',#1428);
#897=SURFACE_STYLE_USAGE(.BOTH.,#1429);
#898=FACE_OUTER_BOUND('',#1430,.T.);
#899=PLANE('',#1431);
#900=SURFACE_STYLE_USAGE(.BOTH.,#1432);
#901=FACE_OUTER_BOUND('',#1433,.T.);
#902=CYLINDRICAL_SURFACE('',#1434,0.200000000000001);
#903=SURFACE_STYLE_USAGE(.BOTH.,#1435);
#904=FACE_OUTER_BOUND('',#1436,.T.);
#905=CONICAL_SURFACE('',#1437,1.0,0.523598775598299);
#906=SURFACE_STYLE_USAGE(.BOTH.,#1438);
#907=FACE_OUTER_BOUND('',#1439,.T.);
#908=CYLINDRICAL_SURFACE('',#1440,1.1);
#909=SURFACE_STYLE_USAGE(.BOTH.,#1441);
#910=FACE_OUTER_BOUND('',#1442,.T.);
#911=PLANE('',#1443);
#912=SURFACE_STYLE_USAGE(.BOTH.,#1444);
#913=FACE_OUTER_BOUND('',#1445,.T.);
#914=PLANE('',#1446);
#915=SURFACE_STYLE_USAGE(.BOTH.,#1447);
#916=FACE_OUTER_BOUND('',#1448,.T.);
#917=PLANE('',#1449);
#918=SURFACE_STYLE_USAGE(.BOTH.,#1450);
#919=FACE_OUTER_BOUND('',#1451,.T.);
#920=PLANE('',#1452);
#921=SURFACE_STYLE_USAGE(.BOTH.,#1453);
#922=FACE_OUTER_BOUND('',#1454,.T.);
#923=PLANE('',#1455);
#924=SURFACE_STYLE_USAGE(.BOTH.,#1456);
#925=FACE_OUTER_BOUND('',#1457,.T.);
#926=CYLINDRICAL_SURFACE('',#1458,0.2);
#927=SURFACE_STYLE_USAGE(.BOTH.,#1459);
#928=FACE_OUTER_BOUND('',#1460,.T.);
#929=PLANE('',#1461);
#930=SURFACE_STYLE_USAGE(.BOTH.,#1462);
#931=FACE_OUTER_BOUND('',#1463,.T.);
#932=CYLINDRICAL_SURFACE('',#1464,0.2);
#933=SURFACE_STYLE_USAGE(.BOTH.,#1465);
#934=FACE_OUTER_BOUND('',#1466,.T.);
#935=PLANE('',#1467);
#936=SURFACE_STYLE_USAGE(.BOTH.,#1468);
#937=FACE_OUTER_BOUND('',#1469,.T.);
#938=PLANE('',#1470);
#939=SURFACE_STYLE_USAGE(.BOTH.,#1471);
#940=FACE_OUTER_BOUND('',#1472,.T.);
#941=PLANE('',#1473);
#942=SURFACE_STYLE_USAGE(.BOTH.,#1474);
#943=FACE_OUTER_BOUND('',#1475,.T.);
#944=PLANE('',#1476);
#945=SURFACE_STYLE_USAGE(.BOTH.,#1477);
#946=FACE_OUTER_BOUND('',#1478,.T.);
#947=CYLINDRICAL_SURFACE('',#1479,0.2);
#948=SURFACE_STYLE_USAGE(.BOTH.,#1480);
#949=FACE_OUTER_BOUND('',#1481,.T.);
#950=PLANE('',#1482);
#951=SURFACE_STYLE_USAGE(.BOTH.,#1483);
#952=FACE_OUTER_BOUND('',#1484,.T.);
#953=CYLINDRICAL_SURFACE('',#1485,0.2);
#954=SURFACE_STYLE_USAGE(.BOTH.,#1486);
#955=FACE_OUTER_BOUND('',#1487,.T.);
#956=PLANE('',#1488);
#957=SURFACE_STYLE_USAGE(.BOTH.,#1489);
#958=FACE_OUTER_BOUND('',#1490,.T.);
#959=PLANE('',#1491);
#960=SURFACE_STYLE_USAGE(.BOTH.,#1492);
#961=FACE_OUTER_BOUND('',#1493,.T.);
#962=PLANE('',#1494);
#963=SURFACE_STYLE_USAGE(.BOTH.,#1495);
#964=FACE_OUTER_BOUND('',#1496,.T.);
#965=PLANE('',#1497);
#966=SURFACE_STYLE_USAGE(.BOTH.,#1498);
#967=FACE_OUTER_BOUND('',#1499,.T.);
#968=PLANE('',#1500);
#969=SURFACE_STYLE_USAGE(.BOTH.,#1501);
#970=FACE_OUTER_BOUND('',#1502,.T.);
#971=CYLINDRICAL_SURFACE('',#1503,0.1);
#972=SURFACE_STYLE_USAGE(.BOTH.,#1504);
#973=FACE_OUTER_BOUND('',#1505,.T.);
#974=PLANE('',#1506);
#975=SURFACE_STYLE_USAGE(.BOTH.,#1507);
#976=FACE_OUTER_BOUND('',#1508,.T.);
#977=CYLINDRICAL_SURFACE('',#1509,0.1);
#978=SURFACE_STYLE_USAGE(.BOTH.,#1510);
#979=FACE_OUTER_BOUND('',#1511,.T.);
#980=CYLINDRICAL_SURFACE('',#1512,0.1);
#981=SURFACE_STYLE_USAGE(.BOTH.,#1513);
#982=FACE_OUTER_BOUND('',#1514,.T.);
#983=PLANE('',#1515);
#984=SURFACE_STYLE_USAGE(.BOTH.,#1516);
#985=FACE_OUTER_BOUND('',#1517,.T.);
#986=CYLINDRICAL_SURFACE('',#1518,0.1);
#987=SURFACE_STYLE_USAGE(.BOTH.,#1519);
#988=FACE_OUTER_BOUND('',#1520,.T.);
#989=PLANE('',#1521);
#990=SURFACE_STYLE_USAGE(.BOTH.,#1522);
#991=FACE_OUTER_BOUND('',#1523,.T.);
#992=PLANE('',#1524);
#993=SURFACE_STYLE_USAGE(.BOTH.,#1525);
#994=FACE_OUTER_BOUND('',#1526,.T.);
#995=CYLINDRICAL_SURFACE('',#1527,0.3);
#996=SURFACE_STYLE_USAGE(.BOTH.,#1528);
#997=FACE_OUTER_BOUND('',#1529,.T.);
#998=PLANE('',#1530);
#999=SURFACE_STYLE_USAGE(.BOTH.,#1531);
#1000=FACE_OUTER_BOUND('',#1532,.T.);
#1001=PLANE('',#1533);
#1002=SURFACE_STYLE_USAGE(.BOTH.,#1534);
#1003=FACE_OUTER_BOUND('',#1535,.T.);
#1004=CYLINDRICAL_SURFACE('',#1536,0.1);
#1005=SURFACE_STYLE_USAGE(.BOTH.,#1537);
#1006=FACE_OUTER_BOUND('',#1538,.T.);
#1007=PLANE('',#1539);
#1008=SURFACE_STYLE_USAGE(.BOTH.,#1540);
#1009=FACE_OUTER_BOUND('',#1541,.T.);
#1010=CYLINDRICAL_SURFACE('',#1542,0.1);
#1011=SURFACE_STYLE_USAGE(.BOTH.,#1543);
#1012=FACE_OUTER_BOUND('',#1544,.T.);
#1013=CYLINDRICAL_SURFACE('',#1545,0.1);
#1014=SURFACE_STYLE_USAGE(.BOTH.,#1546);
#1015=FACE_OUTER_BOUND('',#1547,.T.);
#1016=PLANE('',#1548);
#1017=SURFACE_STYLE_USAGE(.BOTH.,#1549);
#1018=FACE_OUTER_BOUND('',#1550,.T.);
#1019=CYLINDRICAL_SURFACE('',#1551,0.1);
#1020=SURFACE_STYLE_USAGE(.BOTH.,#1552);
#1021=FACE_OUTER_BOUND('',#1553,.T.);
#1022=CYLINDRICAL_SURFACE('',#1554,0.2);
#1023=SURFACE_STYLE_USAGE(.BOTH.,#1555);
#1024=FACE_OUTER_BOUND('',#1556,.T.);
#1025=PLANE('',#1557);
#1026=SURFACE_STYLE_USAGE(.BOTH.,#1558);
#1027=FACE_OUTER_BOUND('',#1559,.T.);
#1028=CONICAL_SURFACE('',#1560,1.0,0.523598775598299);
#1029=SURFACE_STYLE_USAGE(.BOTH.,#1561);
#1030=FACE_OUTER_BOUND('',#1562,.T.);
#1031=CYLINDRICAL_SURFACE('',#1563,0.5);
#1032=SURFACE_STYLE_USAGE(.BOTH.,#1564);
#1033=FACE_OUTER_BOUND('',#1565,.T.);
#1034=PLANE('',#1566);
#1035=SURFACE_STYLE_USAGE(.BOTH.,#1567);
#1036=FACE_OUTER_BOUND('',#1568,.T.);
#1037=CONICAL_SURFACE('',#1569,1.0,0.523598775598299);
#1038=SURFACE_STYLE_USAGE(.BOTH.,#1570);
#1039=FACE_OUTER_BOUND('',#1571,.T.);
#1040=CYLINDRICAL_SURFACE('',#1572,0.5);
#1041=SURFACE_STYLE_USAGE(.BOTH.,#1573);
#1042=FACE_OUTER_BOUND('',#1574,.T.);
#1043=CYLINDRICAL_SURFACE('',#1575,0.1);
#1044=SURFACE_STYLE_USAGE(.BOTH.,#1576);
#1045=FACE_OUTER_BOUND('',#1577,.T.);
#1046=CYLINDRICAL_SURFACE('',#1578,0.5);
#1047=SURFACE_STYLE_USAGE(.BOTH.,#1579);
#1048=FACE_OUTER_BOUND('',#1580,.T.);
#1049=CYLINDRICAL_SURFACE('',#1581,1.4);
#1050=SURFACE_STYLE_USAGE(.BOTH.,#1582);
#1051=FACE_OUTER_BOUND('',#1583,.T.);
#1052=CYLINDRICAL_SURFACE('',#1584,0.5);
#1053=SURFACE_STYLE_USAGE(.BOTH.,#1585);
#1054=FACE_OUTER_BOUND('',#1586,.T.);
#1055=PLANE('',#1587);
#1056=SURFACE_STYLE_USAGE(.BOTH.,#1588);
#1057=FACE_OUTER_BOUND('',#1589,.T.);
#1058=CYLINDRICAL_SURFACE('',#1590,0.5);
#1059=SURFACE_STYLE_USAGE(.BOTH.,#1591);
#1060=FACE_OUTER_BOUND('',#1592,.T.);
#1061=CONICAL_SURFACE('',#1593,1.0,0.523598775598299);
#1062=SURFACE_STYLE_USAGE(.BOTH.,#1594);
#1063=FACE_OUTER_BOUND('',#1595,.T.);
#1064=CONICAL_SURFACE('',#1596,1.0,0.523598775598299);
#1065=SURFACE_STYLE_USAGE(.BOTH.,#1597);
#1066=FACE_OUTER_BOUND('',#1598,.T.);
#1067=CYLINDRICAL_SURFACE('',#1599,1.1);
#1068=SURFACE_STYLE_USAGE(.BOTH.,#1600);
#1069=FACE_OUTER_BOUND('',#1601,.T.);
#1070=CYLINDRICAL_SURFACE('',#1602,0.2);
#1071=SURFACE_STYLE_USAGE(.BOTH.,#1603);
#1072=FACE_OUTER_BOUND('',#1604,.T.);
#1073=PLANE('',#1605);
#1074=SURFACE_STYLE_USAGE(.BOTH.,#1606);
#1075=FACE_OUTER_BOUND('',#1607,.T.);
#1076=PLANE('',#1608);
#1077=SURFACE_STYLE_USAGE(.BOTH.,#1609);
#1078=FACE_OUTER_BOUND('',#1610,.T.);
#1079=CONICAL_SURFACE('',#1611,1.0,0.523598775598299);
#1080=SURFACE_STYLE_USAGE(.BOTH.,#1612);
#1081=CLOSED_SHELL('',(#243,#245,#247,#249,#251,#253,#255,#257,#259,#261,#263,#265,#267,#269,#271,#273,#275,#277,#279,#281,#283,#285,#287,#289,#291,#293,#295,#297,#299,#301,#303,#305,#307,#309,#311,#313,#315,#317,#319,#321,#323,#325,#327,#329,#331,#333,#335,#337,#339,#341,#343,#345,#347,#349,#351,#353,#355,#357,#359,#361,#363,#365,#367,#369,#371,#373,#375,#377,#379,#381,#383,#385,#387,#389,#391,#393,#395,#397,#399,#401,#403,#405,#407,#409,#411,#413,#415,#417,#419,#421,#423,#425,#427,#429,#431,#433,#435,#437,#439,#441,#443,#445,#447,#449,#451,#453,#455,#457,#459,#461,#463,#465,#467,#469,#471,#473,#475,#477,#479,#481,#483,#485,#487,#489,#491,#493,#495,#497,#499,#501,#503,#505,#507,#509,#511,#513,#515,#517,#519,#521,#523,#525,#527,#529,#531,#533,#535,#537,#539,#541));
#1082=PRODUCT_CONTEXT('',#185,'mechanical');
#1083=PRODUCT_DEFINITION_FORMATION_WITH_SPECIFIED_SOURCE(' ','NONE',#544,.NOT_KNOWN.);
#1084=CARTESIAN_POINT('',(0.0,0.0,0.0));
#1085=DIRECTION('',(0.0,0.0,1.0));
#1086=DIRECTION('',(1.0,0.0,0.0));
#1087=CARTESIAN_POINT('',(0.0,0.0,0.0));
#1088=DIRECTION('',(0.0,0.0,1.0));
#1089=DIRECTION('',(1.0,0.0,0.0));
#1090=CARTESIAN_POINT('',(0.0,0.0,0.0));
#1091=DIRECTION('',(0.0,0.0,1.0));
#1092=DIRECTION('',(1.0,0.0,0.0));
#1093=CARTESIAN_POINT('',(0.0,0.0,0.0));
#1094=DIRECTION('',(0.0,0.0,1.0));
#1095=DIRECTION('',(1.0,0.0,0.0));
#1096=CARTESIAN_POINT('',(0.0,0.0,0.0));
#1097=DIRECTION('',(0.0,0.0,1.0));
#1098=DIRECTION('',(1.0,0.0,0.0));
#1099= (NAMED_UNIT(#556)LENGTH_UNIT()SI_UNIT(.MILLI.,.METRE.));
#1100=SURFACE_SIDE_STYLE('',(#1614));
#1101=EDGE_LOOP('',(#1615,#1616,#1617,#1618));
#1102=AXIS2_PLACEMENT_3D('',#1619,#1620,#1621);
#1103=SURFACE_SIDE_STYLE('',(#1622));
#1104=EDGE_LOOP('',(#1623,#1624,#1625,#1626));
#1105=AXIS2_PLACEMENT_3D('',#1627,#1628,#1629);
#1106=SURFACE_SIDE_STYLE('',(#1630));
#1107=EDGE_LOOP('',(#1631,#1632));
#1108=AXIS2_PLACEMENT_3D('',#1633,#1634,#1635);
#1109=SURFACE_SIDE_STYLE('',(#1636));
#1110=EDGE_LOOP('',(#1637,#1638));
#1111=AXIS2_PLACEMENT_3D('',#1639,#1640,#1641);
#1112=SURFACE_SIDE_STYLE('',(#1642));
#1113=SURFACE_SIDE_STYLE('',(#1643));
#1114=EDGE_LOOP('',(#1644,#1645,#1646,#1647));
#1115=AXIS2_PLACEMENT_3D('',#1648,#1649,#1650);
#1116=SURFACE_SIDE_STYLE('',(#1651));
#1117=EDGE_LOOP('',(#1652,#1653,#1654,#1655));
#1118=AXIS2_PLACEMENT_3D('',#1656,#1657,#1658);
#1119=SURFACE_SIDE_STYLE('',(#1659));
#1120=EDGE_LOOP('',(#1660,#1661));
#1121=AXIS2_PLACEMENT_3D('',#1662,#1663,#1664);
#1122=SURFACE_SIDE_STYLE('',(#1665));
#1123=EDGE_LOOP('',(#1666,#1667));
#1124=AXIS2_PLACEMENT_3D('',#1668,#1669,#1670);
#1125=SURFACE_SIDE_STYLE('',(#1671));
#1126=SURFACE_SIDE_STYLE('',(#1672));
#1127=EDGE_LOOP('',(#1673,#1674,#1675,#1676));
#1128=AXIS2_PLACEMENT_3D('',#1677,#1678,#1679);
#1129=SURFACE_SIDE_STYLE('',(#1680));
#1130=EDGE_LOOP('',(#1681,#1682,#1683,#1684));
#1131=AXIS2_PLACEMENT_3D('',#1685,#1686,#1687);
#1132=SURFACE_SIDE_STYLE('',(#1688));
#1133=EDGE_LOOP('',(#1689,#1690));
#1134=AXIS2_PLACEMENT_3D('',#1691,#1692,#1693);
#1135=SURFACE_SIDE_STYLE('',(#1694));
#1136=EDGE_LOOP('',(#1695,#1696));
#1137=AXIS2_PLACEMENT_3D('',#1697,#1698,#1699);
#1138=SURFACE_SIDE_STYLE('',(#1700));
#1139=SURFACE_SIDE_STYLE('',(#1701));
#1140=EDGE_LOOP('',(#1702,#1703,#1704,#1705));
#1141=AXIS2_PLACEMENT_3D('',#1706,#1707,#1708);
#1142=SURFACE_SIDE_STYLE('',(#1709));
#1143=EDGE_LOOP('',(#1710,#1711,#1712,#1713));
#1144=AXIS2_PLACEMENT_3D('',#1714,#1715,#1716);
#1145=SURFACE_SIDE_STYLE('',(#1717));
#1146=EDGE_LOOP('',(#1718,#1719));
#1147=AXIS2_PLACEMENT_3D('',#1720,#1721,#1722);
#1148=SURFACE_SIDE_STYLE('',(#1723));
#1149=EDGE_LOOP('',(#1724,#1725));
#1150=AXIS2_PLACEMENT_3D('',#1726,#1727,#1728);
#1151=SURFACE_SIDE_STYLE('',(#1729));
#1152=SURFACE_SIDE_STYLE('',(#1730));
#1153=EDGE_LOOP('',(#1731,#1732,#1733,#1734));
#1154=AXIS2_PLACEMENT_3D('',#1735,#1736,#1737);
#1155=SURFACE_SIDE_STYLE('',(#1738));
#1156=EDGE_LOOP('',(#1739,#1740,#1741,#1742));
#1157=AXIS2_PLACEMENT_3D('',#1743,#1744,#1745);
#1158=SURFACE_SIDE_STYLE('',(#1746));
#1159=EDGE_LOOP('',(#1747,#1748,#1749,#1750));
#1160=AXIS2_PLACEMENT_3D('',#1751,#1752,#1753);
#1161=SURFACE_SIDE_STYLE('',(#1754));
#1162=EDGE_LOOP('',(#1755,#1756,#1757,#1758,#1759));
#1163=AXIS2_PLACEMENT_3D('',#1760,#1761,#1762);
#1164=SURFACE_SIDE_STYLE('',(#1763));
#1165=EDGE_LOOP('',(#1764,#1765,#1766,#1767,#1768));
#1166=AXIS2_PLACEMENT_3D('',#1769,#1770,#1771);
#1167=SURFACE_SIDE_STYLE('',(#1772));
#1168=EDGE_LOOP('',(#1773,#1774,#1775,#1776));
#1169=AXIS2_PLACEMENT_3D('',#1777,#1778,#1779);
#1170=SURFACE_SIDE_STYLE('',(#1780));
#1171=EDGE_LOOP('',(#1781,#1782,#1783,#1784));
#1172=AXIS2_PLACEMENT_3D('',#1785,#1786,#1787);
#1173=SURFACE_SIDE_STYLE('',(#1788));
#1174=EDGE_LOOP('',(#1789,#1790,#1791,#1792));
#1175=AXIS2_PLACEMENT_3D('',#1793,#1794,#1795);
#1176=SURFACE_SIDE_STYLE('',(#1796));
#1177=EDGE_LOOP('',(#1797,#1798,#1799,#1800));
#1178=AXIS2_PLACEMENT_3D('',#1801,#1802,#1803);
#1179=SURFACE_SIDE_STYLE('',(#1804));
#1180=EDGE_LOOP('',(#1805,#1806,#1807,#1808));
#1181=AXIS2_PLACEMENT_3D('',#1809,#1810,#1811);
#1182=SURFACE_SIDE_STYLE('',(#1812));
#1183=EDGE_LOOP('',(#1813,#1814,#1815,#1816));
#1184=AXIS2_PLACEMENT_3D('',#1817,#1818,#1819);
#1185=SURFACE_SIDE_STYLE('',(#1820));
#1186=EDGE_LOOP('',(#1821,#1822,#1823,#1824));
#1187=AXIS2_PLACEMENT_3D('',#1825,#1826,#1827);
#1188=SURFACE_SIDE_STYLE('',(#1828));
#1189=EDGE_LOOP('',(#1829,#1830,#1831,#1832));
#1190=AXIS2_PLACEMENT_3D('',#1833,#1834,#1835);
#1191=SURFACE_SIDE_STYLE('',(#1836));
#1192=EDGE_LOOP('',(#1837,#1838,#1839,#1840));
#1193=AXIS2_PLACEMENT_3D('',#1841,#1842,#1843);
#1194=SURFACE_SIDE_STYLE('',(#1844));
#1195=EDGE_LOOP('',(#1845,#1846,#1847,#1848,#1849,#1850,#1851,#1852));
#1196=AXIS2_PLACEMENT_3D('',#1853,#1854,#1855);
#1197=SURFACE_SIDE_STYLE('',(#1856));
#1198=EDGE_LOOP('',(#1857,#1858,#1859,#1860));
#1199=AXIS2_PLACEMENT_3D('',#1861,#1862,#1863);
#1200=SURFACE_SIDE_STYLE('',(#1864));
#1201=EDGE_LOOP('',(#1865,#1866,#1867,#1868));
#1202=AXIS2_PLACEMENT_3D('',#1869,#1870,#1871);
#1203=SURFACE_SIDE_STYLE('',(#1872));
#1204=EDGE_LOOP('',(#1873,#1874,#1875,#1876));
#1205=AXIS2_PLACEMENT_3D('',#1877,#1878,#1879);
#1206=SURFACE_SIDE_STYLE('',(#1880));
#1207=EDGE_LOOP('',(#1881,#1882,#1883,#1884));
#1208=AXIS2_PLACEMENT_3D('',#1885,#1886,#1887);
#1209=SURFACE_SIDE_STYLE('',(#1888));
#1210=EDGE_LOOP('',(#1889,#1890,#1891,#1892));
#1211=AXIS2_PLACEMENT_3D('',#1893,#1894,#1895);
#1212=SURFACE_SIDE_STYLE('',(#1896));
#1213=EDGE_LOOP('',(#1897,#1898,#1899,#1900));
#1214=AXIS2_PLACEMENT_3D('',#1901,#1902,#1903);
#1215=SURFACE_SIDE_STYLE('',(#1904));
#1216=EDGE_LOOP('',(#1905,#1906,#1907,#1908));
#1217=AXIS2_PLACEMENT_3D('',#1909,#1910,#1911);
#1218=SURFACE_SIDE_STYLE('',(#1912));
#1219=EDGE_LOOP('',(#1913,#1914,#1915,#1916,#1917,#1918,#1919,#1920));
#1220=AXIS2_PLACEMENT_3D('',#1921,#1922,#1923);
#1221=SURFACE_SIDE_STYLE('',(#1924));
#1222=EDGE_LOOP('',(#1925,#1926,#1927,#1928));
#1223=AXIS2_PLACEMENT_3D('',#1929,#1930,#1931);
#1224=SURFACE_SIDE_STYLE('',(#1932));
#1225=EDGE_LOOP('',(#1933,#1934,#1935,#1936));
#1226=AXIS2_PLACEMENT_3D('',#1937,#1938,#1939);
#1227=SURFACE_SIDE_STYLE('',(#1940));
#1228=EDGE_LOOP('',(#1941,#1942,#1943,#1944));
#1229=AXIS2_PLACEMENT_3D('',#1945,#1946,#1947);
#1230=SURFACE_SIDE_STYLE('',(#1948));
#1231=EDGE_LOOP('',(#1949,#1950,#1951,#1952));
#1232=AXIS2_PLACEMENT_3D('',#1953,#1954,#1955);
#1233=SURFACE_SIDE_STYLE('',(#1956));
#1234=EDGE_LOOP('',(#1957,#1958,#1959,#1960));
#1235=AXIS2_PLACEMENT_3D('',#1961,#1962,#1963);
#1236=SURFACE_SIDE_STYLE('',(#1964));
#1237=EDGE_LOOP('',(#1965,#1966,#1967,#1968));
#1238=AXIS2_PLACEMENT_3D('',#1969,#1970,#1971);
#1239=SURFACE_SIDE_STYLE('',(#1972));
#1240=EDGE_LOOP('',(#1973,#1974,#1975,#1976));
#1241=AXIS2_PLACEMENT_3D('',#1977,#1978,#1979);
#1242=SURFACE_SIDE_STYLE('',(#1980));
#1243=EDGE_LOOP('',(#1981,#1982,#1983,#1984));
#1244=AXIS2_PLACEMENT_3D('',#1985,#1986,#1987);
#1245=SURFACE_SIDE_STYLE('',(#1988));
#1246=EDGE_LOOP('',(#1989,#1990,#1991,#1992));
#1247=AXIS2_PLACEMENT_3D('',#1993,#1994,#1995);
#1248=SURFACE_SIDE_STYLE('',(#1996));
#1249=EDGE_LOOP('',(#1997,#1998,#1999,#2000));
#1250=AXIS2_PLACEMENT_3D('',#2001,#2002,#2003);
#1251=SURFACE_SIDE_STYLE('',(#2004));
#1252=EDGE_LOOP('',(#2005,#2006,#2007,#2008));
#1253=AXIS2_PLACEMENT_3D('',#2009,#2010,#2011);
#1254=SURFACE_SIDE_STYLE('',(#2012));
#1255=EDGE_LOOP('',(#2013,#2014,#2015,#2016));
#1256=AXIS2_PLACEMENT_3D('',#2017,#2018,#2019);
#1257=SURFACE_SIDE_STYLE('',(#2020));
#1258=EDGE_LOOP('',(#2021,#2022,#2023,#2024));
#1259=AXIS2_PLACEMENT_3D('',#2025,#2026,#2027);
#1260=SURFACE_SIDE_STYLE('',(#2028));
#1261=EDGE_LOOP('',(#2029,#2030,#2031,#2032));
#1262=AXIS2_PLACEMENT_3D('',#2033,#2034,#2035);
#1263=SURFACE_SIDE_STYLE('',(#2036));
#1264=EDGE_LOOP('',(#2037,#2038,#2039,#2040));
#1265=AXIS2_PLACEMENT_3D('',#2041,#2042,#2043);
#1266=SURFACE_SIDE_STYLE('',(#2044));
#1267=EDGE_LOOP('',(#2045,#2046,#2047,#2048));
#1268=AXIS2_PLACEMENT_3D('',#2049,#2050,#2051);
#1269=SURFACE_SIDE_STYLE('',(#2052));
#1270=EDGE_LOOP('',(#2053,#2054,#2055,#2056));
#1271=AXIS2_PLACEMENT_3D('',#2057,#2058,#2059);
#1272=SURFACE_SIDE_STYLE('',(#2060));
#1273=EDGE_LOOP('',(#2061,#2062,#2063,#2064));
#1274=AXIS2_PLACEMENT_3D('',#2065,#2066,#2067);
#1275=SURFACE_SIDE_STYLE('',(#2068));
#1276=EDGE_LOOP('',(#2069,#2070,#2071,#2072));
#1277=AXIS2_PLACEMENT_3D('',#2073,#2074,#2075);
#1278=SURFACE_SIDE_STYLE('',(#2076));
#1279=EDGE_LOOP('',(#2077,#2078,#2079,#2080));
#1280=AXIS2_PLACEMENT_3D('',#2081,#2082,#2083);
#1281=SURFACE_SIDE_STYLE('',(#2084));
#1282=EDGE_LOOP('',(#2085,#2086,#2087,#2088));
#1283=AXIS2_PLACEMENT_3D('',#2089,#2090,#2091);
#1284=SURFACE_SIDE_STYLE('',(#2092));
#1285=EDGE_LOOP('',(#2093,#2094,#2095,#2096));
#1286=AXIS2_PLACEMENT_3D('',#2097,#2098,#2099);
#1287=SURFACE_SIDE_STYLE('',(#2100));
#1288=EDGE_LOOP('',(#2101,#2102,#2103,#2104));
#1289=AXIS2_PLACEMENT_3D('',#2105,#2106,#2107);
#1290=SURFACE_SIDE_STYLE('',(#2108));
#1291=EDGE_LOOP('',(#2109,#2110,#2111,#2112));
#1292=AXIS2_PLACEMENT_3D('',#2113,#2114,#2115);
#1293=SURFACE_SIDE_STYLE('',(#2116));
#1294=EDGE_LOOP('',(#2117,#2118,#2119,#2120));
#1295=AXIS2_PLACEMENT_3D('',#2121,#2122,#2123);
#1296=SURFACE_SIDE_STYLE('',(#2124));
#1297=EDGE_LOOP('',(#2125,#2126,#2127,#2128,#2129));
#1298=AXIS2_PLACEMENT_3D('',#2130,#2131,#2132);
#1299=SURFACE_SIDE_STYLE('',(#2133));
#1300=EDGE_LOOP('',(#2134,#2135,#2136,#2137));
#1301=AXIS2_PLACEMENT_3D('',#2138,#2139,#2140);
#1302=SURFACE_SIDE_STYLE('',(#2141));
#1303=EDGE_LOOP('',(#2142,#2143,#2144,#2145));
#1304=AXIS2_PLACEMENT_3D('',#2146,#2147,#2148);
#1305=SURFACE_SIDE_STYLE('',(#2149));
#1306=EDGE_LOOP('',(#2150,#2151,#2152,#2153,#2154));
#1307=AXIS2_PLACEMENT_3D('',#2155,#2156,#2157);
#1308=SURFACE_SIDE_STYLE('',(#2158));
#1309=EDGE_LOOP('',(#2159,#2160,#2161,#2162,#2163,#2164,#2165,#2166,#2167,#2168,#2169));
#1310=AXIS2_PLACEMENT_3D('',#2170,#2171,#2172);
#1311=SURFACE_SIDE_STYLE('',(#2173));
#1312=EDGE_LOOP('',(#2174,#2175,#2176,#2177));
#1313=AXIS2_PLACEMENT_3D('',#2178,#2179,#2180);
#1314=SURFACE_SIDE_STYLE('',(#2181));
#1315=EDGE_LOOP('',(#2182,#2183,#2184,#2185));
#1316=AXIS2_PLACEMENT_3D('',#2186,#2187,#2188);
#1317=SURFACE_SIDE_STYLE('',(#2189));
#1318=EDGE_LOOP('',(#2190,#2191,#2192,#2193));
#1319=AXIS2_PLACEMENT_3D('',#2194,#2195,#2196);
#1320=SURFACE_SIDE_STYLE('',(#2197));
#1321=EDGE_LOOP('',(#2198,#2199,#2200,#2201));
#1322=AXIS2_PLACEMENT_3D('',#2202,#2203,#2204);
#1323=SURFACE_SIDE_STYLE('',(#2205));
#1324=EDGE_LOOP('',(#2206,#2207,#2208,#2209,#2210,#2211,#2212,#2213));
#1325=AXIS2_PLACEMENT_3D('',#2214,#2215,#2216);
#1326=SURFACE_SIDE_STYLE('',(#2217));
#1327=EDGE_LOOP('',(#2218,#2219,#2220,#2221));
#1328=AXIS2_PLACEMENT_3D('',#2222,#2223,#2224);
#1329=SURFACE_SIDE_STYLE('',(#2225));
#1330=EDGE_LOOP('',(#2226,#2227,#2228,#2229));
#1331=AXIS2_PLACEMENT_3D('',#2230,#2231,#2232);
#1332=SURFACE_SIDE_STYLE('',(#2233));
#1333=EDGE_LOOP('',(#2234,#2235,#2236,#2237,#2238));
#1334=AXIS2_PLACEMENT_3D('',#2239,#2240,#2241);
#1335=SURFACE_SIDE_STYLE('',(#2242));
#1336=EDGE_LOOP('',(#2243,#2244,#2245,#2246));
#1337=AXIS2_PLACEMENT_3D('',#2247,#2248,#2249);
#1338=SURFACE_SIDE_STYLE('',(#2250));
#1339=EDGE_LOOP('',(#2251,#2252,#2253,#2254));
#1340=AXIS2_PLACEMENT_3D('',#2255,#2256,#2257);
#1341=SURFACE_SIDE_STYLE('',(#2258));
#1342=EDGE_LOOP('',(#2259,#2260,#2261,#2262));
#1343=AXIS2_PLACEMENT_3D('',#2263,#2264,#2265);
#1344=SURFACE_SIDE_STYLE('',(#2266));
#1345=EDGE_LOOP('',(#2267,#2268,#2269,#2270));
#1346=AXIS2_PLACEMENT_3D('',#2271,#2272,#2273);
#1347=SURFACE_SIDE_STYLE('',(#2274));
#1348=EDGE_LOOP('',(#2275,#2276,#2277,#2278));
#1349=AXIS2_PLACEMENT_3D('',#2279,#2280,#2281);
#1350=SURFACE_SIDE_STYLE('',(#2282));
#1351=EDGE_LOOP('',(#2283,#2284,#2285,#2286));
#1352=AXIS2_PLACEMENT_3D('',#2287,#2288,#2289);
#1353=SURFACE_SIDE_STYLE('',(#2290));
#1354=EDGE_LOOP('',(#2291,#2292,#2293,#2294));
#1355=AXIS2_PLACEMENT_3D('',#2295,#2296,#2297);
#1356=SURFACE_SIDE_STYLE('',(#2298));
#1357=EDGE_LOOP('',(#2299,#2300,#2301,#2302,#2303,#2304,#2305,#2306));
#1358=AXIS2_PLACEMENT_3D('',#2307,#2308,#2309);
#1359=SURFACE_SIDE_STYLE('',(#2310));
#1360=EDGE_LOOP('',(#2311,#2312,#2313,#2314));
#1361=AXIS2_PLACEMENT_3D('',#2315,#2316,#2317);
#1362=SURFACE_SIDE_STYLE('',(#2318));
#1363=EDGE_LOOP('',(#2319,#2320,#2321,#2322));
#1364=AXIS2_PLACEMENT_3D('',#2323,#2324,#2325);
#1365=SURFACE_SIDE_STYLE('',(#2326));
#1366=EDGE_LOOP('',(#2327,#2328,#2329,#2330));
#1367=AXIS2_PLACEMENT_3D('',#2331,#2332,#2333);
#1368=SURFACE_SIDE_STYLE('',(#2334));
#1369=EDGE_LOOP('',(#2335,#2336,#2337,#2338));
#1370=AXIS2_PLACEMENT_3D('',#2339,#2340,#2341);
#1371=SURFACE_SIDE_STYLE('',(#2342));
#1372=EDGE_LOOP('',(#2343,#2344,#2345,#2346,#2347,#2348));
#1373=EDGE_LOOP('',(#2349,#2350,#2351,#2352,#2353,#2354,#2355,#2356));
#1374=EDGE_LOOP('',(#2357,#2358,#2359,#2360,#2361,#2362,#2363,#2364,#2365,#2366));
#1375=EDGE_LOOP('',(#2367,#2368,#2369,#2370,#2371,#2372,#2373,#2374));
#1376=EDGE_LOOP('',(#2375,#2376,#2377,#2378,#2379,#2380,#2381,#2382,#2383,#2384));
#1377=AXIS2_PLACEMENT_3D('',#2385,#2386,#2387);
#1378=SURFACE_SIDE_STYLE('',(#2388));
#1379=EDGE_LOOP('',(#2389,#2390,#2391,#2392));
#1380=EDGE_LOOP('',(#2393,#2394,#2395,#2396,#2397,#2398,#2399,#2400));
#1381=EDGE_LOOP('',(#2401,#2402,#2403,#2404,#2405,#2406,#2407,#2408));
#1382=AXIS2_PLACEMENT_3D('',#2409,#2410,#2411);
#1383=SURFACE_SIDE_STYLE('',(#2412));
#1384=EDGE_LOOP('',(#2413,#2414,#2415,#2416,#2417,#2418));
#1385=AXIS2_PLACEMENT_3D('',#2419,#2420,#2421);
#1386=SURFACE_SIDE_STYLE('',(#2422));
#1387=EDGE_LOOP('',(#2423,#2424,#2425,#2426));
#1388=EDGE_LOOP('',(#2427,#2428,#2429,#2430));
#1389=EDGE_LOOP('',(#2431,#2432,#2433,#2434));
#1390=EDGE_LOOP('',(#2435,#2436,#2437,#2438));
#1391=EDGE_LOOP('',(#2439,#2440,#2441,#2442));
#1392=AXIS2_PLACEMENT_3D('',#2443,#2444,#2445);
#1393=SURFACE_SIDE_STYLE('',(#2446));
#1394=EDGE_LOOP('',(#2447,#2448,#2449,#2450));
#1395=AXIS2_PLACEMENT_3D('',#2451,#2452,#2453);
#1396=SURFACE_SIDE_STYLE('',(#2454));
#1397=EDGE_LOOP('',(#2455,#2456,#2457,#2458,#2459,#2460,#2461,#2462));
#1398=AXIS2_PLACEMENT_3D('',#2463,#2464,#2465);
#1399=SURFACE_SIDE_STYLE('',(#2466));
#1400=EDGE_LOOP('',(#2467,#2468,#2469,#2470,#2471));
#1401=AXIS2_PLACEMENT_3D('',#2472,#2473,#2474);
#1402=SURFACE_SIDE_STYLE('',(#2475));
#1403=EDGE_LOOP('',(#2476,#2477,#2478,#2479));
#1404=AXIS2_PLACEMENT_3D('',#2480,#2481,#2482);
#1405=SURFACE_SIDE_STYLE('',(#2483));
#1406=EDGE_LOOP('',(#2484,#2485,#2486,#2487));
#1407=AXIS2_PLACEMENT_3D('',#2488,#2489,#2490);
#1408=SURFACE_SIDE_STYLE('',(#2491));
#1409=EDGE_LOOP('',(#2492,#2493,#2494,#2495));
#1410=AXIS2_PLACEMENT_3D('',#2496,#2497,#2498);
#1411=SURFACE_SIDE_STYLE('',(#2499));
#1412=EDGE_LOOP('',(#2500,#2501,#2502,#2503,#2504,#2505,#2506,#2507));
#1413=AXIS2_PLACEMENT_3D('',#2508,#2509,#2510);
#1414=SURFACE_SIDE_STYLE('',(#2511));
#1415=EDGE_LOOP('',(#2512,#2513,#2514,#2515));
#1416=AXIS2_PLACEMENT_3D('',#2516,#2517,#2518);
#1417=SURFACE_SIDE_STYLE('',(#2519));
#1418=EDGE_LOOP('',(#2520,#2521,#2522,#2523,#2524));
#1419=AXIS2_PLACEMENT_3D('',#2525,#2526,#2527);
#1420=SURFACE_SIDE_STYLE('',(#2528));
#1421=EDGE_LOOP('',(#2529,#2530,#2531,#2532,#2533,#2534,#2535,#2536));
#1422=AXIS2_PLACEMENT_3D('',#2537,#2538,#2539);
#1423=SURFACE_SIDE_STYLE('',(#2540));
#1424=EDGE_LOOP('',(#2541,#2542,#2543,#2544));
#1425=AXIS2_PLACEMENT_3D('',#2545,#2546,#2547);
#1426=SURFACE_SIDE_STYLE('',(#2548));
#1427=EDGE_LOOP('',(#2549,#2550,#2551,#2552));
#1428=AXIS2_PLACEMENT_3D('',#2553,#2554,#2555);
#1429=SURFACE_SIDE_STYLE('',(#2556));
#1430=EDGE_LOOP('',(#2557,#2558,#2559,#2560,#2561));
#1431=AXIS2_PLACEMENT_3D('',#2562,#2563,#2564);
#1432=SURFACE_SIDE_STYLE('',(#2565));
#1433=EDGE_LOOP('',(#2566,#2567,#2568,#2569));
#1434=AXIS2_PLACEMENT_3D('',#2570,#2571,#2572);
#1435=SURFACE_SIDE_STYLE('',(#2573));
#1436=EDGE_LOOP('',(#2574,#2575,#2576,#2577));
#1437=AXIS2_PLACEMENT_3D('',#2578,#2579,#2580);
#1438=SURFACE_SIDE_STYLE('',(#2581));
#1439=EDGE_LOOP('',(#2582,#2583,#2584,#2585));
#1440=AXIS2_PLACEMENT_3D('',#2586,#2587,#2588);
#1441=SURFACE_SIDE_STYLE('',(#2589));
#1442=EDGE_LOOP('',(#2590,#2591,#2592,#2593,#2594,#2595,#2596,#2597));
#1443=AXIS2_PLACEMENT_3D('',#2598,#2599,#2600);
#1444=SURFACE_SIDE_STYLE('',(#2601));
#1445=EDGE_LOOP('',(#2602,#2603,#2604,#2605));
#1446=AXIS2_PLACEMENT_3D('',#2606,#2607,#2608);
#1447=SURFACE_SIDE_STYLE('',(#2609));
#1448=EDGE_LOOP('',(#2610,#2611,#2612,#2613,#2614,#2615,#2616,#2617));
#1449=AXIS2_PLACEMENT_3D('',#2618,#2619,#2620);
#1450=SURFACE_SIDE_STYLE('',(#2621));
#1451=EDGE_LOOP('',(#2622,#2623,#2624,#2625));
#1452=AXIS2_PLACEMENT_3D('',#2626,#2627,#2628);
#1453=SURFACE_SIDE_STYLE('',(#2629));
#1454=EDGE_LOOP('',(#2630,#2631,#2632,#2633));
#1455=AXIS2_PLACEMENT_3D('',#2634,#2635,#2636);
#1456=SURFACE_SIDE_STYLE('',(#2637));
#1457=EDGE_LOOP('',(#2638,#2639,#2640,#2641));
#1458=AXIS2_PLACEMENT_3D('',#2642,#2643,#2644);
#1459=SURFACE_SIDE_STYLE('',(#2645));
#1460=EDGE_LOOP('',(#2646,#2647,#2648,#2649));
#1461=AXIS2_PLACEMENT_3D('',#2650,#2651,#2652);
#1462=SURFACE_SIDE_STYLE('',(#2653));
#1463=EDGE_LOOP('',(#2654,#2655,#2656,#2657));
#1464=AXIS2_PLACEMENT_3D('',#2658,#2659,#2660);
#1465=SURFACE_SIDE_STYLE('',(#2661));
#1466=EDGE_LOOP('',(#2662,#2663,#2664,#2665));
#1467=AXIS2_PLACEMENT_3D('',#2666,#2667,#2668);
#1468=SURFACE_SIDE_STYLE('',(#2669));
#1469=EDGE_LOOP('',(#2670,#2671,#2672,#2673,#2674,#2675,#2676,#2677));
#1470=AXIS2_PLACEMENT_3D('',#2678,#2679,#2680);
#1471=SURFACE_SIDE_STYLE('',(#2681));
#1472=EDGE_LOOP('',(#2682,#2683,#2684,#2685));
#1473=AXIS2_PLACEMENT_3D('',#2686,#2687,#2688);
#1474=SURFACE_SIDE_STYLE('',(#2689));
#1475=EDGE_LOOP('',(#2690,#2691,#2692,#2693));
#1476=AXIS2_PLACEMENT_3D('',#2694,#2695,#2696);
#1477=SURFACE_SIDE_STYLE('',(#2697));
#1478=EDGE_LOOP('',(#2698,#2699,#2700,#2701));
#1479=AXIS2_PLACEMENT_3D('',#2702,#2703,#2704);
#1480=SURFACE_SIDE_STYLE('',(#2705));
#1481=EDGE_LOOP('',(#2706,#2707,#2708,#2709));
#1482=AXIS2_PLACEMENT_3D('',#2710,#2711,#2712);
#1483=SURFACE_SIDE_STYLE('',(#2713));
#1484=EDGE_LOOP('',(#2714,#2715,#2716,#2717));
#1485=AXIS2_PLACEMENT_3D('',#2718,#2719,#2720);
#1486=SURFACE_SIDE_STYLE('',(#2721));
#1487=EDGE_LOOP('',(#2722,#2723,#2724,#2725));
#1488=AXIS2_PLACEMENT_3D('',#2726,#2727,#2728);
#1489=SURFACE_SIDE_STYLE('',(#2729));
#1490=EDGE_LOOP('',(#2730,#2731,#2732,#2733,#2734,#2735,#2736,#2737));
#1491=AXIS2_PLACEMENT_3D('',#2738,#2739,#2740);
#1492=SURFACE_SIDE_STYLE('',(#2741));
#1493=EDGE_LOOP('',(#2742,#2743,#2744,#2745));
#1494=AXIS2_PLACEMENT_3D('',#2746,#2747,#2748);
#1495=SURFACE_SIDE_STYLE('',(#2749));
#1496=EDGE_LOOP('',(#2750,#2751,#2752,#2753,#2754,#2755,#2756,#2757));
#1497=AXIS2_PLACEMENT_3D('',#2758,#2759,#2760);
#1498=SURFACE_SIDE_STYLE('',(#2761));
#1499=EDGE_LOOP('',(#2762,#2763,#2764,#2765));
#1500=AXIS2_PLACEMENT_3D('',#2766,#2767,#2768);
#1501=SURFACE_SIDE_STYLE('',(#2769));
#1502=EDGE_LOOP('',(#2770,#2771,#2772,#2773));
#1503=AXIS2_PLACEMENT_3D('',#2774,#2775,#2776);
#1504=SURFACE_SIDE_STYLE('',(#2777));
#1505=EDGE_LOOP('',(#2778,#2779,#2780,#2781));
#1506=AXIS2_PLACEMENT_3D('',#2782,#2783,#2784);
#1507=SURFACE_SIDE_STYLE('',(#2785));
#1508=EDGE_LOOP('',(#2786,#2787,#2788,#2789));
#1509=AXIS2_PLACEMENT_3D('',#2790,#2791,#2792);
#1510=SURFACE_SIDE_STYLE('',(#2793));
#1511=EDGE_LOOP('',(#2794,#2795,#2796,#2797));
#1512=AXIS2_PLACEMENT_3D('',#2798,#2799,#2800);
#1513=SURFACE_SIDE_STYLE('',(#2801));
#1514=EDGE_LOOP('',(#2802,#2803,#2804,#2805));
#1515=AXIS2_PLACEMENT_3D('',#2806,#2807,#2808);
#1516=SURFACE_SIDE_STYLE('',(#2809));
#1517=EDGE_LOOP('',(#2810,#2811,#2812,#2813));
#1518=AXIS2_PLACEMENT_3D('',#2814,#2815,#2816);
#1519=SURFACE_SIDE_STYLE('',(#2817));
#1520=EDGE_LOOP('',(#2818,#2819,#2820,#2821));
#1521=AXIS2_PLACEMENT_3D('',#2822,#2823,#2824);
#1522=SURFACE_SIDE_STYLE('',(#2825));
#1523=EDGE_LOOP('',(#2826,#2827,#2828,#2829));
#1524=AXIS2_PLACEMENT_3D('',#2830,#2831,#2832);
#1525=SURFACE_SIDE_STYLE('',(#2833));
#1526=EDGE_LOOP('',(#2834,#2835,#2836,#2837));
#1527=AXIS2_PLACEMENT_3D('',#2838,#2839,#2840);
#1528=SURFACE_SIDE_STYLE('',(#2841));
#1529=EDGE_LOOP('',(#2842,#2843,#2844,#2845));
#1530=AXIS2_PLACEMENT_3D('',#2846,#2847,#2848);
#1531=SURFACE_SIDE_STYLE('',(#2849));
#1532=EDGE_LOOP('',(#2850,#2851,#2852,#2853,#2854));
#1533=AXIS2_PLACEMENT_3D('',#2855,#2856,#2857);
#1534=SURFACE_SIDE_STYLE('',(#2858));
#1535=EDGE_LOOP('',(#2859,#2860,#2861,#2862));
#1536=AXIS2_PLACEMENT_3D('',#2863,#2864,#2865);
#1537=SURFACE_SIDE_STYLE('',(#2866));
#1538=EDGE_LOOP('',(#2867,#2868,#2869,#2870));
#1539=AXIS2_PLACEMENT_3D('',#2871,#2872,#2873);
#1540=SURFACE_SIDE_STYLE('',(#2874));
#1541=EDGE_LOOP('',(#2875,#2876,#2877,#2878));
#1542=AXIS2_PLACEMENT_3D('',#2879,#2880,#2881);
#1543=SURFACE_SIDE_STYLE('',(#2882));
#1544=EDGE_LOOP('',(#2883,#2884,#2885,#2886));
#1545=AXIS2_PLACEMENT_3D('',#2887,#2888,#2889);
#1546=SURFACE_SIDE_STYLE('',(#2890));
#1547=EDGE_LOOP('',(#2891,#2892,#2893,#2894,#2895));
#1548=AXIS2_PLACEMENT_3D('',#2896,#2897,#2898);
#1549=SURFACE_SIDE_STYLE('',(#2899));
#1550=EDGE_LOOP('',(#2900,#2901,#2902,#2903));
#1551=AXIS2_PLACEMENT_3D('',#2904,#2905,#2906);
#1552=SURFACE_SIDE_STYLE('',(#2907));
#1553=EDGE_LOOP('',(#2908,#2909,#2910,#2911));
#1554=AXIS2_PLACEMENT_3D('',#2912,#2913,#2914);
#1555=SURFACE_SIDE_STYLE('',(#2915));
#1556=EDGE_LOOP('',(#2916,#2917,#2918,#2919));
#1557=AXIS2_PLACEMENT_3D('',#2920,#2921,#2922);
#1558=SURFACE_SIDE_STYLE('',(#2923));
#1559=EDGE_LOOP('',(#2924,#2925,#2926,#2927));
#1560=AXIS2_PLACEMENT_3D('',#2928,#2929,#2930);
#1561=SURFACE_SIDE_STYLE('',(#2931));
#1562=EDGE_LOOP('',(#2932,#2933,#2934,#2935));
#1563=AXIS2_PLACEMENT_3D('',#2936,#2937,#2938);
#1564=SURFACE_SIDE_STYLE('',(#2939));
#1565=EDGE_LOOP('',(#2940,#2941,#2942,#2943));
#1566=AXIS2_PLACEMENT_3D('',#2944,#2945,#2946);
#1567=SURFACE_SIDE_STYLE('',(#2947));
#1568=EDGE_LOOP('',(#2948,#2949,#2950,#2951));
#1569=AXIS2_PLACEMENT_3D('',#2952,#2953,#2954);
#1570=SURFACE_SIDE_STYLE('',(#2955));
#1571=EDGE_LOOP('',(#2956,#2957,#2958,#2959));
#1572=AXIS2_PLACEMENT_3D('',#2960,#2961,#2962);
#1573=SURFACE_SIDE_STYLE('',(#2963));
#1574=EDGE_LOOP('',(#2964,#2965,#2966,#2967));
#1575=AXIS2_PLACEMENT_3D('',#2968,#2969,#2970);
#1576=SURFACE_SIDE_STYLE('',(#2971));
#1577=EDGE_LOOP('',(#2972,#2973,#2974,#2975));
#1578=AXIS2_PLACEMENT_3D('',#2976,#2977,#2978);
#1579=SURFACE_SIDE_STYLE('',(#2979));
#1580=EDGE_LOOP('',(#2980,#2981,#2982,#2983));
#1581=AXIS2_PLACEMENT_3D('',#2984,#2985,#2986);
#1582=SURFACE_SIDE_STYLE('',(#2987));
#1583=EDGE_LOOP('',(#2988,#2989,#2990,#2991));
#1584=AXIS2_PLACEMENT_3D('',#2992,#2993,#2994);
#1585=SURFACE_SIDE_STYLE('',(#2995));
#1586=EDGE_LOOP('',(#2996,#2997,#2998,#2999));
#1587=AXIS2_PLACEMENT_3D('',#3000,#3001,#3002);
#1588=SURFACE_SIDE_STYLE('',(#3003));
#1589=EDGE_LOOP('',(#3004,#3005,#3006,#3007));
#1590=AXIS2_PLACEMENT_3D('',#3008,#3009,#3010);
#1591=SURFACE_SIDE_STYLE('',(#3011));
#1592=EDGE_LOOP('',(#3012,#3013,#3014,#3015));
#1593=AXIS2_PLACEMENT_3D('',#3016,#3017,#3018);
#1594=SURFACE_SIDE_STYLE('',(#3019));
#1595=EDGE_LOOP('',(#3020,#3021,#3022,#3023));
#1596=AXIS2_PLACEMENT_3D('',#3024,#3025,#3026);
#1597=SURFACE_SIDE_STYLE('',(#3027));
#1598=EDGE_LOOP('',(#3028,#3029,#3030,#3031));
#1599=AXIS2_PLACEMENT_3D('',#3032,#3033,#3034);
#1600=SURFACE_SIDE_STYLE('',(#3035));
#1601=EDGE_LOOP('',(#3036,#3037,#3038,#3039));
#1602=AXIS2_PLACEMENT_3D('',#3040,#3041,#3042);
#1603=SURFACE_SIDE_STYLE('',(#3043));
#1604=EDGE_LOOP('',(#3044,#3045,#3046,#3047));
#1605=AXIS2_PLACEMENT_3D('',#3048,#3049,#3050);
#1606=SURFACE_SIDE_STYLE('',(#3051));
#1607=EDGE_LOOP('',(#3052,#3053,#3054,#3055,#3056,#3057,#3058,#3059,#3060,#3061,#3062));
#1608=AXIS2_PLACEMENT_3D('',#3063,#3064,#3065);
#1609=SURFACE_SIDE_STYLE('',(#3066));
#1610=EDGE_LOOP('',(#3067,#3068,#3069,#3070));
#1611=AXIS2_PLACEMENT_3D('',#3071,#3072,#3073);
#1612=SURFACE_SIDE_STYLE('',(#3074));
#1614=SURFACE_STYLE_FILL_AREA(#3075);
#1615=ORIENTED_EDGE('',*,*,#3076,.F.);
#1616=ORIENTED_EDGE('',*,*,#3077,.F.);
#1617=ORIENTED_EDGE('',*,*,#3078,.T.);
#1618=ORIENTED_EDGE('',*,*,#3079,.T.);
#1619=CARTESIAN_POINT('',(4.85,7.79999999999999,3.5527136788005E-15));
#1620=DIRECTION('',(2.22044604925031E-16,-2.46519032881566E-32,1.0));
#1621=DIRECTION('',(1.0,-2.22044604925031E-16,-2.22044604925031E-16));
#1622=SURFACE_STYLE_FILL_AREA(#3080);
#1623=ORIENTED_EDGE('',*,*,#3079,.F.);
#1624=ORIENTED_EDGE('',*,*,#3081,.T.);
#1625=ORIENTED_EDGE('',*,*,#3077,.T.);
#1626=ORIENTED_EDGE('',*,*,#3082,.F.);
#1627=CARTESIAN_POINT('',(4.85,7.79999999999999,3.5527136788005E-15));
#1628=DIRECTION('',(2.22044604925031E-16,-2.46519032881566E-32,1.0));
#1629=DIRECTION('',(1.0,-2.22044604925031E-16,-2.22044604925031E-16));
#1630=SURFACE_STYLE_FILL_AREA(#3083);
#1631=ORIENTED_EDGE('',*,*,#3076,.T.);
#1632=ORIENTED_EDGE('',*,*,#3082,.T.);
#1633=CARTESIAN_POINT('',(5.25,9.99999999999999,-0.499999999999996));
#1634=DIRECTION('',(-2.22044604925031E-16,0.0,-1.0));
#1635=DIRECTION('',(1.4791141972894E-31,-1.0,-3.28429327576128E-47));
#1636=SURFACE_STYLE_FILL_AREA(#3084);
#1637=ORIENTED_EDGE('',*,*,#3078,.F.);
#1638=ORIENTED_EDGE('',*,*,#3081,.F.);
#1639=CARTESIAN_POINT('',(5.25,9.99999999999999,4.44089209850063E-15));
#1640=DIRECTION('',(-2.22044604925031E-16,0.0,-1.0));
#1641=DIRECTION('',(1.4791141972894E-31,-1.0,-3.28429327576128E-47));
#1642=SURFACE_STYLE_FILL_AREA(#3085);
#1643=SURFACE_STYLE_FILL_AREA(#3086);
#1644=ORIENTED_EDGE('',*,*,#3087,.F.);
#1645=ORIENTED_EDGE('',*,*,#3088,.F.);
#1646=ORIENTED_EDGE('',*,*,#3089,.T.);
#1647=ORIENTED_EDGE('',*,*,#3090,.T.);
#1648=CARTESIAN_POINT('',(2.35,7.79999999999999,3.5527136788005E-15));
#1649=DIRECTION('',(2.22044604925031E-16,-2.46519032881566E-32,1.0));
#1650=DIRECTION('',(1.0,-2.22044604925031E-16,-2.22044604925031E-16));
#1651=SURFACE_STYLE_FILL_AREA(#3091);
#1652=ORIENTED_EDGE('',*,*,#3090,.F.);
#1653=ORIENTED_EDGE('',*,*,#3092,.T.);
#1654=ORIENTED_EDGE('',*,*,#3088,.T.);
#1655=ORIENTED_EDGE('',*,*,#3093,.F.);
#1656=CARTESIAN_POINT('',(2.35,7.79999999999999,3.5527136788005E-15));
#1657=DIRECTION('',(2.22044604925031E-16,-2.46519032881566E-32,1.0));
#1658=DIRECTION('',(1.0,-2.22044604925031E-16,-2.22044604925031E-16));
#1659=SURFACE_STYLE_FILL_AREA(#3094);
#1660=ORIENTED_EDGE('',*,*,#3087,.T.);
#1661=ORIENTED_EDGE('',*,*,#3093,.T.);
#1662=CARTESIAN_POINT('',(2.75,9.99999999999999,-0.499999999999996));
#1663=DIRECTION('',(-2.22044604925031E-16,0.0,-1.0));
#1664=DIRECTION('',(1.4791141972894E-31,-1.0,-3.28429327576128E-47));
#1665=SURFACE_STYLE_FILL_AREA(#3095);
#1666=ORIENTED_EDGE('',*,*,#3089,.F.);
#1667=ORIENTED_EDGE('',*,*,#3092,.F.);
#1668=CARTESIAN_POINT('',(2.75,9.99999999999999,4.44089209850063E-15));
#1669=DIRECTION('',(-2.22044604925031E-16,0.0,-1.0));
#1670=DIRECTION('',(1.4791141972894E-31,-1.0,-3.28429327576128E-47));
#1671=SURFACE_STYLE_FILL_AREA(#3096);
#1672=SURFACE_STYLE_FILL_AREA(#3097);
#1673=ORIENTED_EDGE('',*,*,#3098,.F.);
#1674=ORIENTED_EDGE('',*,*,#3099,.F.);
#1675=ORIENTED_EDGE('',*,*,#3100,.T.);
#1676=ORIENTED_EDGE('',*,*,#3101,.T.);
#1677=CARTESIAN_POINT('',(4.85,2.79999999999999,3.5527136788005E-15));
#1678=DIRECTION('',(2.22044604925031E-16,-2.46519032881566E-32,1.0));
#1679=DIRECTION('',(1.0,-2.22044604925031E-16,-2.22044604925031E-16));
#1680=SURFACE_STYLE_FILL_AREA(#3102);
#1681=ORIENTED_EDGE('',*,*,#3101,.F.);
#1682=ORIENTED_EDGE('',*,*,#3103,.T.);
#1683=ORIENTED_EDGE('',*,*,#3099,.T.);
#1684=ORIENTED_EDGE('',*,*,#3104,.F.);
#1685=CARTESIAN_POINT('',(4.85,2.79999999999999,3.5527136788005E-15));
#1686=DIRECTION('',(2.22044604925031E-16,-2.46519032881566E-32,1.0));
#1687=DIRECTION('',(1.0,-2.22044604925031E-16,-2.22044604925031E-16));
#1688=SURFACE_STYLE_FILL_AREA(#3105);
#1689=ORIENTED_EDGE('',*,*,#3098,.T.);
#1690=ORIENTED_EDGE('',*,*,#3104,.T.);
#1691=CARTESIAN_POINT('',(5.25,4.99999999999999,-0.499999999999996));
#1692=DIRECTION('',(-2.22044604925031E-16,0.0,-1.0));
#1693=DIRECTION('',(1.4791141972894E-31,-1.0,-3.28429327576128E-47));
#1694=SURFACE_STYLE_FILL_AREA(#3106);
#1695=ORIENTED_EDGE('',*,*,#3100,.F.);
#1696=ORIENTED_EDGE('',*,*,#3103,.F.);
#1697=CARTESIAN_POINT('',(5.25,4.99999999999999,4.44089209850063E-15));
#1698=DIRECTION('',(-2.22044604925031E-16,0.0,-1.0));
#1699=DIRECTION('',(1.4791141972894E-31,-1.0,-3.28429327576128E-47));
#1700=SURFACE_STYLE_FILL_AREA(#3107);
#1701=SURFACE_STYLE_FILL_AREA(#3108);
#1702=ORIENTED_EDGE('',*,*,#3109,.F.);
#1703=ORIENTED_EDGE('',*,*,#3110,.F.);
#1704=ORIENTED_EDGE('',*,*,#3111,.T.);
#1705=ORIENTED_EDGE('',*,*,#3112,.T.);
#1706=CARTESIAN_POINT('',(2.35,2.79999999999999,3.5527136788005E-15));
#1707=DIRECTION('',(2.22044604925031E-16,-2.46519032881566E-32,1.0));
#1708=DIRECTION('',(1.0,-2.22044604925031E-16,-2.22044604925031E-16));
#1709=SURFACE_STYLE_FILL_AREA(#3113);
#1710=ORIENTED_EDGE('',*,*,#3112,.F.);
#1711=ORIENTED_EDGE('',*,*,#3114,.T.);
#1712=ORIENTED_EDGE('',*,*,#3110,.T.);
#1713=ORIENTED_EDGE('',*,*,#3115,.F.);
#1714=CARTESIAN_POINT('',(2.35,2.79999999999999,3.5527136788005E-15));
#1715=DIRECTION('',(2.22044604925031E-16,-2.46519032881566E-32,1.0));
#1716=DIRECTION('',(1.0,-2.22044604925031E-16,-2.22044604925031E-16));
#1717=SURFACE_STYLE_FILL_AREA(#3116);
#1718=ORIENTED_EDGE('',*,*,#3109,.T.);
#1719=ORIENTED_EDGE('',*,*,#3115,.T.);
#1720=CARTESIAN_POINT('',(2.75,4.99999999999999,-0.499999999999996));
#1721=DIRECTION('',(-2.22044604925031E-16,0.0,-1.0));
#1722=DIRECTION('',(1.4791141972894E-31,-1.0,-3.28429327576128E-47));
#1723=SURFACE_STYLE_FILL_AREA(#3117);
#1724=ORIENTED_EDGE('',*,*,#3111,.F.);
#1725=ORIENTED_EDGE('',*,*,#3114,.F.);
#1726=CARTESIAN_POINT('',(2.75,4.99999999999999,4.44089209850063E-15));
#1727=DIRECTION('',(-2.22044604925031E-16,0.0,-1.0));
#1728=DIRECTION('',(1.4791141972894E-31,-1.0,-3.28429327576128E-47));
#1729=SURFACE_STYLE_FILL_AREA(#3118);
#1730=SURFACE_STYLE_FILL_AREA(#3119);
#1731=ORIENTED_EDGE('',*,*,#3120,.F.);
#1732=ORIENTED_EDGE('',*,*,#3121,.T.);
#1733=ORIENTED_EDGE('',*,*,#3122,.T.);
#1734=ORIENTED_EDGE('',*,*,#3123,.F.);
#1735=CARTESIAN_POINT('',(4.0,0.6,0.899999999999999));
#1736=DIRECTION('',(2.22044604925031E-16,1.0,-4.93038065763132E-32));
#1737=DIRECTION('',(2.22044604925031E-16,1.04002620399108E-46,1.0));
#1738=SURFACE_STYLE_FILL_AREA(#3124);
#1739=ORIENTED_EDGE('',*,*,#3125,.F.);
#1740=ORIENTED_EDGE('',*,*,#3126,.T.);
#1741=ORIENTED_EDGE('',*,*,#3127,.F.);
#1742=ORIENTED_EDGE('',*,*,#3121,.F.);
#1743=CARTESIAN_POINT('',(4.0,1.8732050807569,0.899999999999999));
#1744=DIRECTION('',(-2.22044604925031E-16,-1.0,4.93038065763132E-32));
#1745=DIRECTION('',(2.22044604925031E-16,1.04002620399108E-46,1.0));
#1746=SURFACE_STYLE_FILL_AREA(#3128);
#1747=ORIENTED_EDGE('',*,*,#3129,.F.);
#1748=ORIENTED_EDGE('',*,*,#3130,.F.);
#1749=ORIENTED_EDGE('',*,*,#3131,.T.);
#1750=ORIENTED_EDGE('',*,*,#3132,.T.);
#1751=CARTESIAN_POINT('',(4.0,0.0,1.6));
#1752=DIRECTION('',(-2.22044604925031E-16,-1.0,4.93038065763132E-32));
#1753=DIRECTION('',(2.22044604925031E-16,1.04002620399108E-46,1.0));
#1754=SURFACE_STYLE_FILL_AREA(#3133);
#1755=ORIENTED_EDGE('',*,*,#3134,.F.);
#1756=ORIENTED_EDGE('',*,*,#3135,.F.);
#1757=ORIENTED_EDGE('',*,*,#3136,.T.);
#1758=ORIENTED_EDGE('',*,*,#3137,.T.);
#1759=ORIENTED_EDGE('',*,*,#3138,.F.);
#1760=CARTESIAN_POINT('',(4.0,1.8732050807569,1.6));
#1761=DIRECTION('',(-2.22044604925031E-16,-1.0,4.93038065763132E-32));
#1762=DIRECTION('',(2.22044604925031E-16,1.04002620399108E-46,1.0));
#1763=SURFACE_STYLE_FILL_AREA(#3139);
#1764=ORIENTED_EDGE('',*,*,#3140,.F.);
#1765=ORIENTED_EDGE('',*,*,#3141,.T.);
#1766=ORIENTED_EDGE('',*,*,#3142,.T.);
#1767=ORIENTED_EDGE('',*,*,#3143,.T.);
#1768=ORIENTED_EDGE('',*,*,#3144,.T.);
#1769=CARTESIAN_POINT('',(1.5,1.8732050807569,1.6));
#1770=DIRECTION('',(-2.22044604925031E-16,-1.0,4.93038065763132E-32));
#1771=DIRECTION('',(2.22044604925031E-16,1.04002620399108E-46,1.0));
#1772=SURFACE_STYLE_FILL_AREA(#3145);
#1773=ORIENTED_EDGE('',*,*,#3146,.F.);
#1774=ORIENTED_EDGE('',*,*,#3147,.T.);
#1775=ORIENTED_EDGE('',*,*,#3148,.T.);
#1776=ORIENTED_EDGE('',*,*,#3149,.F.);
#1777=CARTESIAN_POINT('',(1.5,0.6,0.899999999999999));
#1778=DIRECTION('',(2.22044604925031E-16,1.0,-4.93038065763132E-32));
#1779=DIRECTION('',(2.22044604925031E-16,1.04002620399108E-46,1.0));
#1780=SURFACE_STYLE_FILL_AREA(#3150);
#1781=ORIENTED_EDGE('',*,*,#3151,.F.);
#1782=ORIENTED_EDGE('',*,*,#3152,.T.);
#1783=ORIENTED_EDGE('',*,*,#3153,.F.);
#1784=ORIENTED_EDGE('',*,*,#3147,.F.);
#1785=CARTESIAN_POINT('',(1.5,1.8732050807569,0.899999999999999));
#1786=DIRECTION('',(-2.22044604925031E-16,-1.0,4.93038065763132E-32));
#1787=DIRECTION('',(2.22044604925031E-16,1.04002620399108E-46,1.0));
#1788=SURFACE_STYLE_FILL_AREA(#3154);
#1789=ORIENTED_EDGE('',*,*,#3155,.F.);
#1790=ORIENTED_EDGE('',*,*,#3156,.F.);
#1791=ORIENTED_EDGE('',*,*,#3157,.F.);
#1792=ORIENTED_EDGE('',*,*,#3158,.T.);
#1793=CARTESIAN_POINT('',(1.5,0.0,0.899999999999999));
#1794=DIRECTION('',(2.22044604925031E-16,1.0,-4.93038065763132E-32));
#1795=DIRECTION('',(-2.22044604925031E-16,-1.04002620399108E-46,-1.0));
#1796=SURFACE_STYLE_FILL_AREA(#3159);
#1797=ORIENTED_EDGE('',*,*,#3160,.F.);
#1798=ORIENTED_EDGE('',*,*,#3161,.F.);
#1799=ORIENTED_EDGE('',*,*,#3162,.T.);
#1800=ORIENTED_EDGE('',*,*,#3163,.F.);
#1801=CARTESIAN_POINT('',(1.5,0.0,1.6));
#1802=DIRECTION('',(-2.22044604925031E-16,-1.0,4.93038065763132E-32));
#1803=DIRECTION('',(2.22044604925031E-16,1.04002620399108E-46,1.0));
#1804=SURFACE_STYLE_FILL_AREA(#3164);
#1805=ORIENTED_EDGE('',*,*,#3165,.F.);
#1806=ORIENTED_EDGE('',*,*,#3166,.F.);
#1807=ORIENTED_EDGE('',*,*,#3167,.F.);
#1808=ORIENTED_EDGE('',*,*,#3168,.T.);
#1809=CARTESIAN_POINT('',(4.0,0.0,0.899999999999999));
#1810=DIRECTION('',(2.22044604925031E-16,1.0,-4.93038065763132E-32));
#1811=DIRECTION('',(-2.22044604925031E-16,-1.04002620399108E-46,-1.0));
#1812=SURFACE_STYLE_FILL_AREA(#3169);
#1813=ORIENTED_EDGE('',*,*,#3170,.F.);
#1814=ORIENTED_EDGE('',*,*,#3171,.T.);
#1815=ORIENTED_EDGE('',*,*,#3172,.T.);
#1816=ORIENTED_EDGE('',*,*,#3173,.F.);
#1817=CARTESIAN_POINT('',(9.76996261670138E-15,13.538795,17.221698));
#1818=DIRECTION('',(1.0,-2.22044604925031E-16,-2.22044604925031E-16));
#1819=DIRECTION('',(2.22044604925031E-16,1.0,-4.93038065763132E-32));
#1820=SURFACE_STYLE_FILL_AREA(#3174);
#1821=ORIENTED_EDGE('',*,*,#3175,.T.);
#1822=ORIENTED_EDGE('',*,*,#3176,.F.);
#1823=ORIENTED_EDGE('',*,*,#3177,.F.);
#1824=ORIENTED_EDGE('',*,*,#3178,.T.);
#1825=CARTESIAN_POINT('',(1.90000000000001,6.9,5.0));
#1826=DIRECTION('',(2.22044604925031E-16,1.0263416486754E-46,1.0));
#1827=DIRECTION('',(-2.22044604925031E-16,-1.0,4.93038065763132E-32));
#1828=SURFACE_STYLE_FILL_AREA(#3179);
#1829=ORIENTED_EDGE('',*,*,#3180,.F.);
#1830=ORIENTED_EDGE('',*,*,#3181,.T.);
#1831=ORIENTED_EDGE('',*,*,#3182,.T.);
#1832=ORIENTED_EDGE('',*,*,#3183,.T.);
#1833=CARTESIAN_POINT('',(4.90000000000001,13.538795,0.0099174684064991));
#1834=DIRECTION('',(-1.57009245868377E-16,-0.965925826289068,0.258819045102521));
#1835=DIRECTION('',(-2.71947991102103E-16,-0.258819045102521,-0.965925826289068));
#1836=SURFACE_STYLE_FILL_AREA(#3184);
#1837=ORIENTED_EDGE('',*,*,#3185,.F.);
#1838=ORIENTED_EDGE('',*,*,#3186,.T.);
#1839=ORIENTED_EDGE('',*,*,#3187,.F.);
#1840=ORIENTED_EDGE('',*,*,#3188,.F.);
#1841=CARTESIAN_POINT('',(2.2,7.4,-2.0));
#1842=DIRECTION('',(-2.22044604925031E-16,-1.0,4.93038065763132E-32));
#1843=DIRECTION('',(1.0,-2.22044604925031E-16,-2.22044604925031E-16));
#1844=SURFACE_STYLE_FILL_AREA(#3189);
#1845=ORIENTED_EDGE('',*,*,#3190,.F.);
#1846=ORIENTED_EDGE('',*,*,#3191,.T.);
#1847=ORIENTED_EDGE('',*,*,#3192,.F.);
#1848=ORIENTED_EDGE('',*,*,#3193,.F.);
#1849=ORIENTED_EDGE('',*,*,#3194,.F.);
#1850=ORIENTED_EDGE('',*,*,#3195,.T.);
#1851=ORIENTED_EDGE('',*,*,#3196,.F.);
#1852=ORIENTED_EDGE('',*,*,#3188,.T.);
#1853=CARTESIAN_POINT('',(2.2,2.7527163927723,1.1876178217049));
#1854=DIRECTION('',(-1.0,2.22044604925031E-16,2.22044604925031E-16));
#1855=DIRECTION('',(-2.22044604925031E-16,-1.04002620399108E-46,-1.0));
#1856=SURFACE_STYLE_FILL_AREA(#3197);
#1857=ORIENTED_EDGE('',*,*,#3192,.T.);
#1858=ORIENTED_EDGE('',*,*,#3198,.T.);
#1859=ORIENTED_EDGE('',*,*,#3199,.T.);
#1860=ORIENTED_EDGE('',*,*,#3200,.F.);
#1861=CARTESIAN_POINT('',(2.35,8.15,-1.7));
#1862=DIRECTION('',(1.92788705471893E-16,0.992277876713668,-0.124034734589208));
#1863=DIRECTION('',(-1.0,2.22044604925031E-16,2.22044604925031E-16));
#1864=SURFACE_STYLE_FILL_AREA(#3201);
#1865=ORIENTED_EDGE('',*,*,#3196,.T.);
#1866=ORIENTED_EDGE('',*,*,#3202,.F.);
#1867=ORIENTED_EDGE('',*,*,#3203,.T.);
#1868=ORIENTED_EDGE('',*,*,#3185,.T.);
#1869=CARTESIAN_POINT('',(2.4,7.45,-1.7));
#1870=DIRECTION('',(-2.47871192749577E-16,-0.992277876713668,-0.124034734589208));
#1871=DIRECTION('',(1.92788705471893E-16,-0.124034734589208,0.992277876713668));
#1872=SURFACE_STYLE_FILL_AREA(#3204);
#1873=ORIENTED_EDGE('',*,*,#3205,.F.);
#1874=ORIENTED_EDGE('',*,*,#3206,.T.);
#1875=ORIENTED_EDGE('',*,*,#3202,.T.);
#1876=ORIENTED_EDGE('',*,*,#3195,.F.);
#1877=CARTESIAN_POINT('',(-0.149999999999995,7.67655644370746,-1.9));
#1878=DIRECTION('',(1.0,-2.22044604925031E-16,-2.22044604925031E-16));
#1879=DIRECTION('',(-2.22044604925031E-16,-1.0,4.93038065763132E-32));
#1880=SURFACE_STYLE_FILL_AREA(#3207);
#1881=ORIENTED_EDGE('',*,*,#3205,.T.);
#1882=ORIENTED_EDGE('',*,*,#3194,.T.);
#1883=ORIENTED_EDGE('',*,*,#3208,.T.);
#1884=ORIENTED_EDGE('',*,*,#3209,.T.);
#1885=CARTESIAN_POINT('',(2.2,8.2,-2.1));
#1886=DIRECTION('',(-2.22044604925031E-16,-1.04002620399108E-46,-1.0));
#1887=DIRECTION('',(-1.0,2.22044604925031E-16,2.22044604925031E-16));
#1888=SURFACE_STYLE_FILL_AREA(#3210);
#1889=ORIENTED_EDGE('',*,*,#3193,.T.);
#1890=ORIENTED_EDGE('',*,*,#3200,.T.);
#1891=ORIENTED_EDGE('',*,*,#3211,.F.);
#1892=ORIENTED_EDGE('',*,*,#3208,.F.);
#1893=CARTESIAN_POINT('',(-0.149999999999995,7.92344355629254,-1.9));
#1894=DIRECTION('',(-1.0,2.22044604925031E-16,2.22044604925031E-16));
#1895=DIRECTION('',(2.22044604925031E-16,1.0,-4.93038065763132E-32));
#1896=SURFACE_STYLE_FILL_AREA(#3212);
#1897=ORIENTED_EDGE('',*,*,#3213,.F.);
#1898=ORIENTED_EDGE('',*,*,#3214,.T.);
#1899=ORIENTED_EDGE('',*,*,#3198,.F.);
#1900=ORIENTED_EDGE('',*,*,#3191,.F.);
#1901=CARTESIAN_POINT('',(2.2,8.2,4.0));
#1902=DIRECTION('',(2.22044604925031E-16,1.0,-4.93038065763132E-32));
#1903=DIRECTION('',(2.22044604925031E-16,1.04002620399108E-46,1.0));
#1904=SURFACE_STYLE_FILL_AREA(#3215);
#1905=ORIENTED_EDGE('',*,*,#3216,.F.);
#1906=ORIENTED_EDGE('',*,*,#3217,.F.);
#1907=ORIENTED_EDGE('',*,*,#3218,.F.);
#1908=ORIENTED_EDGE('',*,*,#3219,.F.);
#1909=CARTESIAN_POINT('',(2.2,2.4,1.9124304441417));
#1910=DIRECTION('',(-2.22044604925031E-16,-1.0,4.93038065763132E-32));
#1911=DIRECTION('',(1.0,-2.22044604925031E-16,-2.22044604925031E-16));
#1912=SURFACE_STYLE_FILL_AREA(#3220);
#1913=ORIENTED_EDGE('',*,*,#3221,.F.);
#1914=ORIENTED_EDGE('',*,*,#3222,.F.);
#1915=ORIENTED_EDGE('',*,*,#3223,.F.);
#1916=ORIENTED_EDGE('',*,*,#3224,.F.);
#1917=ORIENTED_EDGE('',*,*,#3225,.F.);
#1918=ORIENTED_EDGE('',*,*,#3226,.F.);
#1919=ORIENTED_EDGE('',*,*,#3227,.F.);
#1920=ORIENTED_EDGE('',*,*,#3219,.T.);
#1921=CARTESIAN_POINT('',(2.2,2.7527163927723,1.1876178217049));
#1922=DIRECTION('',(-1.0,2.22044604925031E-16,2.22044604925031E-16));
#1923=DIRECTION('',(-2.22044604925031E-16,-1.04002620399108E-46,-1.0));
#1924=SURFACE_STYLE_FILL_AREA(#3228);
#1925=ORIENTED_EDGE('',*,*,#3227,.T.);
#1926=ORIENTED_EDGE('',*,*,#3229,.T.);
#1927=ORIENTED_EDGE('',*,*,#3230,.T.);
#1928=ORIENTED_EDGE('',*,*,#3216,.T.);
#1929=CARTESIAN_POINT('',(2.35,2.45,-1.7));
#1930=DIRECTION('',(-2.47871192749577E-16,-0.992277876713668,-0.124034734589208));
#1931=DIRECTION('',(1.92788705471893E-16,-0.124034734589208,0.992277876713668));
#1932=SURFACE_STYLE_FILL_AREA(#3231);
#1933=ORIENTED_EDGE('',*,*,#3226,.T.);
#1934=ORIENTED_EDGE('',*,*,#3232,.T.);
#1935=ORIENTED_EDGE('',*,*,#3233,.F.);
#1936=ORIENTED_EDGE('',*,*,#3229,.F.);
#1937=CARTESIAN_POINT('',(-0.149999999999997,2.6765564437075,-1.9));
#1938=DIRECTION('',(-1.0,2.22044604925031E-16,2.22044604925031E-16));
#1939=DIRECTION('',(2.22044604925031E-16,1.0,-4.93038065763132E-32));
#1940=SURFACE_STYLE_FILL_AREA(#3234);
#1941=ORIENTED_EDGE('',*,*,#3225,.T.);
#1942=ORIENTED_EDGE('',*,*,#3235,.T.);
#1943=ORIENTED_EDGE('',*,*,#3236,.T.);
#1944=ORIENTED_EDGE('',*,*,#3232,.F.);
#1945=CARTESIAN_POINT('',(2.2,2.88,-2.1));
#1946=DIRECTION('',(-2.22044604925031E-16,-1.04002620399108E-46,-1.0));
#1947=DIRECTION('',(-1.0,2.22044604925031E-16,2.22044604925031E-16));
#1948=SURFACE_STYLE_FILL_AREA(#3237);
#1949=ORIENTED_EDGE('',*,*,#3224,.T.);
#1950=ORIENTED_EDGE('',*,*,#3238,.T.);
#1951=ORIENTED_EDGE('',*,*,#3239,.F.);
#1952=ORIENTED_EDGE('',*,*,#3235,.F.);
#1953=CARTESIAN_POINT('',(-0.149999999999997,2.9234435562925,-1.9));
#1954=DIRECTION('',(-1.0,2.22044604925031E-16,2.22044604925031E-16));
#1955=DIRECTION('',(2.22044604925031E-16,1.0,-4.93038065763132E-32));
#1956=SURFACE_STYLE_FILL_AREA(#3240);
#1957=ORIENTED_EDGE('',*,*,#3223,.T.);
#1958=ORIENTED_EDGE('',*,*,#3241,.T.);
#1959=ORIENTED_EDGE('',*,*,#3242,.T.);
#1960=ORIENTED_EDGE('',*,*,#3238,.F.);
#1961=CARTESIAN_POINT('',(2.4,3.15,-1.7));
#1962=DIRECTION('',(1.92788705471893E-16,0.992277876713668,-0.124034734589208));
#1963=DIRECTION('',(-1.0,2.22044604925031E-16,2.22044604925031E-16));
#1964=SURFACE_STYLE_FILL_AREA(#3243);
#1965=ORIENTED_EDGE('',*,*,#3244,.F.);
#1966=ORIENTED_EDGE('',*,*,#3245,.T.);
#1967=ORIENTED_EDGE('',*,*,#3241,.F.);
#1968=ORIENTED_EDGE('',*,*,#3222,.T.);
#1969=CARTESIAN_POINT('',(2.2,3.2,1.5));
#1970=DIRECTION('',(2.22044604925031E-16,1.0,-4.93038065763132E-32));
#1971=DIRECTION('',(2.22044604925031E-16,1.04002620399108E-46,1.0));
#1972=SURFACE_STYLE_FILL_AREA(#3246);
#1973=ORIENTED_EDGE('',*,*,#3165,.T.);
#1974=ORIENTED_EDGE('',*,*,#3247,.T.);
#1975=ORIENTED_EDGE('',*,*,#3248,.T.);
#1976=ORIENTED_EDGE('',*,*,#3126,.F.);
#1977=CARTESIAN_POINT('',(4.0,0.0,0.899999999999999));
#1978=DIRECTION('',(2.22044604925031E-16,1.0,-4.93038065763132E-32));
#1979=DIRECTION('',(-2.22044604925031E-16,-1.04002620399108E-46,-1.0));
#1980=SURFACE_STYLE_FILL_AREA(#3249);
#1981=ORIENTED_EDGE('',*,*,#3250,.T.);
#1982=ORIENTED_EDGE('',*,*,#3251,.T.);
#1983=ORIENTED_EDGE('',*,*,#3252,.T.);
#1984=ORIENTED_EDGE('',*,*,#3253,.F.);
#1985=CARTESIAN_POINT('',(4.95,1.4401923788647,1.25));
#1986=DIRECTION('',(0.866025403784438,0.500000000000001,-1.92296268638356E-16));
#1987=DIRECTION('',(-2.22044604925031E-16,-1.04002620399108E-46,-1.0));
#1988=SURFACE_STYLE_FILL_AREA(#3254);
#1989=ORIENTED_EDGE('',*,*,#3255,.F.);
#1990=ORIENTED_EDGE('',*,*,#3256,.F.);
#1991=ORIENTED_EDGE('',*,*,#3257,.F.);
#1992=ORIENTED_EDGE('',*,*,#3258,.T.);
#1993=CARTESIAN_POINT('',(4.775,0.6,3.5));
#1994=DIRECTION('',(-2.22044604925031E-16,-1.04002620399108E-46,-1.0));
#1995=DIRECTION('',(-1.0,2.22044604925031E-16,2.22044604925031E-16));
#1996=SURFACE_STYLE_FILL_AREA(#3259);
#1997=ORIENTED_EDGE('',*,*,#3160,.T.);
#1998=ORIENTED_EDGE('',*,*,#3144,.F.);
#1999=ORIENTED_EDGE('',*,*,#3260,.F.);
#2000=ORIENTED_EDGE('',*,*,#3261,.F.);
#2001=CARTESIAN_POINT('',(1.5,0.0,1.6));
#2002=DIRECTION('',(-2.22044604925031E-16,-1.0,4.93038065763132E-32));
#2003=DIRECTION('',(2.22044604925031E-16,1.04002620399108E-46,1.0));
#2004=SURFACE_STYLE_FILL_AREA(#3262);
#2005=ORIENTED_EDGE('',*,*,#3263,.F.);
#2006=ORIENTED_EDGE('',*,*,#3264,.F.);
#2007=ORIENTED_EDGE('',*,*,#3265,.F.);
#2008=ORIENTED_EDGE('',*,*,#3260,.T.);
#2009=CARTESIAN_POINT('',(0.900000000000003,0.0,0.9291796067501));
#2010=DIRECTION('',(-2.22044604925031E-16,-1.0,4.93038065763132E-32));
#2011=DIRECTION('',(-2.22044604925031E-16,-1.04002620399108E-46,-1.0));
#2012=SURFACE_STYLE_FILL_AREA(#3266);
#2013=ORIENTED_EDGE('',*,*,#3155,.T.);
#2014=ORIENTED_EDGE('',*,*,#3267,.T.);
#2015=ORIENTED_EDGE('',*,*,#3268,.T.);
#2016=ORIENTED_EDGE('',*,*,#3152,.F.);
#2017=CARTESIAN_POINT('',(1.5,0.0,0.899999999999999));
#2018=DIRECTION('',(2.22044604925031E-16,1.0,-4.93038065763132E-32));
#2019=DIRECTION('',(-2.22044604925031E-16,-1.04002620399108E-46,-1.0));
#2020=SURFACE_STYLE_FILL_AREA(#3269);
#2021=ORIENTED_EDGE('',*,*,#3151,.T.);
#2022=ORIENTED_EDGE('',*,*,#3270,.F.);
#2023=ORIENTED_EDGE('',*,*,#3271,.T.);
#2024=ORIENTED_EDGE('',*,*,#3156,.T.);
#2025=CARTESIAN_POINT('',(1.5,1.8732050807569,0.899999999999999));
#2026=DIRECTION('',(-2.22044604925031E-16,-1.0,4.93038065763132E-32));
#2027=DIRECTION('',(2.22044604925031E-16,1.04002620399108E-46,1.0));
#2028=SURFACE_STYLE_FILL_AREA(#3272);
#2029=ORIENTED_EDGE('',*,*,#3273,.F.);
#2030=ORIENTED_EDGE('',*,*,#3274,.F.);
#2031=ORIENTED_EDGE('',*,*,#3275,.F.);
#2032=ORIENTED_EDGE('',*,*,#3276,.T.);
#2033=CARTESIAN_POINT('',(0.700000000000004,2.2,0.9291796067501));
#2034=DIRECTION('',(1.0,-2.22044604925031E-16,-2.22044604925031E-16));
#2035=DIRECTION('',(2.22044604925031E-16,1.0,-4.93038065763132E-32));
#2036=SURFACE_STYLE_FILL_AREA(#3277);
#2037=ORIENTED_EDGE('',*,*,#3278,.F.);
#2038=ORIENTED_EDGE('',*,*,#3274,.T.);
#2039=ORIENTED_EDGE('',*,*,#3279,.T.);
#2040=ORIENTED_EDGE('',*,*,#3148,.F.);
#2041=CARTESIAN_POINT('',(0.900000000000003,0.6,1.5708203932499));
#2042=DIRECTION('',(-2.22044604925031E-16,-1.0,4.93038065763132E-32));
#2043=DIRECTION('',(-2.22044604925031E-16,-9.71603427412715E-47,-1.0));
#2044=SURFACE_STYLE_FILL_AREA(#3280);
#2045=ORIENTED_EDGE('',*,*,#3281,.F.);
#2046=ORIENTED_EDGE('',*,*,#3278,.T.);
#2047=ORIENTED_EDGE('',*,*,#3153,.T.);
#2048=ORIENTED_EDGE('',*,*,#3282,.T.);
#2049=CARTESIAN_POINT('',(0.900000000000003,0.3143593539449,1.5708203932499));
#2050=DIRECTION('',(-2.22044604925031E-16,-1.0,4.93038065763132E-32));
#2051=DIRECTION('',(2.22044604925031E-16,1.04002620399108E-46,1.0));
#2052=SURFACE_STYLE_FILL_AREA(#3283);
#2053=ORIENTED_EDGE('',*,*,#3146,.T.);
#2054=ORIENTED_EDGE('',*,*,#3284,.F.);
#2055=ORIENTED_EDGE('',*,*,#3285,.F.);
#2056=ORIENTED_EDGE('',*,*,#3270,.T.);
#2057=CARTESIAN_POINT('',(1.5,0.6,0.899999999999999));
#2058=DIRECTION('',(2.22044604925031E-16,1.0,-4.93038065763132E-32));
#2059=DIRECTION('',(2.22044604925031E-16,1.04002620399108E-46,1.0));
#2060=SURFACE_STYLE_FILL_AREA(#3286);
#2061=ORIENTED_EDGE('',*,*,#3287,.T.);
#2062=ORIENTED_EDGE('',*,*,#3276,.F.);
#2063=ORIENTED_EDGE('',*,*,#3288,.F.);
#2064=ORIENTED_EDGE('',*,*,#3289,.T.);
#2065=CARTESIAN_POINT('',(0.900000000000004,2.2,0.9291796067501));
#2066=DIRECTION('',(-2.22044604925031E-16,-1.0,4.93038065763132E-32));
#2067=DIRECTION('',(-2.22044604925031E-16,-9.71603427412715E-47,-1.0));
#2068=SURFACE_STYLE_FILL_AREA(#3290);
#2069=ORIENTED_EDGE('',*,*,#3291,.F.);
#2070=ORIENTED_EDGE('',*,*,#3292,.F.);
#2071=ORIENTED_EDGE('',*,*,#3285,.T.);
#2072=ORIENTED_EDGE('',*,*,#3293,.T.);
#2073=CARTESIAN_POINT('',(2.1,0.6,1.5708203932499));
#2074=DIRECTION('',(-2.22044604925031E-16,-1.0,4.93038065763132E-32));
#2075=DIRECTION('',(-2.22044604925031E-16,-9.71603427412715E-47,-1.0));
#2076=SURFACE_STYLE_FILL_AREA(#3294);
#2077=ORIENTED_EDGE('',*,*,#3295,.F.);
#2078=ORIENTED_EDGE('',*,*,#3296,.T.);
#2079=ORIENTED_EDGE('',*,*,#3297,.T.);
#2080=ORIENTED_EDGE('',*,*,#3298,.T.);
#2081=CARTESIAN_POINT('',(4.60000000000001,11.0000024,0.9291796067501));
#2082=DIRECTION('',(-2.22044604925031E-16,-1.0,4.93038065763132E-32));
#2083=DIRECTION('',(-2.22044604925031E-16,-9.71603427412715E-47,-1.0));
#2084=SURFACE_STYLE_FILL_AREA(#3299);
#2085=ORIENTED_EDGE('',*,*,#3300,.T.);
#2086=ORIENTED_EDGE('',*,*,#3301,.T.);
#2087=ORIENTED_EDGE('',*,*,#3302,.T.);
#2088=ORIENTED_EDGE('',*,*,#3303,.F.);
#2089=CARTESIAN_POINT('',(2.45,1.4401923788647,1.25));
#2090=DIRECTION('',(0.866025403784438,0.500000000000001,-1.92296268638356E-16));
#2091=DIRECTION('',(-2.22044604925031E-16,-1.04002620399108E-46,-1.0));
#2092=SURFACE_STYLE_FILL_AREA(#3304);
#2093=ORIENTED_EDGE('',*,*,#3305,.T.);
#2094=ORIENTED_EDGE('',*,*,#3297,.F.);
#2095=ORIENTED_EDGE('',*,*,#3250,.F.);
#2096=ORIENTED_EDGE('',*,*,#3306,.T.);
#2097=CARTESIAN_POINT('',(4.80000000000001,7.2,2.5));
#2098=DIRECTION('',(-1.0,2.22044604925031E-16,2.22044604925031E-16));
#2099=DIRECTION('',(-2.22044604925031E-16,-1.04002620399108E-46,-1.0));
#2100=SURFACE_STYLE_FILL_AREA(#3307);
#2101=ORIENTED_EDGE('',*,*,#3308,.T.);
#2102=ORIENTED_EDGE('',*,*,#3309,.T.);
#2103=ORIENTED_EDGE('',*,*,#3310,.F.);
#2104=ORIENTED_EDGE('',*,*,#3311,.T.);
#2105=CARTESIAN_POINT('',(2.10000000000001,11.0000024,0.9291796067501));
#2106=DIRECTION('',(-2.22044604925031E-16,-1.0,4.93038065763132E-32));
#2107=DIRECTION('',(-2.22044604925031E-16,-9.71603427412715E-47,-1.0));
#2108=SURFACE_STYLE_FILL_AREA(#3312);
#2109=ORIENTED_EDGE('',*,*,#3313,.T.);
#2110=ORIENTED_EDGE('',*,*,#3308,.F.);
#2111=ORIENTED_EDGE('',*,*,#3300,.F.);
#2112=ORIENTED_EDGE('',*,*,#3291,.T.);
#2113=CARTESIAN_POINT('',(2.30000000000001,7.2,2.5));
#2114=DIRECTION('',(-1.0,2.22044604925031E-16,2.22044604925031E-16));
#2115=DIRECTION('',(-2.22044604925031E-16,-1.04002620399108E-46,-1.0));
#2116=SURFACE_STYLE_FILL_AREA(#3314);
#2117=ORIENTED_EDGE('',*,*,#3315,.F.);
#2118=ORIENTED_EDGE('',*,*,#3316,.F.);
#2119=ORIENTED_EDGE('',*,*,#3310,.T.);
#2120=ORIENTED_EDGE('',*,*,#3317,.T.);
#2121=CARTESIAN_POINT('',(1.5,0.6,1.6));
#2122=DIRECTION('',(-2.22044604925031E-16,-1.0,4.93038065763132E-32));
#2123=DIRECTION('',(-2.22044604925031E-16,-1.04002620399108E-46,-1.0));
#2124=SURFACE_STYLE_FILL_AREA(#3318);
#2125=ORIENTED_EDGE('',*,*,#3319,.F.);
#2126=ORIENTED_EDGE('',*,*,#3315,.T.);
#2127=ORIENTED_EDGE('',*,*,#3320,.T.);
#2128=ORIENTED_EDGE('',*,*,#3321,.F.);
#2129=ORIENTED_EDGE('',*,*,#3141,.F.);
#2130=CARTESIAN_POINT('',(2.1,2.2,0.699999999999999));
#2131=DIRECTION('',(2.22044604925031E-16,1.04002620399108E-46,1.0));
#2132=DIRECTION('',(2.22044604925031E-16,1.0,-4.93038065763132E-32));
#2133=SURFACE_STYLE_FILL_AREA(#3322);
#2134=ORIENTED_EDGE('',*,*,#3323,.T.);
#2135=ORIENTED_EDGE('',*,*,#3289,.F.);
#2136=ORIENTED_EDGE('',*,*,#3142,.F.);
#2137=ORIENTED_EDGE('',*,*,#3321,.T.);
#2138=CARTESIAN_POINT('',(1.5,2.2,1.6));
#2139=DIRECTION('',(-2.22044604925031E-16,-1.0,4.93038065763132E-32));
#2140=DIRECTION('',(-2.22044604925031E-16,-1.04002620399108E-46,-1.0));
#2141=SURFACE_STYLE_FILL_AREA(#3324);
#2142=ORIENTED_EDGE('',*,*,#3143,.F.);
#2143=ORIENTED_EDGE('',*,*,#3288,.T.);
#2144=ORIENTED_EDGE('',*,*,#3325,.T.);
#2145=ORIENTED_EDGE('',*,*,#3263,.T.);
#2146=CARTESIAN_POINT('',(0.900000000000003,0.3143593539449,0.9291796067501));
#2147=DIRECTION('',(-2.22044604925031E-16,-1.0,4.93038065763132E-32));
#2148=DIRECTION('',(2.22044604925031E-16,1.04002620399108E-46,1.0));
#2149=SURFACE_STYLE_FILL_AREA(#3326);
#2150=ORIENTED_EDGE('',*,*,#3140,.T.);
#2151=ORIENTED_EDGE('',*,*,#3163,.T.);
#2152=ORIENTED_EDGE('',*,*,#3327,.F.);
#2153=ORIENTED_EDGE('',*,*,#3316,.T.);
#2154=ORIENTED_EDGE('',*,*,#3319,.T.);
#2155=CARTESIAN_POINT('',(1.5,1.8732050807569,1.6));
#2156=DIRECTION('',(-2.22044604925031E-16,-1.0,4.93038065763132E-32));
#2157=DIRECTION('',(2.22044604925031E-16,1.04002620399108E-46,1.0));
#2158=SURFACE_STYLE_FILL_AREA(#3328);
#2159=ORIENTED_EDGE('',*,*,#3284,.T.);
#2160=ORIENTED_EDGE('',*,*,#3149,.T.);
#2161=ORIENTED_EDGE('',*,*,#3279,.F.);
#2162=ORIENTED_EDGE('',*,*,#3273,.T.);
#2163=ORIENTED_EDGE('',*,*,#3287,.F.);
#2164=ORIENTED_EDGE('',*,*,#3323,.F.);
#2165=ORIENTED_EDGE('',*,*,#3320,.F.);
#2166=ORIENTED_EDGE('',*,*,#3317,.F.);
#2167=ORIENTED_EDGE('',*,*,#3309,.F.);
#2168=ORIENTED_EDGE('',*,*,#3313,.F.);
#2169=ORIENTED_EDGE('',*,*,#3293,.F.);
#2170=CARTESIAN_POINT('',(2.16031264575885,2.4,2.1806607385806));
#2171=DIRECTION('',(2.22044604925031E-16,1.0,-4.93038065763132E-32));
#2172=DIRECTION('',(2.22044604925031E-16,1.04002620399108E-46,1.0));
#2173=SURFACE_STYLE_FILL_AREA(#3329);
#2174=ORIENTED_EDGE('',*,*,#3282,.F.);
#2175=ORIENTED_EDGE('',*,*,#3268,.F.);
#2176=ORIENTED_EDGE('',*,*,#3330,.F.);
#2177=ORIENTED_EDGE('',*,*,#3331,.T.);
#2178=CARTESIAN_POINT('',(0.900000000000003,0.0,1.5708203932499));
#2179=DIRECTION('',(-2.22044604925031E-16,-1.0,4.93038065763132E-32));
#2180=DIRECTION('',(-2.22044604925031E-16,-1.04002620399108E-46,-1.0));
#2181=SURFACE_STYLE_FILL_AREA(#3332);
#2182=ORIENTED_EDGE('',*,*,#3331,.F.);
#2183=ORIENTED_EDGE('',*,*,#3333,.F.);
#2184=ORIENTED_EDGE('',*,*,#3264,.T.);
#2185=ORIENTED_EDGE('',*,*,#3334,.F.);
#2186=CARTESIAN_POINT('',(0.400000000000004,0.0,1.7660254037844));
#2187=DIRECTION('',(-1.0,2.22044604925031E-16,2.22044604925031E-16));
#2188=DIRECTION('',(-2.22044604925031E-16,-1.04002620399108E-46,-1.0));
#2189=SURFACE_STYLE_FILL_AREA(#3335);
#2190=ORIENTED_EDGE('',*,*,#3275,.T.);
#2191=ORIENTED_EDGE('',*,*,#3281,.T.);
#2192=ORIENTED_EDGE('',*,*,#3334,.T.);
#2193=ORIENTED_EDGE('',*,*,#3325,.F.);
#2194=CARTESIAN_POINT('',(0.550000000000004,1.4401923788647,1.25));
#2195=DIRECTION('',(-0.866025403784438,0.500000000000001,1.92296268638356E-16));
#2196=DIRECTION('',(-2.22044604925031E-16,-1.04002620399108E-46,-1.0));
#2197=SURFACE_STYLE_FILL_AREA(#3336);
#2198=ORIENTED_EDGE('',*,*,#3337,.F.);
#2199=ORIENTED_EDGE('',*,*,#3338,.T.);
#2200=ORIENTED_EDGE('',*,*,#3339,.T.);
#2201=ORIENTED_EDGE('',*,*,#3340,.F.);
#2202=CARTESIAN_POINT('',(1.5,0.450000000000001,3.620577136594));
#2203=DIRECTION('',(-2.71947991102103E-16,-0.258819045102521,-0.965925826289068));
#2204=DIRECTION('',(-1.57009245868377E-16,-0.965925826289068,0.258819045102521));
#2205=SURFACE_STYLE_FILL_AREA(#3341);
#2206=ORIENTED_EDGE('',*,*,#3342,.F.);
#2207=ORIENTED_EDGE('',*,*,#3343,.T.);
#2208=ORIENTED_EDGE('',*,*,#3344,.T.);
#2209=ORIENTED_EDGE('',*,*,#3345,.T.);
#2210=ORIENTED_EDGE('',*,*,#3346,.T.);
#2211=ORIENTED_EDGE('',*,*,#3347,.F.);
#2212=ORIENTED_EDGE('',*,*,#3348,.T.);
#2213=ORIENTED_EDGE('',*,*,#3349,.F.);
#2214=CARTESIAN_POINT('',(7.05600940453331,1.2,4.7164016819684));
#2215=DIRECTION('',(-2.22044604925031E-16,-1.0,4.93038065763132E-32));
#2216=DIRECTION('',(1.0,-2.22044604925031E-16,-2.22044604925031E-16));
#2217=SURFACE_STYLE_FILL_AREA(#3350);
#2218=ORIENTED_EDGE('',*,*,#3342,.T.);
#2219=ORIENTED_EDGE('',*,*,#3351,.F.);
#2220=ORIENTED_EDGE('',*,*,#3352,.T.);
#2221=ORIENTED_EDGE('',*,*,#3353,.F.);
#2222=CARTESIAN_POINT('',(3.99680288865056E-15,1.9715555979774,2.5));
#2223=DIRECTION('',(2.22044604925031E-16,1.04002620399108E-46,1.0));
#2224=DIRECTION('',(2.22044604925031E-16,1.0,-4.93038065763132E-32));
#2225=SURFACE_STYLE_FILL_AREA(#3354);
#2226=ORIENTED_EDGE('',*,*,#3349,.T.);
#2227=ORIENTED_EDGE('',*,*,#3355,.F.);
#2228=ORIENTED_EDGE('',*,*,#3356,.F.);
#2229=ORIENTED_EDGE('',*,*,#3351,.T.);
#2230=CARTESIAN_POINT('',(0.600000000000007,13.538795,2.6));
#2231=DIRECTION('',(-2.22044604925031E-16,-1.0,4.93038065763132E-32));
#2232=DIRECTION('',(-2.22044604925031E-16,-9.71603427412715E-47,-1.0));
#2233=SURFACE_STYLE_FILL_AREA(#3357);
#2234=ORIENTED_EDGE('',*,*,#3358,.F.);
#2235=ORIENTED_EDGE('',*,*,#3359,.T.);
#2236=ORIENTED_EDGE('',*,*,#3360,.T.);
#2237=ORIENTED_EDGE('',*,*,#3355,.T.);
#2238=ORIENTED_EDGE('',*,*,#3348,.F.);
#2239=CARTESIAN_POINT('',(0.500000000000005,3.0877742221557,3.3360615720441));
#2240=DIRECTION('',(1.0,-2.22044604925031E-16,-2.22044604925031E-16));
#2241=DIRECTION('',(2.22044604925031E-16,1.0,-4.93038065763132E-32));
#2242=SURFACE_STYLE_FILL_AREA(#3361);
#2243=ORIENTED_EDGE('',*,*,#3340,.T.);
#2244=ORIENTED_EDGE('',*,*,#3362,.T.);
#2245=ORIENTED_EDGE('',*,*,#3359,.F.);
#2246=ORIENTED_EDGE('',*,*,#3363,.F.);
#2247=CARTESIAN_POINT('',(0.600000000000006,13.538795,0.0099174684064991));
#2248=DIRECTION('',(1.57009245868377E-16,0.965925826289068,-0.258819045102521));
#2249=DIRECTION('',(2.71947991102103E-16,0.258819045102521,0.965925826289068));
#2250=SURFACE_STYLE_FILL_AREA(#3364);
#2251=ORIENTED_EDGE('',*,*,#3337,.T.);
#2252=ORIENTED_EDGE('',*,*,#3365,.T.);
#2253=ORIENTED_EDGE('',*,*,#3346,.F.);
#2254=ORIENTED_EDGE('',*,*,#3366,.T.);
#2255=CARTESIAN_POINT('',(2.275,0.6,3.5));
#2256=DIRECTION('',(-2.22044604925031E-16,-1.04002620399108E-46,-1.0));
#2257=DIRECTION('',(-1.0,2.22044604925031E-16,2.22044604925031E-16));
#2258=SURFACE_STYLE_FILL_AREA(#3367);
#2259=ORIENTED_EDGE('',*,*,#3358,.T.);
#2260=ORIENTED_EDGE('',*,*,#3347,.T.);
#2261=ORIENTED_EDGE('',*,*,#3365,.F.);
#2262=ORIENTED_EDGE('',*,*,#3363,.T.);
#2263=CARTESIAN_POINT('',(0.600000000000007,13.538795,3.4));
#2264=DIRECTION('',(-2.22044604925031E-16,-1.0,4.93038065763132E-32));
#2265=DIRECTION('',(-2.22044604925031E-16,-9.71603427412715E-47,-1.0));
#2266=SURFACE_STYLE_FILL_AREA(#3368);
#2267=ORIENTED_EDGE('',*,*,#3369,.T.);
#2268=ORIENTED_EDGE('',*,*,#3370,.F.);
#2269=ORIENTED_EDGE('',*,*,#3172,.F.);
#2270=ORIENTED_EDGE('',*,*,#3371,.T.);
#2271=CARTESIAN_POINT('',(0.300000000000007,13.538795,4.7));
#2272=DIRECTION('',(-2.22044604925031E-16,-1.0,4.93038065763132E-32));
#2273=DIRECTION('',(-2.22044604925031E-16,-1.13125657276222E-46,-1.0));
#2274=SURFACE_STYLE_FILL_AREA(#3372);
#2275=ORIENTED_EDGE('',*,*,#3373,.F.);
#2276=ORIENTED_EDGE('',*,*,#3374,.T.);
#2277=ORIENTED_EDGE('',*,*,#3375,.F.);
#2278=ORIENTED_EDGE('',*,*,#3176,.T.);
#2279=CARTESIAN_POINT('',(2.00000000000001,6.1,5.0));
#2280=DIRECTION('',(1.0,-2.22044604925031E-16,-2.22044604925031E-16));
#2281=DIRECTION('',(2.22044604925031E-16,1.0,-4.93038065763132E-32));
#2282=SURFACE_STYLE_FILL_AREA(#3376);
#2283=ORIENTED_EDGE('',*,*,#3377,.F.);
#2284=ORIENTED_EDGE('',*,*,#3378,.T.);
#2285=ORIENTED_EDGE('',*,*,#3379,.T.);
#2286=ORIENTED_EDGE('',*,*,#3374,.F.);
#2287=CARTESIAN_POINT('',(1.90000000000001,6.1,5.0));
#2288=DIRECTION('',(-2.22044604925031E-16,-1.0263416486754E-46,-1.0));
#2289=DIRECTION('',(2.22044604925031E-16,1.0,-4.93038065763132E-32));
#2290=SURFACE_STYLE_FILL_AREA(#3380);
#2291=ORIENTED_EDGE('',*,*,#3381,.F.);
#2292=ORIENTED_EDGE('',*,*,#3382,.T.);
#2293=ORIENTED_EDGE('',*,*,#3383,.F.);
#2294=ORIENTED_EDGE('',*,*,#3178,.F.);
#2295=CARTESIAN_POINT('',(1.90000000000001,7.0,5.0));
#2296=DIRECTION('',(2.22044604925031E-16,1.0,-4.93038065763132E-32));
#2297=DIRECTION('',(2.22044604925031E-16,1.04002620399108E-46,1.0));
#2298=SURFACE_STYLE_FILL_AREA(#3384);
#2299=ORIENTED_EDGE('',*,*,#3383,.T.);
#2300=ORIENTED_EDGE('',*,*,#3385,.F.);
#2301=ORIENTED_EDGE('',*,*,#3386,.F.);
#2302=ORIENTED_EDGE('',*,*,#3387,.F.);
#2303=ORIENTED_EDGE('',*,*,#3388,.F.);
#2304=ORIENTED_EDGE('',*,*,#3377,.T.);
#2305=ORIENTED_EDGE('',*,*,#3373,.T.);
#2306=ORIENTED_EDGE('',*,*,#3175,.F.);
#2307=CARTESIAN_POINT('',(0.500000000000006,10.0,4.390594687687));
#2308=DIRECTION('',(2.22044604925031E-16,1.04002620399108E-46,1.0));
#2309=DIRECTION('',(2.22044604925031E-16,1.0,-4.93038065763132E-32));
#2310=SURFACE_STYLE_FILL_AREA(#3389);
#2311=ORIENTED_EDGE('',*,*,#3385,.T.);
#2312=ORIENTED_EDGE('',*,*,#3382,.F.);
#2313=ORIENTED_EDGE('',*,*,#3390,.F.);
#2314=ORIENTED_EDGE('',*,*,#3391,.T.);
#2315=CARTESIAN_POINT('',(1.10000000000001,6.9,5.0));
#2316=DIRECTION('',(2.22044604925031E-16,1.0263416486754E-46,1.0));
#2317=DIRECTION('',(-2.22044604925031E-16,-1.0,4.93038065763132E-32));
#2318=SURFACE_STYLE_FILL_AREA(#3392);
#2319=ORIENTED_EDGE('',*,*,#3386,.T.);
#2320=ORIENTED_EDGE('',*,*,#3391,.F.);
#2321=ORIENTED_EDGE('',*,*,#3393,.F.);
#2322=ORIENTED_EDGE('',*,*,#3394,.T.);
#2323=CARTESIAN_POINT('',(1.00000000000001,6.9,5.0));
#2324=DIRECTION('',(-1.0,2.22044604925031E-16,2.22044604925031E-16));
#2325=DIRECTION('',(-2.22044604925031E-16,-1.04002620399108E-46,-1.0));
#2326=SURFACE_STYLE_FILL_AREA(#3395);
#2327=ORIENTED_EDGE('',*,*,#3387,.T.);
#2328=ORIENTED_EDGE('',*,*,#3394,.F.);
#2329=ORIENTED_EDGE('',*,*,#3396,.F.);
#2330=ORIENTED_EDGE('',*,*,#3397,.T.);
#2331=CARTESIAN_POINT('',(1.10000000000001,6.1,5.0));
#2332=DIRECTION('',(2.22044604925031E-16,1.0263416486754E-46,1.0));
#2333=DIRECTION('',(-2.22044604925031E-16,-1.0,4.93038065763132E-32));
#2334=SURFACE_STYLE_FILL_AREA(#3398);
#2335=ORIENTED_EDGE('',*,*,#3399,.F.);
#2336=ORIENTED_EDGE('',*,*,#3378,.F.);
#2337=ORIENTED_EDGE('',*,*,#3388,.T.);
#2338=ORIENTED_EDGE('',*,*,#3397,.F.);
#2339=CARTESIAN_POINT('',(1.10000000000001,6.0,5.0));
#2340=DIRECTION('',(-2.22044604925031E-16,-1.0,4.93038065763132E-32));
#2341=DIRECTION('',(1.0,-2.22044604925031E-16,-2.22044604925031E-16));
#2342=SURFACE_STYLE_FILL_AREA(#3400);
#2343=ORIENTED_EDGE('',*,*,#3401,.T.);
#2344=ORIENTED_EDGE('',*,*,#3371,.F.);
#2345=ORIENTED_EDGE('',*,*,#3171,.F.);
#2346=ORIENTED_EDGE('',*,*,#3402,.T.);
#2347=ORIENTED_EDGE('',*,*,#3403,.F.);
#2348=ORIENTED_EDGE('',*,*,#3404,.T.);
#2349=ORIENTED_EDGE('',*,*,#3352,.F.);
#2350=ORIENTED_EDGE('',*,*,#3356,.T.);
#2351=ORIENTED_EDGE('',*,*,#3360,.F.);
#2352=ORIENTED_EDGE('',*,*,#3362,.F.);
#2353=ORIENTED_EDGE('',*,*,#3339,.F.);
#2354=ORIENTED_EDGE('',*,*,#3405,.F.);
#2355=ORIENTED_EDGE('',*,*,#3406,.F.);
#2356=ORIENTED_EDGE('',*,*,#3407,.F.);
#2357=ORIENTED_EDGE('',*,*,#3168,.F.);
#2358=ORIENTED_EDGE('',*,*,#3408,.T.);
#2359=ORIENTED_EDGE('',*,*,#3409,.T.);
#2360=ORIENTED_EDGE('',*,*,#3410,.T.);
#2361=ORIENTED_EDGE('',*,*,#3130,.T.);
#2362=ORIENTED_EDGE('',*,*,#3411,.T.);
#2363=ORIENTED_EDGE('',*,*,#3412,.T.);
#2364=ORIENTED_EDGE('',*,*,#3413,.T.);
#2365=ORIENTED_EDGE('',*,*,#3414,.T.);
#2366=ORIENTED_EDGE('',*,*,#3247,.F.);
#2367=ORIENTED_EDGE('',*,*,#3415,.T.);
#2368=ORIENTED_EDGE('',*,*,#3181,.F.);
#2369=ORIENTED_EDGE('',*,*,#3416,.T.);
#2370=ORIENTED_EDGE('',*,*,#3417,.F.);
#2371=ORIENTED_EDGE('',*,*,#3418,.T.);
#2372=ORIENTED_EDGE('',*,*,#3419,.F.);
#2373=ORIENTED_EDGE('',*,*,#3420,.F.);
#2374=ORIENTED_EDGE('',*,*,#3421,.F.);
#2375=ORIENTED_EDGE('',*,*,#3158,.F.);
#2376=ORIENTED_EDGE('',*,*,#3422,.T.);
#2377=ORIENTED_EDGE('',*,*,#3423,.T.);
#2378=ORIENTED_EDGE('',*,*,#3424,.T.);
#2379=ORIENTED_EDGE('',*,*,#3161,.T.);
#2380=ORIENTED_EDGE('',*,*,#3261,.T.);
#2381=ORIENTED_EDGE('',*,*,#3265,.T.);
#2382=ORIENTED_EDGE('',*,*,#3333,.T.);
#2383=ORIENTED_EDGE('',*,*,#3330,.T.);
#2384=ORIENTED_EDGE('',*,*,#3267,.F.);
#2385=CARTESIAN_POINT('',(4.55600940453331,0.0,4.7164016819684));
#2386=DIRECTION('',(-2.22044604925031E-16,-1.0,4.93038065763132E-32));
#2387=DIRECTION('',(1.0,-2.22044604925031E-16,-2.22044604925031E-16));
#2388=SURFACE_STYLE_FILL_AREA(#3425);
#2389=ORIENTED_EDGE('',*,*,#3426,.F.);
#2390=ORIENTED_EDGE('',*,*,#3369,.F.);
#2391=ORIENTED_EDGE('',*,*,#3401,.F.);
#2392=ORIENTED_EDGE('',*,*,#3427,.F.);
#2393=ORIENTED_EDGE('',*,*,#3428,.T.);
#2394=ORIENTED_EDGE('',*,*,#3429,.T.);
#2395=ORIENTED_EDGE('',*,*,#3430,.T.);
#2396=ORIENTED_EDGE('',*,*,#3431,.T.);
#2397=ORIENTED_EDGE('',*,*,#3432,.F.);
#2398=ORIENTED_EDGE('',*,*,#3433,.T.);
#2399=ORIENTED_EDGE('',*,*,#3434,.F.);
#2400=ORIENTED_EDGE('',*,*,#3435,.F.);
#2401=ORIENTED_EDGE('',*,*,#3381,.T.);
#2402=ORIENTED_EDGE('',*,*,#3177,.T.);
#2403=ORIENTED_EDGE('',*,*,#3375,.T.);
#2404=ORIENTED_EDGE('',*,*,#3379,.F.);
#2405=ORIENTED_EDGE('',*,*,#3399,.T.);
#2406=ORIENTED_EDGE('',*,*,#3396,.T.);
#2407=ORIENTED_EDGE('',*,*,#3393,.T.);
#2408=ORIENTED_EDGE('',*,*,#3390,.T.);
#2409=CARTESIAN_POINT('',(1.92178188001576,6.76079642347222,5.0));
#2410=DIRECTION('',(2.22044604925031E-16,1.04002620399108E-46,1.0));
#2411=DIRECTION('',(2.22044604925031E-16,1.0,-4.93038065763132E-32));
#2412=SURFACE_STYLE_FILL_AREA(#3436);
#2413=ORIENTED_EDGE('',*,*,#3437,.F.);
#2414=ORIENTED_EDGE('',*,*,#3173,.T.);
#2415=ORIENTED_EDGE('',*,*,#3370,.T.);
#2416=ORIENTED_EDGE('',*,*,#3426,.T.);
#2417=ORIENTED_EDGE('',*,*,#3438,.F.);
#2418=ORIENTED_EDGE('',*,*,#3439,.F.);
#2419=CARTESIAN_POINT('',(2.2075542054329,10.0,4.7087245568884));
#2420=DIRECTION('',(2.22044604925031E-16,1.0,-4.93038065763132E-32));
#2421=DIRECTION('',(2.22044604925031E-16,1.04002620399108E-46,1.0));
#2422=SURFACE_STYLE_FILL_AREA(#3440);
#2423=ORIENTED_EDGE('',*,*,#3437,.T.);
#2424=ORIENTED_EDGE('',*,*,#3441,.F.);
#2425=ORIENTED_EDGE('',*,*,#3402,.F.);
#2426=ORIENTED_EDGE('',*,*,#3170,.T.);
#2427=ORIENTED_EDGE('',*,*,#3442,.T.);
#2428=ORIENTED_EDGE('',*,*,#3443,.T.);
#2429=ORIENTED_EDGE('',*,*,#3444,.T.);
#2430=ORIENTED_EDGE('',*,*,#3445,.T.);
#2431=ORIENTED_EDGE('',*,*,#3446,.T.);
#2432=ORIENTED_EDGE('',*,*,#3447,.T.);
#2433=ORIENTED_EDGE('',*,*,#3448,.T.);
#2434=ORIENTED_EDGE('',*,*,#3449,.T.);
#2435=ORIENTED_EDGE('',*,*,#3187,.T.);
#2436=ORIENTED_EDGE('',*,*,#3450,.T.);
#2437=ORIENTED_EDGE('',*,*,#3213,.T.);
#2438=ORIENTED_EDGE('',*,*,#3190,.T.);
#2439=ORIENTED_EDGE('',*,*,#3244,.T.);
#2440=ORIENTED_EDGE('',*,*,#3221,.T.);
#2441=ORIENTED_EDGE('',*,*,#3218,.T.);
#2442=ORIENTED_EDGE('',*,*,#3451,.T.);
#2443=CARTESIAN_POINT('',(-1.25535648875618,8.78117850781849,0.0));
#2444=DIRECTION('',(-2.22044604925031E-16,-1.04002620399108E-46,-1.0));
#2445=DIRECTION('',(-1.0,2.22044604925031E-16,2.22044604925031E-16));
#2446=SURFACE_STYLE_FILL_AREA(#3452);
#2447=ORIENTED_EDGE('',*,*,#3137,.F.);
#2448=ORIENTED_EDGE('',*,*,#3453,.T.);
#2449=ORIENTED_EDGE('',*,*,#3454,.T.);
#2450=ORIENTED_EDGE('',*,*,#3455,.T.);
#2451=CARTESIAN_POINT('',(3.4,0.3143593539449,0.9291796067501));
#2452=DIRECTION('',(-2.22044604925031E-16,-1.0,4.93038065763132E-32));
#2453=DIRECTION('',(2.22044604925031E-16,1.04002620399108E-46,1.0));
#2454=SURFACE_STYLE_FILL_AREA(#3456);
#2455=ORIENTED_EDGE('',*,*,#3245,.F.);
#2456=ORIENTED_EDGE('',*,*,#3451,.F.);
#2457=ORIENTED_EDGE('',*,*,#3217,.T.);
#2458=ORIENTED_EDGE('',*,*,#3230,.F.);
#2459=ORIENTED_EDGE('',*,*,#3233,.T.);
#2460=ORIENTED_EDGE('',*,*,#3236,.F.);
#2461=ORIENTED_EDGE('',*,*,#3239,.T.);
#2462=ORIENTED_EDGE('',*,*,#3242,.F.);
#2463=CARTESIAN_POINT('',(2.5,7.72883819931255,3.783828272255));
#2464=DIRECTION('',(1.0,-2.22044604925031E-16,-2.22044604925031E-16));
#2465=DIRECTION('',(2.22044604925031E-16,1.0,-4.93038065763132E-32));
#2466=SURFACE_STYLE_FILL_AREA(#3457);
#2467=ORIENTED_EDGE('',*,*,#3134,.T.);
#2468=ORIENTED_EDGE('',*,*,#3132,.F.);
#2469=ORIENTED_EDGE('',*,*,#3458,.F.);
#2470=ORIENTED_EDGE('',*,*,#3459,.F.);
#2471=ORIENTED_EDGE('',*,*,#3460,.F.);
#2472=CARTESIAN_POINT('',(4.0,1.8732050807569,1.6));
#2473=DIRECTION('',(-2.22044604925031E-16,-1.0,4.93038065763132E-32));
#2474=DIRECTION('',(2.22044604925031E-16,1.04002620399108E-46,1.0));
#2475=SURFACE_STYLE_FILL_AREA(#3461);
#2476=ORIENTED_EDGE('',*,*,#3462,.T.);
#2477=ORIENTED_EDGE('',*,*,#3419,.T.);
#2478=ORIENTED_EDGE('',*,*,#3463,.F.);
#2479=ORIENTED_EDGE('',*,*,#3464,.F.);
#2480=CARTESIAN_POINT('',(3.10000000000001,13.538795,2.6));
#2481=DIRECTION('',(2.22044604925031E-16,1.0,-4.93038065763132E-32));
#2482=DIRECTION('',(2.22044604925031E-16,9.71603427412715E-47,1.0));
#2483=SURFACE_STYLE_FILL_AREA(#3465);
#2484=ORIENTED_EDGE('',*,*,#3466,.F.);
#2485=ORIENTED_EDGE('',*,*,#3421,.T.);
#2486=ORIENTED_EDGE('',*,*,#3467,.T.);
#2487=ORIENTED_EDGE('',*,*,#3468,.T.);
#2488=CARTESIAN_POINT('',(3.1,13.538795,0.0099174684064991));
#2489=DIRECTION('',(-1.57009245868377E-16,-0.965925826289068,0.258819045102521));
#2490=DIRECTION('',(-2.71947991102103E-16,-0.258819045102521,-0.965925826289068));
#2491=SURFACE_STYLE_FILL_AREA(#3469);
#2492=ORIENTED_EDGE('',*,*,#3470,.F.);
#2493=ORIENTED_EDGE('',*,*,#3471,.F.);
#2494=ORIENTED_EDGE('',*,*,#3472,.T.);
#2495=ORIENTED_EDGE('',*,*,#3417,.T.);
#2496=CARTESIAN_POINT('',(4.90000000000001,13.538795,2.6));
#2497=DIRECTION('',(2.22044604925031E-16,1.0,-4.93038065763132E-32));
#2498=DIRECTION('',(2.22044604925031E-16,9.71603427412715E-47,1.0));
#2499=SURFACE_STYLE_FILL_AREA(#3473);
#2500=ORIENTED_EDGE('',*,*,#3474,.F.);
#2501=ORIENTED_EDGE('',*,*,#3475,.F.);
#2502=ORIENTED_EDGE('',*,*,#3464,.T.);
#2503=ORIENTED_EDGE('',*,*,#3476,.T.);
#2504=ORIENTED_EDGE('',*,*,#3471,.T.);
#2505=ORIENTED_EDGE('',*,*,#3477,.T.);
#2506=ORIENTED_EDGE('',*,*,#3478,.F.);
#2507=ORIENTED_EDGE('',*,*,#3255,.T.);
#2508=CARTESIAN_POINT('',(7.05600940453331,1.2,4.7164016819684));
#2509=DIRECTION('',(-2.22044604925031E-16,-1.0,4.93038065763132E-32));
#2510=DIRECTION('',(1.0,-2.22044604925031E-16,-2.22044604925031E-16));
#2511=SURFACE_STYLE_FILL_AREA(#3479);
#2512=ORIENTED_EDGE('',*,*,#3480,.T.);
#2513=ORIENTED_EDGE('',*,*,#3481,.F.);
#2514=ORIENTED_EDGE('',*,*,#3136,.F.);
#2515=ORIENTED_EDGE('',*,*,#3482,.T.);
#2516=CARTESIAN_POINT('',(4.0,2.2,1.6));
#2517=DIRECTION('',(-2.22044604925031E-16,-1.0,4.93038065763132E-32));
#2518=DIRECTION('',(-2.22044604925031E-16,-1.04002620399108E-46,-1.0));
#2519=SURFACE_STYLE_FILL_AREA(#3483);
#2520=ORIENTED_EDGE('',*,*,#3484,.T.);
#2521=ORIENTED_EDGE('',*,*,#3482,.F.);
#2522=ORIENTED_EDGE('',*,*,#3135,.T.);
#2523=ORIENTED_EDGE('',*,*,#3460,.T.);
#2524=ORIENTED_EDGE('',*,*,#3485,.T.);
#2525=CARTESIAN_POINT('',(4.63245553203368,2.2,0.699999999999999));
#2526=DIRECTION('',(2.22044604925031E-16,1.04002620399108E-46,1.0));
#2527=DIRECTION('',(2.22044604925031E-16,1.0,-4.93038065763132E-32));
#2528=SURFACE_STYLE_FILL_AREA(#3486);
#2529=ORIENTED_EDGE('',*,*,#3450,.F.);
#2530=ORIENTED_EDGE('',*,*,#3186,.F.);
#2531=ORIENTED_EDGE('',*,*,#3203,.F.);
#2532=ORIENTED_EDGE('',*,*,#3206,.F.);
#2533=ORIENTED_EDGE('',*,*,#3209,.F.);
#2534=ORIENTED_EDGE('',*,*,#3211,.T.);
#2535=ORIENTED_EDGE('',*,*,#3199,.F.);
#2536=ORIENTED_EDGE('',*,*,#3214,.F.);
#2537=CARTESIAN_POINT('',(2.5,7.72883819931255,3.783828272255));
#2538=DIRECTION('',(1.0,-2.22044604925031E-16,-2.22044604925031E-16));
#2539=DIRECTION('',(2.22044604925031E-16,1.0,-4.93038065763132E-32));
#2540=SURFACE_STYLE_FILL_AREA(#3487);
#2541=ORIENTED_EDGE('',*,*,#3455,.F.);
#2542=ORIENTED_EDGE('',*,*,#3488,.F.);
#2543=ORIENTED_EDGE('',*,*,#3412,.F.);
#2544=ORIENTED_EDGE('',*,*,#3489,.T.);
#2545=CARTESIAN_POINT('',(3.4,0.0,0.9291796067501));
#2546=DIRECTION('',(-2.22044604925031E-16,-1.0,4.93038065763132E-32));
#2547=DIRECTION('',(-2.22044604925031E-16,-1.04002620399108E-46,-1.0));
#2548=SURFACE_STYLE_FILL_AREA(#3490);
#2549=ORIENTED_EDGE('',*,*,#3491,.F.);
#2550=ORIENTED_EDGE('',*,*,#3413,.F.);
#2551=ORIENTED_EDGE('',*,*,#3488,.T.);
#2552=ORIENTED_EDGE('',*,*,#3492,.F.);
#2553=CARTESIAN_POINT('',(2.9,0.0,1.7660254037844));
#2554=DIRECTION('',(-1.0,2.22044604925031E-16,2.22044604925031E-16));
#2555=DIRECTION('',(-2.22044604925031E-16,-1.04002620399108E-46,-1.0));
#2556=SURFACE_STYLE_FILL_AREA(#3493);
#2557=ORIENTED_EDGE('',*,*,#3470,.T.);
#2558=ORIENTED_EDGE('',*,*,#3416,.F.);
#2559=ORIENTED_EDGE('',*,*,#3180,.T.);
#2560=ORIENTED_EDGE('',*,*,#3494,.T.);
#2561=ORIENTED_EDGE('',*,*,#3477,.F.);
#2562=CARTESIAN_POINT('',(5.00000000000001,10.0,0.300000000000001));
#2563=DIRECTION('',(1.0,-2.22044604925031E-16,-2.22044604925031E-16));
#2564=DIRECTION('',(2.22044604925031E-16,1.0,-4.93038065763132E-32));
#2565=SURFACE_STYLE_FILL_AREA(#3495);
#2566=ORIENTED_EDGE('',*,*,#3496,.T.);
#2567=ORIENTED_EDGE('',*,*,#3497,.F.);
#2568=ORIENTED_EDGE('',*,*,#3453,.F.);
#2569=ORIENTED_EDGE('',*,*,#3481,.T.);
#2570=CARTESIAN_POINT('',(3.4,2.2,0.9291796067501));
#2571=DIRECTION('',(-2.22044604925031E-16,-1.0,4.93038065763132E-32));
#2572=DIRECTION('',(-2.22044604925031E-16,-9.71603427412715E-47,-1.0));
#2573=SURFACE_STYLE_FILL_AREA(#3498);
#2574=ORIENTED_EDGE('',*,*,#3251,.F.);
#2575=ORIENTED_EDGE('',*,*,#3296,.F.);
#2576=ORIENTED_EDGE('',*,*,#3458,.T.);
#2577=ORIENTED_EDGE('',*,*,#3499,.T.);
#2578=CARTESIAN_POINT('',(4.6,0.3143593539449,0.9291796067501));
#2579=DIRECTION('',(-2.22044604925031E-16,-1.0,4.93038065763132E-32));
#2580=DIRECTION('',(2.22044604925031E-16,1.04002620399108E-46,1.0));
#2581=SURFACE_STYLE_FILL_AREA(#3500);
#2582=ORIENTED_EDGE('',*,*,#3485,.F.);
#2583=ORIENTED_EDGE('',*,*,#3459,.T.);
#2584=ORIENTED_EDGE('',*,*,#3295,.T.);
#2585=ORIENTED_EDGE('',*,*,#3501,.T.);
#2586=CARTESIAN_POINT('',(4.0,0.6,1.6));
#2587=DIRECTION('',(-2.22044604925031E-16,-1.0,4.93038065763132E-32));
#2588=DIRECTION('',(-2.22044604925031E-16,-1.04002620399108E-46,-1.0));
#2589=SURFACE_STYLE_FILL_AREA(#3502);
#2590=ORIENTED_EDGE('',*,*,#3443,.F.);
#2591=ORIENTED_EDGE('',*,*,#3503,.F.);
#2592=ORIENTED_EDGE('',*,*,#3504,.F.);
#2593=ORIENTED_EDGE('',*,*,#3505,.F.);
#2594=ORIENTED_EDGE('',*,*,#3506,.F.);
#2595=ORIENTED_EDGE('',*,*,#3507,.T.);
#2596=ORIENTED_EDGE('',*,*,#3508,.F.);
#2597=ORIENTED_EDGE('',*,*,#3509,.F.);
#2598=CARTESIAN_POINT('',(4.7,2.7527163927723,1.1876178217049));
#2599=DIRECTION('',(-1.0,2.22044604925031E-16,2.22044604925031E-16));
#2600=DIRECTION('',(-2.22044604925031E-16,-1.04002620399108E-46,-1.0));
#2601=SURFACE_STYLE_FILL_AREA(#3510);
#2602=ORIENTED_EDGE('',*,*,#3511,.F.);
#2603=ORIENTED_EDGE('',*,*,#3512,.F.);
#2604=ORIENTED_EDGE('',*,*,#3444,.F.);
#2605=ORIENTED_EDGE('',*,*,#3509,.T.);
#2606=CARTESIAN_POINT('',(4.7,7.4,-2.0));
#2607=DIRECTION('',(-2.22044604925031E-16,-1.0,4.93038065763132E-32));
#2608=DIRECTION('',(1.0,-2.22044604925031E-16,-2.22044604925031E-16));
#2609=SURFACE_STYLE_FILL_AREA(#3513);
#2610=ORIENTED_EDGE('',*,*,#3445,.F.);
#2611=ORIENTED_EDGE('',*,*,#3512,.T.);
#2612=ORIENTED_EDGE('',*,*,#3514,.F.);
#2613=ORIENTED_EDGE('',*,*,#3515,.F.);
#2614=ORIENTED_EDGE('',*,*,#3516,.F.);
#2615=ORIENTED_EDGE('',*,*,#3517,.T.);
#2616=ORIENTED_EDGE('',*,*,#3518,.F.);
#2617=ORIENTED_EDGE('',*,*,#3519,.F.);
#2618=CARTESIAN_POINT('',(5.00000000000001,7.72883819931255,3.783828272255));
#2619=DIRECTION('',(1.0,-2.22044604925031E-16,-2.22044604925031E-16));
#2620=DIRECTION('',(2.22044604925031E-16,1.0,-4.93038065763132E-32));
#2621=SURFACE_STYLE_FILL_AREA(#3520);
#2622=ORIENTED_EDGE('',*,*,#3442,.F.);
#2623=ORIENTED_EDGE('',*,*,#3519,.T.);
#2624=ORIENTED_EDGE('',*,*,#3521,.F.);
#2625=ORIENTED_EDGE('',*,*,#3503,.T.);
#2626=CARTESIAN_POINT('',(4.70000000000001,8.2,4.0));
#2627=DIRECTION('',(2.22044604925031E-16,1.0,-4.93038065763132E-32));
#2628=DIRECTION('',(2.22044604925031E-16,1.04002620399108E-46,1.0));
#2629=SURFACE_STYLE_FILL_AREA(#3522);
#2630=ORIENTED_EDGE('',*,*,#3504,.T.);
#2631=ORIENTED_EDGE('',*,*,#3521,.T.);
#2632=ORIENTED_EDGE('',*,*,#3518,.T.);
#2633=ORIENTED_EDGE('',*,*,#3523,.F.);
#2634=CARTESIAN_POINT('',(4.85,8.15,-1.7));
#2635=DIRECTION('',(1.92788705471893E-16,0.992277876713668,-0.124034734589208));
#2636=DIRECTION('',(-1.0,2.22044604925031E-16,2.22044604925031E-16));
#2637=SURFACE_STYLE_FILL_AREA(#3524);
#2638=ORIENTED_EDGE('',*,*,#3505,.T.);
#2639=ORIENTED_EDGE('',*,*,#3523,.T.);
#2640=ORIENTED_EDGE('',*,*,#3517,.F.);
#2641=ORIENTED_EDGE('',*,*,#3525,.F.);
#2642=CARTESIAN_POINT('',(2.35,7.92344355629254,-1.9));
#2643=DIRECTION('',(-1.0,2.22044604925031E-16,2.22044604925031E-16));
#2644=DIRECTION('',(2.22044604925031E-16,1.0,-4.93038065763132E-32));
#2645=SURFACE_STYLE_FILL_AREA(#3526);
#2646=ORIENTED_EDGE('',*,*,#3527,.T.);
#2647=ORIENTED_EDGE('',*,*,#3506,.T.);
#2648=ORIENTED_EDGE('',*,*,#3525,.T.);
#2649=ORIENTED_EDGE('',*,*,#3516,.T.);
#2650=CARTESIAN_POINT('',(4.7,8.2,-2.1));
#2651=DIRECTION('',(-2.22044604925031E-16,-1.04002620399108E-46,-1.0));
#2652=DIRECTION('',(-1.0,2.22044604925031E-16,2.22044604925031E-16));
#2653=SURFACE_STYLE_FILL_AREA(#3528);
#2654=ORIENTED_EDGE('',*,*,#3527,.F.);
#2655=ORIENTED_EDGE('',*,*,#3515,.T.);
#2656=ORIENTED_EDGE('',*,*,#3529,.T.);
#2657=ORIENTED_EDGE('',*,*,#3507,.F.);
#2658=CARTESIAN_POINT('',(2.35,7.67655644370746,-1.9));
#2659=DIRECTION('',(1.0,-2.22044604925031E-16,-2.22044604925031E-16));
#2660=DIRECTION('',(-2.22044604925031E-16,-1.0,4.93038065763132E-32));
#2661=SURFACE_STYLE_FILL_AREA(#3530);
#2662=ORIENTED_EDGE('',*,*,#3508,.T.);
#2663=ORIENTED_EDGE('',*,*,#3529,.F.);
#2664=ORIENTED_EDGE('',*,*,#3514,.T.);
#2665=ORIENTED_EDGE('',*,*,#3511,.T.);
#2666=CARTESIAN_POINT('',(4.9,7.45,-1.7));
#2667=DIRECTION('',(-2.47871192749577E-16,-0.992277876713668,-0.124034734589208));
#2668=DIRECTION('',(1.92788705471893E-16,-0.124034734589208,0.992277876713668));
#2669=SURFACE_STYLE_FILL_AREA(#3531);
#2670=ORIENTED_EDGE('',*,*,#3532,.F.);
#2671=ORIENTED_EDGE('',*,*,#3449,.F.);
#2672=ORIENTED_EDGE('',*,*,#3533,.F.);
#2673=ORIENTED_EDGE('',*,*,#3534,.F.);
#2674=ORIENTED_EDGE('',*,*,#3535,.T.);
#2675=ORIENTED_EDGE('',*,*,#3536,.F.);
#2676=ORIENTED_EDGE('',*,*,#3537,.T.);
#2677=ORIENTED_EDGE('',*,*,#3538,.F.);
#2678=CARTESIAN_POINT('',(5.00000000000001,7.72883819931255,3.783828272255));
#2679=DIRECTION('',(1.0,-2.22044604925031E-16,-2.22044604925031E-16));
#2680=DIRECTION('',(2.22044604925031E-16,1.0,-4.93038065763132E-32));
#2681=SURFACE_STYLE_FILL_AREA(#3539);
#2682=ORIENTED_EDGE('',*,*,#3540,.T.);
#2683=ORIENTED_EDGE('',*,*,#3541,.T.);
#2684=ORIENTED_EDGE('',*,*,#3538,.T.);
#2685=ORIENTED_EDGE('',*,*,#3542,.F.);
#2686=CARTESIAN_POINT('',(4.9,3.15,-1.7));
#2687=DIRECTION('',(1.92788705471893E-16,0.992277876713668,-0.124034734589208));
#2688=DIRECTION('',(-1.0,2.22044604925031E-16,2.22044604925031E-16));
#2689=SURFACE_STYLE_FILL_AREA(#3543);
#2690=ORIENTED_EDGE('',*,*,#3544,.T.);
#2691=ORIENTED_EDGE('',*,*,#3545,.T.);
#2692=ORIENTED_EDGE('',*,*,#3534,.T.);
#2693=ORIENTED_EDGE('',*,*,#3546,.T.);
#2694=CARTESIAN_POINT('',(4.85,2.45,-1.7));
#2695=DIRECTION('',(-2.47871192749577E-16,-0.992277876713668,-0.124034734589208));
#2696=DIRECTION('',(1.92788705471893E-16,-0.124034734589208,0.992277876713668));
#2697=SURFACE_STYLE_FILL_AREA(#3547);
#2698=ORIENTED_EDGE('',*,*,#3548,.T.);
#2699=ORIENTED_EDGE('',*,*,#3549,.T.);
#2700=ORIENTED_EDGE('',*,*,#3535,.F.);
#2701=ORIENTED_EDGE('',*,*,#3545,.F.);
#2702=CARTESIAN_POINT('',(2.35,2.6765564437075,-1.9));
#2703=DIRECTION('',(-1.0,2.22044604925031E-16,2.22044604925031E-16));
#2704=DIRECTION('',(2.22044604925031E-16,1.0,-4.93038065763132E-32));
#2705=SURFACE_STYLE_FILL_AREA(#3550);
#2706=ORIENTED_EDGE('',*,*,#3551,.T.);
#2707=ORIENTED_EDGE('',*,*,#3552,.T.);
#2708=ORIENTED_EDGE('',*,*,#3536,.T.);
#2709=ORIENTED_EDGE('',*,*,#3549,.F.);
#2710=CARTESIAN_POINT('',(4.7,2.88,-2.1));
#2711=DIRECTION('',(-2.22044604925031E-16,-1.04002620399108E-46,-1.0));
#2712=DIRECTION('',(-1.0,2.22044604925031E-16,2.22044604925031E-16));
#2713=SURFACE_STYLE_FILL_AREA(#3553);
#2714=ORIENTED_EDGE('',*,*,#3554,.T.);
#2715=ORIENTED_EDGE('',*,*,#3542,.T.);
#2716=ORIENTED_EDGE('',*,*,#3537,.F.);
#2717=ORIENTED_EDGE('',*,*,#3552,.F.);
#2718=CARTESIAN_POINT('',(2.35,2.9234435562925,-1.9));
#2719=DIRECTION('',(-1.0,2.22044604925031E-16,2.22044604925031E-16));
#2720=DIRECTION('',(2.22044604925031E-16,1.0,-4.93038065763132E-32));
#2721=SURFACE_STYLE_FILL_AREA(#3555);
#2722=ORIENTED_EDGE('',*,*,#3546,.F.);
#2723=ORIENTED_EDGE('',*,*,#3533,.T.);
#2724=ORIENTED_EDGE('',*,*,#3448,.F.);
#2725=ORIENTED_EDGE('',*,*,#3556,.F.);
#2726=CARTESIAN_POINT('',(4.7,2.4,1.9124304441417));
#2727=DIRECTION('',(-2.22044604925031E-16,-1.0,4.93038065763132E-32));
#2728=DIRECTION('',(1.0,-2.22044604925031E-16,-2.22044604925031E-16));
#2729=SURFACE_STYLE_FILL_AREA(#3557);
#2730=ORIENTED_EDGE('',*,*,#3447,.F.);
#2731=ORIENTED_EDGE('',*,*,#3558,.T.);
#2732=ORIENTED_EDGE('',*,*,#3540,.F.);
#2733=ORIENTED_EDGE('',*,*,#3554,.F.);
#2734=ORIENTED_EDGE('',*,*,#3551,.F.);
#2735=ORIENTED_EDGE('',*,*,#3548,.F.);
#2736=ORIENTED_EDGE('',*,*,#3544,.F.);
#2737=ORIENTED_EDGE('',*,*,#3556,.T.);
#2738=CARTESIAN_POINT('',(4.7,2.7527163927723,1.1876178217049));
#2739=DIRECTION('',(-1.0,2.22044604925031E-16,2.22044604925031E-16));
#2740=DIRECTION('',(-2.22044604925031E-16,-1.04002620399108E-46,-1.0));
#2741=SURFACE_STYLE_FILL_AREA(#3559);
#2742=ORIENTED_EDGE('',*,*,#3446,.F.);
#2743=ORIENTED_EDGE('',*,*,#3532,.T.);
#2744=ORIENTED_EDGE('',*,*,#3541,.F.);
#2745=ORIENTED_EDGE('',*,*,#3558,.F.);
#2746=CARTESIAN_POINT('',(4.7,3.2,1.5));
#2747=DIRECTION('',(2.22044604925031E-16,1.0,-4.93038065763132E-32));
#2748=DIRECTION('',(2.22044604925031E-16,1.04002620399108E-46,1.0));
#2749=SURFACE_STYLE_FILL_AREA(#3560);
#2750=ORIENTED_EDGE('',*,*,#3561,.F.);
#2751=ORIENTED_EDGE('',*,*,#3562,.F.);
#2752=ORIENTED_EDGE('',*,*,#3563,.F.);
#2753=ORIENTED_EDGE('',*,*,#3564,.F.);
#2754=ORIENTED_EDGE('',*,*,#3565,.F.);
#2755=ORIENTED_EDGE('',*,*,#3566,.F.);
#2756=ORIENTED_EDGE('',*,*,#3567,.F.);
#2757=ORIENTED_EDGE('',*,*,#3568,.T.);
#2758=CARTESIAN_POINT('',(3.00000000000001,10.0,4.390594687687));
#2759=DIRECTION('',(2.22044604925031E-16,1.04002620399108E-46,1.0));
#2760=DIRECTION('',(2.22044604925031E-16,1.0,-4.93038065763132E-32));
#2761=SURFACE_STYLE_FILL_AREA(#3569);
#2762=ORIENTED_EDGE('',*,*,#3567,.T.);
#2763=ORIENTED_EDGE('',*,*,#3570,.F.);
#2764=ORIENTED_EDGE('',*,*,#3428,.F.);
#2765=ORIENTED_EDGE('',*,*,#3571,.F.);
#2766=CARTESIAN_POINT('',(4.40000000000001,7.0,5.0));
#2767=DIRECTION('',(2.22044604925031E-16,1.0,-4.93038065763132E-32));
#2768=DIRECTION('',(2.22044604925031E-16,1.04002620399108E-46,1.0));
#2769=SURFACE_STYLE_FILL_AREA(#3572);
#2770=ORIENTED_EDGE('',*,*,#3573,.F.);
#2771=ORIENTED_EDGE('',*,*,#3568,.F.);
#2772=ORIENTED_EDGE('',*,*,#3571,.T.);
#2773=ORIENTED_EDGE('',*,*,#3435,.T.);
#2774=CARTESIAN_POINT('',(3.60000000000001,6.9,5.0));
#2775=DIRECTION('',(-2.22044604925031E-16,-1.0263416486754E-46,-1.0));
#2776=DIRECTION('',(2.22044604925031E-16,1.0,-4.93038065763132E-32));
#2777=SURFACE_STYLE_FILL_AREA(#3574);
#2778=ORIENTED_EDGE('',*,*,#3561,.T.);
#2779=ORIENTED_EDGE('',*,*,#3573,.T.);
#2780=ORIENTED_EDGE('',*,*,#3434,.T.);
#2781=ORIENTED_EDGE('',*,*,#3575,.T.);
#2782=CARTESIAN_POINT('',(3.50000000000001,6.9,5.0));
#2783=DIRECTION('',(-1.0,2.22044604925031E-16,2.22044604925031E-16));
#2784=DIRECTION('',(-2.22044604925031E-16,-1.04002620399108E-46,-1.0));
#2785=SURFACE_STYLE_FILL_AREA(#3576);
#2786=ORIENTED_EDGE('',*,*,#3566,.T.);
#2787=ORIENTED_EDGE('',*,*,#3577,.F.);
#2788=ORIENTED_EDGE('',*,*,#3429,.F.);
#2789=ORIENTED_EDGE('',*,*,#3570,.T.);
#2790=CARTESIAN_POINT('',(4.40000000000001,6.9,5.0));
#2791=DIRECTION('',(2.22044604925031E-16,1.0263416486754E-46,1.0));
#2792=DIRECTION('',(-2.22044604925031E-16,-1.0,4.93038065763132E-32));
#2793=SURFACE_STYLE_FILL_AREA(#3578);
#2794=ORIENTED_EDGE('',*,*,#3562,.T.);
#2795=ORIENTED_EDGE('',*,*,#3575,.F.);
#2796=ORIENTED_EDGE('',*,*,#3433,.F.);
#2797=ORIENTED_EDGE('',*,*,#3579,.T.);
#2798=CARTESIAN_POINT('',(3.60000000000001,6.1,5.0));
#2799=DIRECTION('',(2.22044604925031E-16,1.0263416486754E-46,1.0));
#2800=DIRECTION('',(-2.22044604925031E-16,-1.0,4.93038065763132E-32));
#2801=SURFACE_STYLE_FILL_AREA(#3580);
#2802=ORIENTED_EDGE('',*,*,#3432,.T.);
#2803=ORIENTED_EDGE('',*,*,#3581,.T.);
#2804=ORIENTED_EDGE('',*,*,#3563,.T.);
#2805=ORIENTED_EDGE('',*,*,#3579,.F.);
#2806=CARTESIAN_POINT('',(3.60000000000001,6.0,5.0));
#2807=DIRECTION('',(-2.22044604925031E-16,-1.0,4.93038065763132E-32));
#2808=DIRECTION('',(1.0,-2.22044604925031E-16,-2.22044604925031E-16));
#2809=SURFACE_STYLE_FILL_AREA(#3582);
#2810=ORIENTED_EDGE('',*,*,#3564,.T.);
#2811=ORIENTED_EDGE('',*,*,#3581,.F.);
#2812=ORIENTED_EDGE('',*,*,#3431,.F.);
#2813=ORIENTED_EDGE('',*,*,#3583,.T.);
#2814=CARTESIAN_POINT('',(4.40000000000001,6.1,5.0));
#2815=DIRECTION('',(2.22044604925031E-16,1.0263416486754E-46,1.0));
#2816=DIRECTION('',(-2.22044604925031E-16,-1.0,4.93038065763132E-32));
#2817=SURFACE_STYLE_FILL_AREA(#3584);
#2818=ORIENTED_EDGE('',*,*,#3565,.T.);
#2819=ORIENTED_EDGE('',*,*,#3583,.F.);
#2820=ORIENTED_EDGE('',*,*,#3430,.F.);
#2821=ORIENTED_EDGE('',*,*,#3577,.T.);
#2822=CARTESIAN_POINT('',(4.50000000000001,6.1,5.0));
#2823=DIRECTION('',(1.0,-2.22044604925031E-16,-2.22044604925031E-16));
#2824=DIRECTION('',(2.22044604925031E-16,1.0,-4.93038065763132E-32));
#2825=SURFACE_STYLE_FILL_AREA(#3585);
#2826=ORIENTED_EDGE('',*,*,#3441,.T.);
#2827=ORIENTED_EDGE('',*,*,#3439,.T.);
#2828=ORIENTED_EDGE('',*,*,#3586,.T.);
#2829=ORIENTED_EDGE('',*,*,#3403,.T.);
#2830=CARTESIAN_POINT('',(5.50000000000001,8.42958532837865,2.0732540909645));
#2831=DIRECTION('',(1.0,-2.22044604925031E-16,-2.22044604925031E-16));
#2832=DIRECTION('',(2.22044604925031E-16,1.0,-4.93038065763132E-32));
#2833=SURFACE_STYLE_FILL_AREA(#3587);
#2834=ORIENTED_EDGE('',*,*,#3586,.F.);
#2835=ORIENTED_EDGE('',*,*,#3438,.T.);
#2836=ORIENTED_EDGE('',*,*,#3427,.T.);
#2837=ORIENTED_EDGE('',*,*,#3404,.F.);
#2838=CARTESIAN_POINT('',(5.20000000000001,13.538795,4.7));
#2839=DIRECTION('',(2.22044604925031E-16,1.0,-4.93038065763132E-32));
#2840=DIRECTION('',(2.22044604925031E-16,1.13125657276222E-46,1.0));
#2841=SURFACE_STYLE_FILL_AREA(#3588);
#2842=ORIENTED_EDGE('',*,*,#3589,.T.);
#2843=ORIENTED_EDGE('',*,*,#3590,.T.);
#2844=ORIENTED_EDGE('',*,*,#3492,.T.);
#2845=ORIENTED_EDGE('',*,*,#3454,.F.);
#2846=CARTESIAN_POINT('',(3.05,1.4401923788647,1.25));
#2847=DIRECTION('',(-0.866025403784438,0.500000000000001,1.92296268638356E-16));
#2848=DIRECTION('',(-2.22044604925031E-16,-1.04002620399108E-46,-1.0));
#2849=SURFACE_STYLE_FILL_AREA(#3591);
#2850=ORIENTED_EDGE('',*,*,#3462,.F.);
#2851=ORIENTED_EDGE('',*,*,#3475,.T.);
#2852=ORIENTED_EDGE('',*,*,#3592,.F.);
#2853=ORIENTED_EDGE('',*,*,#3467,.F.);
#2854=ORIENTED_EDGE('',*,*,#3420,.T.);
#2855=CARTESIAN_POINT('',(3.00000000000001,9.7,4.54));
#2856=DIRECTION('',(1.0,-2.22044604925031E-16,-2.22044604925031E-16));
#2857=DIRECTION('',(2.22044604925031E-16,1.0,-4.93038065763132E-32));
#2858=SURFACE_STYLE_FILL_AREA(#3593);
#2859=ORIENTED_EDGE('',*,*,#3494,.F.);
#2860=ORIENTED_EDGE('',*,*,#3183,.F.);
#2861=ORIENTED_EDGE('',*,*,#3256,.T.);
#2862=ORIENTED_EDGE('',*,*,#3478,.T.);
#2863=CARTESIAN_POINT('',(4.90000000000001,13.538795,3.4));
#2864=DIRECTION('',(-2.22044604925031E-16,-1.0,4.93038065763132E-32));
#2865=DIRECTION('',(-2.22044604925031E-16,-9.71603427412715E-47,-1.0));
#2866=SURFACE_STYLE_FILL_AREA(#3594);
#2867=ORIENTED_EDGE('',*,*,#3415,.F.);
#2868=ORIENTED_EDGE('',*,*,#3466,.T.);
#2869=ORIENTED_EDGE('',*,*,#3257,.T.);
#2870=ORIENTED_EDGE('',*,*,#3182,.F.);
#2871=CARTESIAN_POINT('',(5.0,0.9,3.5));
#2872=DIRECTION('',(2.71947991102103E-16,0.258819045102521,0.965925826289068));
#2873=DIRECTION('',(-1.0,2.22044604925031E-16,2.22044604925031E-16));
#2874=SURFACE_STYLE_FILL_AREA(#3595);
#2875=ORIENTED_EDGE('',*,*,#3338,.F.);
#2876=ORIENTED_EDGE('',*,*,#3596,.F.);
#2877=ORIENTED_EDGE('',*,*,#3597,.T.);
#2878=ORIENTED_EDGE('',*,*,#3405,.T.);
#2879=CARTESIAN_POINT('',(2.40000000000001,13.538795,0.0099174684064991));
#2880=DIRECTION('',(1.57009245868377E-16,0.965925826289068,-0.258819045102521));
#2881=DIRECTION('',(2.71947991102103E-16,0.258819045102521,0.965925826289068));
#2882=SURFACE_STYLE_FILL_AREA(#3598);
#2883=ORIENTED_EDGE('',*,*,#3366,.F.);
#2884=ORIENTED_EDGE('',*,*,#3345,.F.);
#2885=ORIENTED_EDGE('',*,*,#3599,.T.);
#2886=ORIENTED_EDGE('',*,*,#3596,.T.);
#2887=CARTESIAN_POINT('',(2.40000000000001,13.538795,3.4));
#2888=DIRECTION('',(2.22044604925031E-16,1.0,-4.93038065763132E-32));
#2889=DIRECTION('',(2.22044604925031E-16,9.71603427412715E-47,1.0));
#2890=SURFACE_STYLE_FILL_AREA(#3600);
#2891=ORIENTED_EDGE('',*,*,#3601,.T.);
#2892=ORIENTED_EDGE('',*,*,#3406,.T.);
#2893=ORIENTED_EDGE('',*,*,#3597,.F.);
#2894=ORIENTED_EDGE('',*,*,#3599,.F.);
#2895=ORIENTED_EDGE('',*,*,#3344,.F.);
#2896=CARTESIAN_POINT('',(2.5,9.7,0.399999999999999));
#2897=DIRECTION('',(-1.0,2.22044604925031E-16,2.22044604925031E-16));
#2898=DIRECTION('',(-2.22044604925031E-16,-1.04002620399108E-46,-1.0));
#2899=SURFACE_STYLE_FILL_AREA(#3602);
#2900=ORIENTED_EDGE('',*,*,#3353,.T.);
#2901=ORIENTED_EDGE('',*,*,#3407,.T.);
#2902=ORIENTED_EDGE('',*,*,#3601,.F.);
#2903=ORIENTED_EDGE('',*,*,#3343,.F.);
#2904=CARTESIAN_POINT('',(2.40000000000001,13.538795,2.6));
#2905=DIRECTION('',(2.22044604925031E-16,1.0,-4.93038065763132E-32));
#2906=DIRECTION('',(2.22044604925031E-16,9.71603427412715E-47,1.0));
#2907=SURFACE_STYLE_FILL_AREA(#3603);
#2908=ORIENTED_EDGE('',*,*,#3604,.F.);
#2909=ORIENTED_EDGE('',*,*,#3605,.T.);
#2910=ORIENTED_EDGE('',*,*,#3606,.T.);
#2911=ORIENTED_EDGE('',*,*,#3306,.F.);
#2912=CARTESIAN_POINT('',(4.6,0.6,1.5708203932499));
#2913=DIRECTION('',(-2.22044604925031E-16,-1.0,4.93038065763132E-32));
#2914=DIRECTION('',(-2.22044604925031E-16,-9.71603427412715E-47,-1.0));
#2915=SURFACE_STYLE_FILL_AREA(#3607);
#2916=ORIENTED_EDGE('',*,*,#3418,.F.);
#2917=ORIENTED_EDGE('',*,*,#3472,.F.);
#2918=ORIENTED_EDGE('',*,*,#3476,.F.);
#2919=ORIENTED_EDGE('',*,*,#3463,.T.);
#2920=CARTESIAN_POINT('',(3.0,0.700000000000001,2.5));
#2921=DIRECTION('',(-2.22044604925031E-16,-1.04002620399108E-46,-1.0));
#2922=DIRECTION('',(-1.0,2.22044604925031E-16,2.22044604925031E-16));
#2923=SURFACE_STYLE_FILL_AREA(#3608);
#2924=ORIENTED_EDGE('',*,*,#3301,.F.);
#2925=ORIENTED_EDGE('',*,*,#3311,.F.);
#2926=ORIENTED_EDGE('',*,*,#3327,.T.);
#2927=ORIENTED_EDGE('',*,*,#3609,.F.);
#2928=CARTESIAN_POINT('',(2.1,0.3143593539449,0.9291796067501));
#2929=DIRECTION('',(-2.22044604925031E-16,-1.0,4.93038065763132E-32));
#2930=DIRECTION('',(2.22044604925031E-16,1.04002620399108E-46,1.0));
#2931=SURFACE_STYLE_FILL_AREA(#3610);
#2932=ORIENTED_EDGE('',*,*,#3609,.T.);
#2933=ORIENTED_EDGE('',*,*,#3162,.F.);
#2934=ORIENTED_EDGE('',*,*,#3424,.F.);
#2935=ORIENTED_EDGE('',*,*,#3611,.T.);
#2936=CARTESIAN_POINT('',(2.1,0.0,0.9291796067501));
#2937=DIRECTION('',(-2.22044604925031E-16,-1.0,4.93038065763132E-32));
#2938=DIRECTION('',(-2.22044604925031E-16,-1.04002620399108E-46,-1.0));
#2939=SURFACE_STYLE_FILL_AREA(#3612);
#2940=ORIENTED_EDGE('',*,*,#3611,.F.);
#2941=ORIENTED_EDGE('',*,*,#3423,.F.);
#2942=ORIENTED_EDGE('',*,*,#3613,.T.);
#2943=ORIENTED_EDGE('',*,*,#3302,.F.);
#2944=CARTESIAN_POINT('',(2.6,0.0,0.733974596215599));
#2945=DIRECTION('',(1.0,-2.22044604925031E-16,-2.22044604925031E-16));
#2946=DIRECTION('',(2.22044604925031E-16,1.0,-4.93038065763132E-32));
#2947=SURFACE_STYLE_FILL_AREA(#3614);
#2948=ORIENTED_EDGE('',*,*,#3271,.F.);
#2949=ORIENTED_EDGE('',*,*,#3292,.T.);
#2950=ORIENTED_EDGE('',*,*,#3303,.T.);
#2951=ORIENTED_EDGE('',*,*,#3615,.T.);
#2952=CARTESIAN_POINT('',(2.1,0.3143593539449,1.5708203932499));
#2953=DIRECTION('',(-2.22044604925031E-16,-1.0,4.93038065763132E-32));
#2954=DIRECTION('',(2.22044604925031E-16,1.04002620399108E-46,1.0));
#2955=SURFACE_STYLE_FILL_AREA(#3616);
#2956=ORIENTED_EDGE('',*,*,#3499,.F.);
#2957=ORIENTED_EDGE('',*,*,#3131,.F.);
#2958=ORIENTED_EDGE('',*,*,#3410,.F.);
#2959=ORIENTED_EDGE('',*,*,#3617,.T.);
#2960=CARTESIAN_POINT('',(4.6,0.0,0.9291796067501));
#2961=DIRECTION('',(-2.22044604925031E-16,-1.0,4.93038065763132E-32));
#2962=DIRECTION('',(-2.22044604925031E-16,-1.04002620399108E-46,-1.0));
#2963=SURFACE_STYLE_FILL_AREA(#3618);
#2964=ORIENTED_EDGE('',*,*,#3474,.T.);
#2965=ORIENTED_EDGE('',*,*,#3258,.F.);
#2966=ORIENTED_EDGE('',*,*,#3468,.F.);
#2967=ORIENTED_EDGE('',*,*,#3592,.T.);
#2968=CARTESIAN_POINT('',(3.10000000000001,13.538795,3.4));
#2969=DIRECTION('',(-2.22044604925031E-16,-1.0,4.93038065763132E-32));
#2970=DIRECTION('',(-2.22044604925031E-16,-9.71603427412715E-47,-1.0));
#2971=SURFACE_STYLE_FILL_AREA(#3619);
#2972=ORIENTED_EDGE('',*,*,#3615,.F.);
#2973=ORIENTED_EDGE('',*,*,#3613,.F.);
#2974=ORIENTED_EDGE('',*,*,#3422,.F.);
#2975=ORIENTED_EDGE('',*,*,#3157,.T.);
#2976=CARTESIAN_POINT('',(2.1,0.0,1.5708203932499));
#2977=DIRECTION('',(-2.22044604925031E-16,-1.0,4.93038065763132E-32));
#2978=DIRECTION('',(-2.22044604925031E-16,-1.04002620399108E-46,-1.0));
#2979=SURFACE_STYLE_FILL_AREA(#3620);
#2980=ORIENTED_EDGE('',*,*,#3129,.T.);
#2981=ORIENTED_EDGE('',*,*,#3138,.T.);
#2982=ORIENTED_EDGE('',*,*,#3489,.F.);
#2983=ORIENTED_EDGE('',*,*,#3411,.F.);
#2984=CARTESIAN_POINT('',(4.0,0.0,1.6));
#2985=DIRECTION('',(-2.22044604925031E-16,-1.0,4.93038065763132E-32));
#2986=DIRECTION('',(2.22044604925031E-16,1.04002620399108E-46,1.0));
#2987=SURFACE_STYLE_FILL_AREA(#3621);
#2988=ORIENTED_EDGE('',*,*,#3622,.F.);
#2989=ORIENTED_EDGE('',*,*,#3623,.F.);
#2990=ORIENTED_EDGE('',*,*,#3408,.F.);
#2991=ORIENTED_EDGE('',*,*,#3167,.T.);
#2992=CARTESIAN_POINT('',(4.6,0.0,1.5708203932499));
#2993=DIRECTION('',(-2.22044604925031E-16,-1.0,4.93038065763132E-32));
#2994=DIRECTION('',(-2.22044604925031E-16,-1.04002620399108E-46,-1.0));
#2995=SURFACE_STYLE_FILL_AREA(#3624);
#2996=ORIENTED_EDGE('',*,*,#3617,.F.);
#2997=ORIENTED_EDGE('',*,*,#3409,.F.);
#2998=ORIENTED_EDGE('',*,*,#3623,.T.);
#2999=ORIENTED_EDGE('',*,*,#3252,.F.);
#3000=CARTESIAN_POINT('',(5.1,0.0,0.733974596215599));
#3001=DIRECTION('',(1.0,-2.22044604925031E-16,-2.22044604925031E-16));
#3002=DIRECTION('',(2.22044604925031E-16,1.0,-4.93038065763132E-32));
#3003=SURFACE_STYLE_FILL_AREA(#3625);
#3004=ORIENTED_EDGE('',*,*,#3626,.F.);
#3005=ORIENTED_EDGE('',*,*,#3248,.F.);
#3006=ORIENTED_EDGE('',*,*,#3414,.F.);
#3007=ORIENTED_EDGE('',*,*,#3491,.T.);
#3008=CARTESIAN_POINT('',(3.4,0.0,1.5708203932499));
#3009=DIRECTION('',(-2.22044604925031E-16,-1.0,4.93038065763132E-32));
#3010=DIRECTION('',(-2.22044604925031E-16,-1.04002620399108E-46,-1.0));
#3011=SURFACE_STYLE_FILL_AREA(#3627);
#3012=ORIENTED_EDGE('',*,*,#3590,.F.);
#3013=ORIENTED_EDGE('',*,*,#3628,.T.);
#3014=ORIENTED_EDGE('',*,*,#3127,.T.);
#3015=ORIENTED_EDGE('',*,*,#3626,.T.);
#3016=CARTESIAN_POINT('',(3.4,0.3143593539449,1.5708203932499));
#3017=DIRECTION('',(-2.22044604925031E-16,-1.0,4.93038065763132E-32));
#3018=DIRECTION('',(2.22044604925031E-16,1.04002620399108E-46,1.0));
#3019=SURFACE_STYLE_FILL_AREA(#3629);
#3020=ORIENTED_EDGE('',*,*,#3125,.T.);
#3021=ORIENTED_EDGE('',*,*,#3630,.F.);
#3022=ORIENTED_EDGE('',*,*,#3631,.T.);
#3023=ORIENTED_EDGE('',*,*,#3166,.T.);
#3024=CARTESIAN_POINT('',(4.0,1.8732050807569,0.899999999999999));
#3025=DIRECTION('',(-2.22044604925031E-16,-1.0,4.93038065763132E-32));
#3026=DIRECTION('',(2.22044604925031E-16,1.04002620399108E-46,1.0));
#3027=SURFACE_STYLE_FILL_AREA(#3632);
#3028=ORIENTED_EDGE('',*,*,#3120,.T.);
#3029=ORIENTED_EDGE('',*,*,#3633,.F.);
#3030=ORIENTED_EDGE('',*,*,#3605,.F.);
#3031=ORIENTED_EDGE('',*,*,#3630,.T.);
#3032=CARTESIAN_POINT('',(4.0,0.6,0.899999999999999));
#3033=DIRECTION('',(2.22044604925031E-16,1.0,-4.93038065763132E-32));
#3034=DIRECTION('',(2.22044604925031E-16,1.04002620399108E-46,1.0));
#3035=SURFACE_STYLE_FILL_AREA(#3634);
#3036=ORIENTED_EDGE('',*,*,#3628,.F.);
#3037=ORIENTED_EDGE('',*,*,#3635,.T.);
#3038=ORIENTED_EDGE('',*,*,#3636,.T.);
#3039=ORIENTED_EDGE('',*,*,#3122,.F.);
#3040=CARTESIAN_POINT('',(3.4,0.6,1.5708203932499));
#3041=DIRECTION('',(-2.22044604925031E-16,-1.0,4.93038065763132E-32));
#3042=DIRECTION('',(-2.22044604925031E-16,-9.71603427412715E-47,-1.0));
#3043=SURFACE_STYLE_FILL_AREA(#3637);
#3044=ORIENTED_EDGE('',*,*,#3638,.F.);
#3045=ORIENTED_EDGE('',*,*,#3635,.F.);
#3046=ORIENTED_EDGE('',*,*,#3589,.F.);
#3047=ORIENTED_EDGE('',*,*,#3497,.T.);
#3048=CARTESIAN_POINT('',(3.2,2.2,0.9291796067501));
#3049=DIRECTION('',(1.0,-2.22044604925031E-16,-2.22044604925031E-16));
#3050=DIRECTION('',(2.22044604925031E-16,1.0,-4.93038065763132E-32));
#3051=SURFACE_STYLE_FILL_AREA(#3639);
#3052=ORIENTED_EDGE('',*,*,#3633,.T.);
#3053=ORIENTED_EDGE('',*,*,#3123,.T.);
#3054=ORIENTED_EDGE('',*,*,#3636,.F.);
#3055=ORIENTED_EDGE('',*,*,#3638,.T.);
#3056=ORIENTED_EDGE('',*,*,#3496,.F.);
#3057=ORIENTED_EDGE('',*,*,#3480,.F.);
#3058=ORIENTED_EDGE('',*,*,#3484,.F.);
#3059=ORIENTED_EDGE('',*,*,#3501,.F.);
#3060=ORIENTED_EDGE('',*,*,#3298,.F.);
#3061=ORIENTED_EDGE('',*,*,#3305,.F.);
#3062=ORIENTED_EDGE('',*,*,#3606,.F.);
#3063=CARTESIAN_POINT('',(2.16031264575884,2.4,2.1806607385806));
#3064=DIRECTION('',(2.22044604925031E-16,1.0,-4.93038065763132E-32));
#3065=DIRECTION('',(2.22044604925031E-16,1.04002620399108E-46,1.0));
#3066=SURFACE_STYLE_FILL_AREA(#3640);
#3067=ORIENTED_EDGE('',*,*,#3631,.F.);
#3068=ORIENTED_EDGE('',*,*,#3604,.T.);
#3069=ORIENTED_EDGE('',*,*,#3253,.T.);
#3070=ORIENTED_EDGE('',*,*,#3622,.T.);
#3071=CARTESIAN_POINT('',(4.6,0.3143593539449,1.5708203932499));
#3072=DIRECTION('',(-2.22044604925031E-16,-1.0,4.93038065763132E-32));
#3073=DIRECTION('',(2.22044604925031E-16,1.04002620399108E-46,1.0));
#3074=SURFACE_STYLE_FILL_AREA(#3641);
#3075=FILL_AREA_STYLE('',(#3642));
#3076=EDGE_CURVE('',#3643,#3644,#3645,.T.);
#3077=EDGE_CURVE('',#3646,#3643,#3647,.T.);
#3078=EDGE_CURVE('',#3646,#3648,#3649,.T.);
#3079=EDGE_CURVE('',#3648,#3644,#3650,.T.);
#3080=FILL_AREA_STYLE('',(#3651));
#3081=EDGE_CURVE('',#3648,#3646,#3652,.T.);
#3082=EDGE_CURVE('',#3644,#3643,#3653,.T.);
#3083=FILL_AREA_STYLE('',(#3654));
#3084=FILL_AREA_STYLE('',(#3655));
#3085=FILL_AREA_STYLE('',(#3656));
#3086=FILL_AREA_STYLE('',(#3657));
#3087=EDGE_CURVE('',#3658,#3659,#3660,.T.);
#3088=EDGE_CURVE('',#3661,#3658,#3662,.T.);
#3089=EDGE_CURVE('',#3661,#3663,#3664,.T.);
#3090=EDGE_CURVE('',#3663,#3659,#3665,.T.);
#3091=FILL_AREA_STYLE('',(#3666));
#3092=EDGE_CURVE('',#3663,#3661,#3667,.T.);
#3093=EDGE_CURVE('',#3659,#3658,#3668,.T.);
#3094=FILL_AREA_STYLE('',(#3669));
#3095=FILL_AREA_STYLE('',(#3670));
#3096=FILL_AREA_STYLE('',(#3671));
#3097=FILL_AREA_STYLE('',(#3672));
#3098=EDGE_CURVE('',#3673,#3674,#3675,.T.);
#3099=EDGE_CURVE('',#3676,#3673,#3677,.T.);
#3100=EDGE_CURVE('',#3676,#3678,#3679,.T.);
#3101=EDGE_CURVE('',#3678,#3674,#3680,.T.);
#3102=FILL_AREA_STYLE('',(#3681));
#3103=EDGE_CURVE('',#3678,#3676,#3682,.T.);
#3104=EDGE_CURVE('',#3674,#3673,#3683,.T.);
#3105=FILL_AREA_STYLE('',(#3684));
#3106=FILL_AREA_STYLE('',(#3685));
#3107=FILL_AREA_STYLE('',(#3686));
#3108=FILL_AREA_STYLE('',(#3687));
#3109=EDGE_CURVE('',#3688,#3689,#3690,.T.);
#3110=EDGE_CURVE('',#3691,#3688,#3692,.T.);
#3111=EDGE_CURVE('',#3691,#3693,#3694,.T.);
#3112=EDGE_CURVE('',#3693,#3689,#3695,.T.);
#3113=FILL_AREA_STYLE('',(#3696));
#3114=EDGE_CURVE('',#3693,#3691,#3697,.T.);
#3115=EDGE_CURVE('',#3689,#3688,#3698,.T.);
#3116=FILL_AREA_STYLE('',(#3699));
#3117=FILL_AREA_STYLE('',(#3700));
#3118=FILL_AREA_STYLE('',(#3701));
#3119=FILL_AREA_STYLE('',(#3702));
#3120=EDGE_CURVE('',#3703,#3704,#3705,.T.);
#3121=EDGE_CURVE('',#3703,#3706,#3707,.T.);
#3122=EDGE_CURVE('',#3706,#3708,#3709,.T.);
#3123=EDGE_CURVE('',#3704,#3708,#3710,.T.);
#3124=FILL_AREA_STYLE('',(#3711));
#3125=EDGE_CURVE('',#3712,#3703,#3713,.T.);
#3126=EDGE_CURVE('',#3712,#3714,#3715,.T.);
#3127=EDGE_CURVE('',#3706,#3714,#3716,.T.);
#3128=FILL_AREA_STYLE('',(#3717));
#3129=EDGE_CURVE('',#3718,#3719,#3720,.T.);
#3130=EDGE_CURVE('',#3721,#3718,#3722,.T.);
#3131=EDGE_CURVE('',#3721,#3723,#3724,.T.);
#3132=EDGE_CURVE('',#3723,#3719,#3725,.T.);
#3133=FILL_AREA_STYLE('',(#3726));
#3134=EDGE_CURVE('',#3727,#3719,#3728,.T.);
#3135=EDGE_CURVE('',#3729,#3727,#3730,.T.);
#3136=EDGE_CURVE('',#3729,#3731,#3732,.T.);
#3137=EDGE_CURVE('',#3731,#3733,#3734,.T.);
#3138=EDGE_CURVE('',#3719,#3733,#3735,.T.);
#3139=FILL_AREA_STYLE('',(#3736));
#3140=EDGE_CURVE('',#3737,#3738,#3739,.T.);
#3141=EDGE_CURVE('',#3737,#3740,#3741,.T.);
#3142=EDGE_CURVE('',#3740,#3742,#3743,.T.);
#3143=EDGE_CURVE('',#3742,#3744,#3745,.T.);
#3144=EDGE_CURVE('',#3744,#3738,#3746,.T.);
#3145=FILL_AREA_STYLE('',(#3747));
#3146=EDGE_CURVE('',#3748,#3749,#3750,.T.);
#3147=EDGE_CURVE('',#3748,#3751,#3752,.T.);
#3148=EDGE_CURVE('',#3751,#3753,#3754,.T.);
#3149=EDGE_CURVE('',#3749,#3753,#3755,.T.);
#3150=FILL_AREA_STYLE('',(#3756));
#3151=EDGE_CURVE('',#3757,#3748,#3758,.T.);
#3152=EDGE_CURVE('',#3757,#3759,#3760,.T.);
#3153=EDGE_CURVE('',#3751,#3759,#3761,.T.);
#3154=FILL_AREA_STYLE('',(#3762));
#3155=EDGE_CURVE('',#3757,#3763,#3764,.T.);
#3156=EDGE_CURVE('',#3765,#3757,#3766,.T.);
#3157=EDGE_CURVE('',#3767,#3765,#3768,.T.);
#3158=EDGE_CURVE('',#3767,#3763,#3769,.T.);
#3159=FILL_AREA_STYLE('',(#3770));
#3160=EDGE_CURVE('',#3771,#3738,#3772,.T.);
#3161=EDGE_CURVE('',#3773,#3771,#3774,.T.);
#3162=EDGE_CURVE('',#3773,#3775,#3776,.T.);
#3163=EDGE_CURVE('',#3738,#3775,#3777,.T.);
#3164=FILL_AREA_STYLE('',(#3778));
#3165=EDGE_CURVE('',#3712,#3779,#3780,.T.);
#3166=EDGE_CURVE('',#3781,#3712,#3782,.T.);
#3167=EDGE_CURVE('',#3783,#3781,#3784,.T.);
#3168=EDGE_CURVE('',#3783,#3779,#3785,.T.);
#3169=FILL_AREA_STYLE('',(#3786));
#3170=EDGE_CURVE('',#3787,#3788,#3789,.T.);
#3171=EDGE_CURVE('',#3787,#3790,#3791,.T.);
#3172=EDGE_CURVE('',#3790,#3792,#3793,.T.);
#3173=EDGE_CURVE('',#3788,#3792,#3794,.T.);
#3174=FILL_AREA_STYLE('',(#3795));
#3175=EDGE_CURVE('',#3796,#3797,#3798,.T.);
#3176=EDGE_CURVE('',#3799,#3797,#3800,.T.);
#3177=EDGE_CURVE('',#3801,#3799,#3802,.T.);
#3178=EDGE_CURVE('',#3801,#3796,#3803,.T.);
#3179=FILL_AREA_STYLE('',(#3804));
#3180=EDGE_CURVE('',#3805,#3806,#3807,.T.);
#3181=EDGE_CURVE('',#3805,#3808,#3809,.T.);
#3182=EDGE_CURVE('',#3808,#3810,#3811,.T.);
#3183=EDGE_CURVE('',#3810,#3806,#3812,.T.);
#3184=FILL_AREA_STYLE('',(#3813));
#3185=EDGE_CURVE('',#3814,#3815,#3816,.T.);
#3186=EDGE_CURVE('',#3814,#3817,#3818,.T.);
#3187=EDGE_CURVE('',#3819,#3817,#3820,.T.);
#3188=EDGE_CURVE('',#3815,#3819,#3821,.T.);
#3189=FILL_AREA_STYLE('',(#3822));
#3190=EDGE_CURVE('',#3823,#3819,#3824,.T.);
#3191=EDGE_CURVE('',#3823,#3825,#3826,.T.);
#3192=EDGE_CURVE('',#3827,#3825,#3828,.T.);
#3193=EDGE_CURVE('',#3829,#3827,#3830,.T.);
#3194=EDGE_CURVE('',#3831,#3829,#3832,.T.);
#3195=EDGE_CURVE('',#3831,#3833,#3834,.T.);
#3196=EDGE_CURVE('',#3815,#3833,#3835,.T.);
#3197=FILL_AREA_STYLE('',(#3836));
#3198=EDGE_CURVE('',#3825,#3837,#3838,.T.);
#3199=EDGE_CURVE('',#3837,#3839,#3840,.T.);
#3200=EDGE_CURVE('',#3827,#3839,#3841,.T.);
#3201=FILL_AREA_STYLE('',(#3842));
#3202=EDGE_CURVE('',#3843,#3833,#3844,.T.);
#3203=EDGE_CURVE('',#3843,#3814,#3845,.T.);
#3204=FILL_AREA_STYLE('',(#3846));
#3205=EDGE_CURVE('',#3847,#3831,#3848,.T.);
#3206=EDGE_CURVE('',#3847,#3843,#3849,.T.);
#3207=FILL_AREA_STYLE('',(#3850));
#3208=EDGE_CURVE('',#3829,#3851,#3852,.T.);
#3209=EDGE_CURVE('',#3851,#3847,#3853,.T.);
#3210=FILL_AREA_STYLE('',(#3854));
#3211=EDGE_CURVE('',#3851,#3839,#3855,.T.);
#3212=FILL_AREA_STYLE('',(#3856));
#3213=EDGE_CURVE('',#3857,#3823,#3858,.T.);
#3214=EDGE_CURVE('',#3857,#3837,#3859,.T.);
#3215=FILL_AREA_STYLE('',(#3860));
#3216=EDGE_CURVE('',#3861,#3862,#3863,.T.);
#3217=EDGE_CURVE('',#3864,#3861,#3865,.T.);
#3218=EDGE_CURVE('',#3866,#3864,#3867,.T.);
#3219=EDGE_CURVE('',#3862,#3866,#3868,.T.);
#3220=FILL_AREA_STYLE('',(#3869));
#3221=EDGE_CURVE('',#3870,#3866,#3871,.T.);
#3222=EDGE_CURVE('',#3872,#3870,#3873,.T.);
#3223=EDGE_CURVE('',#3874,#3872,#3875,.T.);
#3224=EDGE_CURVE('',#3876,#3874,#3877,.T.);
#3225=EDGE_CURVE('',#3878,#3876,#3879,.T.);
#3226=EDGE_CURVE('',#3880,#3878,#3881,.T.);
#3227=EDGE_CURVE('',#3862,#3880,#3882,.T.);
#3228=FILL_AREA_STYLE('',(#3883));
#3229=EDGE_CURVE('',#3880,#3884,#3885,.T.);
#3230=EDGE_CURVE('',#3884,#3861,#3886,.T.);
#3231=FILL_AREA_STYLE('',(#3887));
#3232=EDGE_CURVE('',#3878,#3888,#3889,.T.);
#3233=EDGE_CURVE('',#3884,#3888,#3890,.T.);
#3234=FILL_AREA_STYLE('',(#3891));
#3235=EDGE_CURVE('',#3876,#3892,#3893,.T.);
#3236=EDGE_CURVE('',#3892,#3888,#3894,.T.);
#3237=FILL_AREA_STYLE('',(#3895));
#3238=EDGE_CURVE('',#3874,#3896,#3897,.T.);
#3239=EDGE_CURVE('',#3892,#3896,#3898,.T.);
#3240=FILL_AREA_STYLE('',(#3899));
#3241=EDGE_CURVE('',#3872,#3900,#3901,.T.);
#3242=EDGE_CURVE('',#3900,#3896,#3902,.T.);
#3243=FILL_AREA_STYLE('',(#3903));
#3244=EDGE_CURVE('',#3904,#3870,#3905,.T.);
#3245=EDGE_CURVE('',#3904,#3900,#3906,.T.);
#3246=FILL_AREA_STYLE('',(#3907));
#3247=EDGE_CURVE('',#3779,#3908,#3909,.T.);
#3248=EDGE_CURVE('',#3908,#3714,#3910,.T.);
#3249=FILL_AREA_STYLE('',(#3911));
#3250=EDGE_CURVE('',#3912,#3913,#3914,.T.);
#3251=EDGE_CURVE('',#3913,#3915,#3916,.T.);
#3252=EDGE_CURVE('',#3915,#3917,#3918,.T.);
#3253=EDGE_CURVE('',#3912,#3917,#3919,.T.);
#3254=FILL_AREA_STYLE('',(#3920));
#3255=EDGE_CURVE('',#3921,#3922,#3923,.T.);
#3256=EDGE_CURVE('',#3810,#3921,#3924,.T.);
#3257=EDGE_CURVE('',#3925,#3810,#3926,.T.);
#3258=EDGE_CURVE('',#3925,#3922,#3927,.T.);
#3259=FILL_AREA_STYLE('',(#3928));
#3260=EDGE_CURVE('',#3929,#3744,#3930,.T.);
#3261=EDGE_CURVE('',#3771,#3929,#3931,.T.);
#3262=FILL_AREA_STYLE('',(#3932));
#3263=EDGE_CURVE('',#3933,#3744,#3934,.T.);
#3264=EDGE_CURVE('',#3935,#3933,#3936,.T.);
#3265=EDGE_CURVE('',#3929,#3935,#3937,.T.);
#3266=FILL_AREA_STYLE('',(#3938));
#3267=EDGE_CURVE('',#3763,#3939,#3940,.T.);
#3268=EDGE_CURVE('',#3939,#3759,#3941,.T.);
#3269=FILL_AREA_STYLE('',(#3942));
#3270=EDGE_CURVE('',#3943,#3748,#3944,.T.);
#3271=EDGE_CURVE('',#3943,#3765,#3945,.T.);
#3272=FILL_AREA_STYLE('',(#3946));
#3273=EDGE_CURVE('',#3947,#3948,#3949,.T.);
#3274=EDGE_CURVE('',#3950,#3947,#3951,.T.);
#3275=EDGE_CURVE('',#3952,#3950,#3953,.T.);
#3276=EDGE_CURVE('',#3952,#3948,#3954,.T.);
#3277=FILL_AREA_STYLE('',(#3955));
#3278=EDGE_CURVE('',#3950,#3751,#3956,.T.);
#3279=EDGE_CURVE('',#3947,#3753,#3957,.T.);
#3280=FILL_AREA_STYLE('',(#3958));
#3281=EDGE_CURVE('',#3950,#3959,#3960,.T.);
#3282=EDGE_CURVE('',#3759,#3959,#3961,.T.);
#3283=FILL_AREA_STYLE('',(#3962));
#3284=EDGE_CURVE('',#3963,#3749,#3964,.T.);
#3285=EDGE_CURVE('',#3943,#3963,#3965,.T.);
#3286=FILL_AREA_STYLE('',(#3966));
#3287=EDGE_CURVE('',#3967,#3948,#3968,.T.);
#3288=EDGE_CURVE('',#3742,#3952,#3969,.T.);
#3289=EDGE_CURVE('',#3742,#3967,#3970,.T.);
#3290=FILL_AREA_STYLE('',(#3971));
#3291=EDGE_CURVE('',#3972,#3973,#3974,.T.);
#3292=EDGE_CURVE('',#3943,#3972,#3975,.T.);
#3293=EDGE_CURVE('',#3963,#3973,#3976,.T.);
#3294=FILL_AREA_STYLE('',(#3977));
#3295=EDGE_CURVE('',#3978,#3979,#3980,.T.);
#3296=EDGE_CURVE('',#3978,#3913,#3981,.T.);
#3297=EDGE_CURVE('',#3913,#3982,#3983,.T.);
#3298=EDGE_CURVE('',#3982,#3979,#3984,.T.);
#3299=FILL_AREA_STYLE('',(#3985));
#3300=EDGE_CURVE('',#3972,#3986,#3987,.T.);
#3301=EDGE_CURVE('',#3986,#3988,#3989,.T.);
#3302=EDGE_CURVE('',#3988,#3990,#3991,.T.);
#3303=EDGE_CURVE('',#3972,#3990,#3992,.T.);
#3304=FILL_AREA_STYLE('',(#3993));
#3305=EDGE_CURVE('',#3994,#3982,#3995,.T.);
#3306=EDGE_CURVE('',#3912,#3994,#3996,.T.);
#3307=FILL_AREA_STYLE('',(#3997));
#3308=EDGE_CURVE('',#3986,#3998,#3999,.T.);
#3309=EDGE_CURVE('',#3998,#4000,#4001,.T.);
#3310=EDGE_CURVE('',#4002,#4000,#4003,.T.);
#3311=EDGE_CURVE('',#4002,#3986,#4004,.T.);
#3312=FILL_AREA_STYLE('',(#4005));
#3313=EDGE_CURVE('',#3973,#3998,#4006,.T.);
#3314=FILL_AREA_STYLE('',(#4007));
#3315=EDGE_CURVE('',#4008,#4009,#4010,.T.);
#3316=EDGE_CURVE('',#4002,#4008,#4011,.T.);
#3317=EDGE_CURVE('',#4000,#4009,#4012,.T.);
#3318=FILL_AREA_STYLE('',(#4013));
#3319=EDGE_CURVE('',#4008,#3737,#4014,.T.);
#3320=EDGE_CURVE('',#4009,#4015,#4016,.T.);
#3321=EDGE_CURVE('',#3740,#4015,#4017,.T.);
#3322=FILL_AREA_STYLE('',(#4018));
#3323=EDGE_CURVE('',#4015,#3967,#4019,.T.);
#3324=FILL_AREA_STYLE('',(#4020));
#3325=EDGE_CURVE('',#3952,#3933,#4021,.T.);
#3326=FILL_AREA_STYLE('',(#4022));
#3327=EDGE_CURVE('',#4002,#3775,#4023,.T.);
#3328=FILL_AREA_STYLE('',(#4024));
#3329=FILL_AREA_STYLE('',(#4025));
#3330=EDGE_CURVE('',#4026,#3939,#4027,.T.);
#3331=EDGE_CURVE('',#4026,#3959,#4028,.T.);
#3332=FILL_AREA_STYLE('',(#4029));
#3333=EDGE_CURVE('',#3935,#4026,#4030,.T.);
#3334=EDGE_CURVE('',#3959,#3933,#4031,.T.);
#3335=FILL_AREA_STYLE('',(#4032));
#3336=FILL_AREA_STYLE('',(#4033));
#3337=EDGE_CURVE('',#4034,#4035,#4036,.T.);
#3338=EDGE_CURVE('',#4034,#4037,#4038,.T.);
#3339=EDGE_CURVE('',#4037,#4039,#4040,.T.);
#3340=EDGE_CURVE('',#4035,#4039,#4041,.T.);
#3341=FILL_AREA_STYLE('',(#4042));
#3342=EDGE_CURVE('',#4043,#4044,#4045,.T.);
#3343=EDGE_CURVE('',#4043,#4046,#4047,.T.);
#3344=EDGE_CURVE('',#4046,#4048,#4049,.T.);
#3345=EDGE_CURVE('',#4048,#4050,#4051,.T.);
#3346=EDGE_CURVE('',#4050,#4052,#4053,.T.);
#3347=EDGE_CURVE('',#4054,#4052,#4055,.T.);
#3348=EDGE_CURVE('',#4054,#4056,#4057,.T.);
#3349=EDGE_CURVE('',#4044,#4056,#4058,.T.);
#3350=FILL_AREA_STYLE('',(#4059));
#3351=EDGE_CURVE('',#4060,#4044,#4061,.T.);
#3352=EDGE_CURVE('',#4060,#4062,#4063,.T.);
#3353=EDGE_CURVE('',#4043,#4062,#4064,.T.);
#3354=FILL_AREA_STYLE('',(#4065));
#3355=EDGE_CURVE('',#4066,#4056,#4067,.T.);
#3356=EDGE_CURVE('',#4060,#4066,#4068,.T.);
#3357=FILL_AREA_STYLE('',(#4069));
#3358=EDGE_CURVE('',#4070,#4054,#4071,.T.);
#3359=EDGE_CURVE('',#4070,#4072,#4073,.T.);
#3360=EDGE_CURVE('',#4072,#4066,#4074,.T.);
#3361=FILL_AREA_STYLE('',(#4075));
#3362=EDGE_CURVE('',#4039,#4072,#4076,.T.);
#3363=EDGE_CURVE('',#4035,#4070,#4077,.T.);
#3364=FILL_AREA_STYLE('',(#4078));
#3365=EDGE_CURVE('',#4035,#4052,#4079,.T.);
#3366=EDGE_CURVE('',#4050,#4034,#4080,.T.);
#3367=FILL_AREA_STYLE('',(#4081));
#3368=FILL_AREA_STYLE('',(#4082));
#3369=EDGE_CURVE('',#4083,#4084,#4085,.T.);
#3370=EDGE_CURVE('',#3792,#4084,#4086,.T.);
#3371=EDGE_CURVE('',#3790,#4083,#4087,.T.);
#3372=FILL_AREA_STYLE('',(#4088));
#3373=EDGE_CURVE('',#4089,#3797,#4090,.T.);
#3374=EDGE_CURVE('',#4089,#4091,#4092,.T.);
#3375=EDGE_CURVE('',#3799,#4091,#4093,.T.);
#3376=FILL_AREA_STYLE('',(#4094));
#3377=EDGE_CURVE('',#4095,#4089,#4096,.T.);
#3378=EDGE_CURVE('',#4095,#4097,#4098,.T.);
#3379=EDGE_CURVE('',#4097,#4091,#4099,.T.);
#3380=FILL_AREA_STYLE('',(#4100));
#3381=EDGE_CURVE('',#4101,#3801,#4102,.T.);
#3382=EDGE_CURVE('',#4101,#4103,#4104,.T.);
#3383=EDGE_CURVE('',#3796,#4103,#4105,.T.);
#3384=FILL_AREA_STYLE('',(#4106));
#3385=EDGE_CURVE('',#4107,#4103,#4108,.T.);
#3386=EDGE_CURVE('',#4109,#4107,#4110,.T.);
#3387=EDGE_CURVE('',#4111,#4109,#4112,.T.);
#3388=EDGE_CURVE('',#4095,#4111,#4113,.T.);
#3389=FILL_AREA_STYLE('',(#4114));
#3390=EDGE_CURVE('',#4115,#4101,#4116,.T.);
#3391=EDGE_CURVE('',#4115,#4107,#4117,.T.);
#3392=FILL_AREA_STYLE('',(#4118));
#3393=EDGE_CURVE('',#4119,#4115,#4120,.T.);
#3394=EDGE_CURVE('',#4119,#4109,#4121,.T.);
#3395=FILL_AREA_STYLE('',(#4122));
#3396=EDGE_CURVE('',#4123,#4119,#4124,.T.);
#3397=EDGE_CURVE('',#4123,#4111,#4125,.T.);
#3398=FILL_AREA_STYLE('',(#4126));
#3399=EDGE_CURVE('',#4097,#4123,#4127,.T.);
#3400=FILL_AREA_STYLE('',(#4128));
#3401=EDGE_CURVE('',#4129,#4083,#4130,.T.);
#3402=EDGE_CURVE('',#3787,#4131,#4132,.T.);
#3403=EDGE_CURVE('',#4133,#4131,#4134,.T.);
#3404=EDGE_CURVE('',#4133,#4129,#4135,.T.);
#3405=EDGE_CURVE('',#4136,#4037,#4137,.T.);
#3406=EDGE_CURVE('',#4138,#4136,#4139,.T.);
#3407=EDGE_CURVE('',#4062,#4138,#4140,.T.);
#3408=EDGE_CURVE('',#3783,#4141,#4142,.T.);
#3409=EDGE_CURVE('',#4141,#4143,#4144,.T.);
#3410=EDGE_CURVE('',#4143,#3721,#4145,.T.);
#3411=EDGE_CURVE('',#3718,#4146,#4147,.T.);
#3412=EDGE_CURVE('',#4146,#4148,#4149,.T.);
#3413=EDGE_CURVE('',#4148,#4150,#4151,.T.);
#3414=EDGE_CURVE('',#4150,#3908,#4152,.T.);
#3415=EDGE_CURVE('',#4153,#3808,#4154,.T.);
#3416=EDGE_CURVE('',#3805,#4155,#4156,.T.);
#3417=EDGE_CURVE('',#4157,#4155,#4158,.T.);
#3418=EDGE_CURVE('',#4157,#4159,#4160,.T.);
#3419=EDGE_CURVE('',#4161,#4159,#4162,.T.);
#3420=EDGE_CURVE('',#4163,#4161,#4164,.T.);
#3421=EDGE_CURVE('',#4153,#4163,#4165,.T.);
#3422=EDGE_CURVE('',#3767,#4166,#4167,.T.);
#3423=EDGE_CURVE('',#4166,#4168,#4169,.T.);
#3424=EDGE_CURVE('',#4168,#3773,#4170,.T.);
#3425=FILL_AREA_STYLE('',(#4171));
#3426=EDGE_CURVE('',#4084,#4172,#4173,.T.);
#3427=EDGE_CURVE('',#4172,#4129,#4174,.T.);
#3428=EDGE_CURVE('',#4175,#4176,#4177,.T.);
#3429=EDGE_CURVE('',#4176,#4178,#4179,.T.);
#3430=EDGE_CURVE('',#4178,#4180,#4181,.T.);
#3431=EDGE_CURVE('',#4180,#4182,#4183,.T.);
#3432=EDGE_CURVE('',#4184,#4182,#4185,.T.);
#3433=EDGE_CURVE('',#4184,#4186,#4187,.T.);
#3434=EDGE_CURVE('',#4188,#4186,#4189,.T.);
#3435=EDGE_CURVE('',#4175,#4188,#4190,.T.);
#3436=FILL_AREA_STYLE('',(#4191));
#3437=EDGE_CURVE('',#3788,#4192,#4193,.T.);
#3438=EDGE_CURVE('',#4194,#4172,#4195,.T.);
#3439=EDGE_CURVE('',#4192,#4194,#4196,.T.);
#3440=FILL_AREA_STYLE('',(#4197));
#3441=EDGE_CURVE('',#4131,#4192,#4198,.T.);
#3442=EDGE_CURVE('',#4199,#4200,#4201,.T.);
#3443=EDGE_CURVE('',#4200,#4202,#4203,.T.);
#3444=EDGE_CURVE('',#4202,#4204,#4205,.T.);
#3445=EDGE_CURVE('',#4204,#4199,#4206,.T.);
#3446=EDGE_CURVE('',#4207,#4208,#4209,.T.);
#3447=EDGE_CURVE('',#4208,#4210,#4211,.T.);
#3448=EDGE_CURVE('',#4210,#4212,#4213,.T.);
#3449=EDGE_CURVE('',#4212,#4207,#4214,.T.);
#3450=EDGE_CURVE('',#3817,#3857,#4215,.T.);
#3451=EDGE_CURVE('',#3864,#3904,#4216,.T.);
#3452=FILL_AREA_STYLE('',(#4217));
#3453=EDGE_CURVE('',#3731,#4218,#4219,.T.);
#3454=EDGE_CURVE('',#4218,#4220,#4221,.T.);
#3455=EDGE_CURVE('',#4220,#3733,#4222,.T.);
#3456=FILL_AREA_STYLE('',(#4223));
#3457=FILL_AREA_STYLE('',(#4224));
#3458=EDGE_CURVE('',#3978,#3723,#4225,.T.);
#3459=EDGE_CURVE('',#4226,#3978,#4227,.T.);
#3460=EDGE_CURVE('',#3727,#4226,#4228,.T.);
#3461=FILL_AREA_STYLE('',(#4229));
#3462=EDGE_CURVE('',#4230,#4161,#4231,.T.);
#3463=EDGE_CURVE('',#4232,#4159,#4233,.T.);
#3464=EDGE_CURVE('',#4230,#4232,#4234,.T.);
#3465=FILL_AREA_STYLE('',(#4235));
#3466=EDGE_CURVE('',#4153,#3925,#4236,.T.);
#3467=EDGE_CURVE('',#4163,#4237,#4238,.T.);
#3468=EDGE_CURVE('',#4237,#3925,#4239,.T.);
#3469=FILL_AREA_STYLE('',(#4240));
#3470=EDGE_CURVE('',#4241,#4155,#4242,.T.);
#3471=EDGE_CURVE('',#4243,#4241,#4244,.T.);
#3472=EDGE_CURVE('',#4243,#4157,#4245,.T.);
#3473=FILL_AREA_STYLE('',(#4246));
#3474=EDGE_CURVE('',#4247,#3922,#4248,.T.);
#3475=EDGE_CURVE('',#4230,#4247,#4249,.T.);
#3476=EDGE_CURVE('',#4232,#4243,#4250,.T.);
#3477=EDGE_CURVE('',#4241,#4251,#4252,.T.);
#3478=EDGE_CURVE('',#3921,#4251,#4253,.T.);
#3479=FILL_AREA_STYLE('',(#4254));
#3480=EDGE_CURVE('',#4255,#4256,#4257,.T.);
#3481=EDGE_CURVE('',#3731,#4256,#4258,.T.);
#3482=EDGE_CURVE('',#3729,#4255,#4259,.T.);
#3483=FILL_AREA_STYLE('',(#4260));
#3484=EDGE_CURVE('',#4261,#4255,#4262,.T.);
#3485=EDGE_CURVE('',#4226,#4261,#4263,.T.);
#3486=FILL_AREA_STYLE('',(#4264));
#3487=FILL_AREA_STYLE('',(#4265));
#3488=EDGE_CURVE('',#4148,#4220,#4266,.T.);
#3489=EDGE_CURVE('',#4146,#3733,#4267,.T.);
#3490=FILL_AREA_STYLE('',(#4268));
#3491=EDGE_CURVE('',#4150,#4269,#4270,.T.);
#3492=EDGE_CURVE('',#4269,#4220,#4271,.T.);
#3493=FILL_AREA_STYLE('',(#4272));
#3494=EDGE_CURVE('',#3806,#4251,#4273,.T.);
#3495=FILL_AREA_STYLE('',(#4274));
#3496=EDGE_CURVE('',#4256,#4275,#4276,.T.);
#3497=EDGE_CURVE('',#4218,#4275,#4277,.T.);
#3498=FILL_AREA_STYLE('',(#4278));
#3499=EDGE_CURVE('',#3723,#3915,#4279,.T.);
#3500=FILL_AREA_STYLE('',(#4280));
#3501=EDGE_CURVE('',#3979,#4261,#4281,.T.);
#3502=FILL_AREA_STYLE('',(#4282));
#3503=EDGE_CURVE('',#4283,#4200,#4284,.T.);
#3504=EDGE_CURVE('',#4285,#4283,#4286,.T.);
#3505=EDGE_CURVE('',#4287,#4285,#4288,.T.);
#3506=EDGE_CURVE('',#4289,#4287,#4290,.T.);
#3507=EDGE_CURVE('',#4289,#4291,#4292,.T.);
#3508=EDGE_CURVE('',#4293,#4291,#4294,.T.);
#3509=EDGE_CURVE('',#4202,#4293,#4295,.T.);
#3510=FILL_AREA_STYLE('',(#4296));
#3511=EDGE_CURVE('',#4297,#4293,#4298,.T.);
#3512=EDGE_CURVE('',#4204,#4297,#4299,.T.);
#3513=FILL_AREA_STYLE('',(#4300));
#3514=EDGE_CURVE('',#4301,#4297,#4302,.T.);
#3515=EDGE_CURVE('',#4303,#4301,#4304,.T.);
#3516=EDGE_CURVE('',#4305,#4303,#4306,.T.);
#3517=EDGE_CURVE('',#4305,#4307,#4308,.T.);
#3518=EDGE_CURVE('',#4309,#4307,#4310,.T.);
#3519=EDGE_CURVE('',#4199,#4309,#4311,.T.);
#3520=FILL_AREA_STYLE('',(#4312));
#3521=EDGE_CURVE('',#4283,#4309,#4313,.T.);
#3522=FILL_AREA_STYLE('',(#4314));
#3523=EDGE_CURVE('',#4285,#4307,#4315,.T.);
#3524=FILL_AREA_STYLE('',(#4316));
#3525=EDGE_CURVE('',#4287,#4305,#4317,.T.);
#3526=FILL_AREA_STYLE('',(#4318));
#3527=EDGE_CURVE('',#4303,#4289,#4319,.T.);
#3528=FILL_AREA_STYLE('',(#4320));
#3529=EDGE_CURVE('',#4301,#4291,#4321,.T.);
#3530=FILL_AREA_STYLE('',(#4322));
#3531=FILL_AREA_STYLE('',(#4323));
#3532=EDGE_CURVE('',#4207,#4324,#4325,.T.);
#3533=EDGE_CURVE('',#4326,#4212,#4327,.T.);
#3534=EDGE_CURVE('',#4328,#4326,#4329,.T.);
#3535=EDGE_CURVE('',#4328,#4330,#4331,.T.);
#3536=EDGE_CURVE('',#4332,#4330,#4333,.T.);
#3537=EDGE_CURVE('',#4332,#4334,#4335,.T.);
#3538=EDGE_CURVE('',#4324,#4334,#4336,.T.);
#3539=FILL_AREA_STYLE('',(#4337));
#3540=EDGE_CURVE('',#4338,#4339,#4340,.T.);
#3541=EDGE_CURVE('',#4339,#4324,#4341,.T.);
#3542=EDGE_CURVE('',#4338,#4334,#4342,.T.);
#3543=FILL_AREA_STYLE('',(#4343));
#3544=EDGE_CURVE('',#4344,#4345,#4346,.T.);
#3545=EDGE_CURVE('',#4345,#4328,#4347,.T.);
#3546=EDGE_CURVE('',#4326,#4344,#4348,.T.);
#3547=FILL_AREA_STYLE('',(#4349));
#3548=EDGE_CURVE('',#4345,#4350,#4351,.T.);
#3549=EDGE_CURVE('',#4350,#4330,#4352,.T.);
#3550=FILL_AREA_STYLE('',(#4353));
#3551=EDGE_CURVE('',#4350,#4354,#4355,.T.);
#3552=EDGE_CURVE('',#4354,#4332,#4356,.T.);
#3553=FILL_AREA_STYLE('',(#4357));
#3554=EDGE_CURVE('',#4354,#4338,#4358,.T.);
#3555=FILL_AREA_STYLE('',(#4359));
#3556=EDGE_CURVE('',#4344,#4210,#4360,.T.);
#3557=FILL_AREA_STYLE('',(#4361));
#3558=EDGE_CURVE('',#4208,#4339,#4362,.T.);
#3559=FILL_AREA_STYLE('',(#4363));
#3560=FILL_AREA_STYLE('',(#4364));
#3561=EDGE_CURVE('',#4365,#4366,#4367,.T.);
#3562=EDGE_CURVE('',#4368,#4365,#4369,.T.);
#3563=EDGE_CURVE('',#4370,#4368,#4371,.T.);
#3564=EDGE_CURVE('',#4372,#4370,#4373,.T.);
#3565=EDGE_CURVE('',#4374,#4372,#4375,.T.);
#3566=EDGE_CURVE('',#4376,#4374,#4377,.T.);
#3567=EDGE_CURVE('',#4378,#4376,#4379,.T.);
#3568=EDGE_CURVE('',#4378,#4366,#4380,.T.);
#3569=FILL_AREA_STYLE('',(#4381));
#3570=EDGE_CURVE('',#4176,#4376,#4382,.T.);
#3571=EDGE_CURVE('',#4378,#4175,#4383,.T.);
#3572=FILL_AREA_STYLE('',(#4384));
#3573=EDGE_CURVE('',#4366,#4188,#4385,.T.);
#3574=FILL_AREA_STYLE('',(#4386));
#3575=EDGE_CURVE('',#4186,#4365,#4387,.T.);
#3576=FILL_AREA_STYLE('',(#4388));
#3577=EDGE_CURVE('',#4178,#4374,#4389,.T.);
#3578=FILL_AREA_STYLE('',(#4390));
#3579=EDGE_CURVE('',#4184,#4368,#4391,.T.);
#3580=FILL_AREA_STYLE('',(#4392));
#3581=EDGE_CURVE('',#4182,#4370,#4393,.T.);
#3582=FILL_AREA_STYLE('',(#4394));
#3583=EDGE_CURVE('',#4180,#4372,#4395,.T.);
#3584=FILL_AREA_STYLE('',(#4396));
#3585=FILL_AREA_STYLE('',(#4397));
#3586=EDGE_CURVE('',#4194,#4133,#4398,.T.);
#3587=FILL_AREA_STYLE('',(#4399));
#3588=FILL_AREA_STYLE('',(#4400));
#3589=EDGE_CURVE('',#4218,#4401,#4402,.T.);
#3590=EDGE_CURVE('',#4401,#4269,#4403,.T.);
#3591=FILL_AREA_STYLE('',(#4404));
#3592=EDGE_CURVE('',#4237,#4247,#4405,.T.);
#3593=FILL_AREA_STYLE('',(#4406));
#3594=FILL_AREA_STYLE('',(#4407));
#3595=FILL_AREA_STYLE('',(#4408));
#3596=EDGE_CURVE('',#4409,#4034,#4410,.T.);
#3597=EDGE_CURVE('',#4409,#4136,#4411,.T.);
#3598=FILL_AREA_STYLE('',(#4412));
#3599=EDGE_CURVE('',#4048,#4409,#4413,.T.);
#3600=FILL_AREA_STYLE('',(#4414));
#3601=EDGE_CURVE('',#4046,#4138,#4415,.T.);
#3602=FILL_AREA_STYLE('',(#4416));
#3603=FILL_AREA_STYLE('',(#4417));
#3604=EDGE_CURVE('',#4418,#3912,#4419,.T.);
#3605=EDGE_CURVE('',#4418,#4420,#4421,.T.);
#3606=EDGE_CURVE('',#4420,#3994,#4422,.T.);
#3607=FILL_AREA_STYLE('',(#4423));
#3608=FILL_AREA_STYLE('',(#4424));
#3609=EDGE_CURVE('',#3988,#3775,#4425,.T.);
#3610=FILL_AREA_STYLE('',(#4426));
#3611=EDGE_CURVE('',#4168,#3988,#4427,.T.);
#3612=FILL_AREA_STYLE('',(#4428));
#3613=EDGE_CURVE('',#4166,#3990,#4429,.T.);
#3614=FILL_AREA_STYLE('',(#4430));
#3615=EDGE_CURVE('',#3990,#3765,#4431,.T.);
#3616=FILL_AREA_STYLE('',(#4432));
#3617=EDGE_CURVE('',#4143,#3915,#4433,.T.);
#3618=FILL_AREA_STYLE('',(#4434));
#3619=FILL_AREA_STYLE('',(#4435));
#3620=FILL_AREA_STYLE('',(#4436));
#3621=FILL_AREA_STYLE('',(#4437));
#3622=EDGE_CURVE('',#3917,#3781,#4438,.T.);
#3623=EDGE_CURVE('',#4141,#3917,#4439,.T.);
#3624=FILL_AREA_STYLE('',(#4440));
#3625=FILL_AREA_STYLE('',(#4441));
#3626=EDGE_CURVE('',#3714,#4269,#4442,.T.);
#3627=FILL_AREA_STYLE('',(#4443));
#3628=EDGE_CURVE('',#4401,#3706,#4444,.T.);
#3629=FILL_AREA_STYLE('',(#4445));
#3630=EDGE_CURVE('',#4418,#3703,#4446,.T.);
#3631=EDGE_CURVE('',#4418,#3781,#4447,.T.);
#3632=FILL_AREA_STYLE('',(#4448));
#3633=EDGE_CURVE('',#4420,#3704,#4449,.T.);
#3634=FILL_AREA_STYLE('',(#4450));
#3635=EDGE_CURVE('',#4401,#4451,#4452,.T.);
#3636=EDGE_CURVE('',#4451,#3708,#4453,.T.);
#3637=FILL_AREA_STYLE('',(#4454));
#3638=EDGE_CURVE('',#4451,#4275,#4455,.T.);
#3639=FILL_AREA_STYLE('',(#4456));
#3640=FILL_AREA_STYLE('',(#4457));
#3641=FILL_AREA_STYLE('',(#4458));
#3642=FILL_AREA_STYLE_COLOUR('',#4459);
#3643=VERTEX_POINT('',#4460);
#3644=VERTEX_POINT('',#4461);
#3645=CIRCLE('',#4462,0.6);
#3646=VERTEX_POINT('',#4463);
#3647=LINE('',#4464,#4465);
#3648=VERTEX_POINT('',#4466);
#3649=CIRCLE('',#4467,0.6);
#3650=LINE('',#4468,#4469);
#3651=FILL_AREA_STYLE_COLOUR('',#4470);
#3652=CIRCLE('',#4471,0.6);
#3653=CIRCLE('',#4472,0.6);
#3654=FILL_AREA_STYLE_COLOUR('',#4473);
#3655=FILL_AREA_STYLE_COLOUR('',#4474);
#3656=FILL_AREA_STYLE_COLOUR('',#4475);
#3657=FILL_AREA_STYLE_COLOUR('',#4476);
#3658=VERTEX_POINT('',#4477);
#3659=VERTEX_POINT('',#4478);
#3660=CIRCLE('',#4479,0.6);
#3661=VERTEX_POINT('',#4480);
#3662=LINE('',#4481,#4482);
#3663=VERTEX_POINT('',#4483);
#3664=CIRCLE('',#4484,0.6);
#3665=LINE('',#4485,#4486);
#3666=FILL_AREA_STYLE_COLOUR('',#4487);
#3667=CIRCLE('',#4488,0.6);
#3668=CIRCLE('',#4489,0.6);
#3669=FILL_AREA_STYLE_COLOUR('',#4490);
#3670=FILL_AREA_STYLE_COLOUR('',#4491);
#3671=FILL_AREA_STYLE_COLOUR('',#4492);
#3672=FILL_AREA_STYLE_COLOUR('',#4493);
#3673=VERTEX_POINT('',#4494);
#3674=VERTEX_POINT('',#4495);
#3675=CIRCLE('',#4496,0.6);
#3676=VERTEX_POINT('',#4497);
#3677=LINE('',#4498,#4499);
#3678=VERTEX_POINT('',#4500);
#3679=CIRCLE('',#4501,0.6);
#3680=LINE('',#4502,#4503);
#3681=FILL_AREA_STYLE_COLOUR('',#4504);
#3682=CIRCLE('',#4505,0.6);
#3683=CIRCLE('',#4506,0.6);
#3684=FILL_AREA_STYLE_COLOUR('',#4507);
#3685=FILL_AREA_STYLE_COLOUR('',#4508);
#3686=FILL_AREA_STYLE_COLOUR('',#4509);
#3687=FILL_AREA_STYLE_COLOUR('',#4510);
#3688=VERTEX_POINT('',#4511);
#3689=VERTEX_POINT('',#4512);
#3690=CIRCLE('',#4513,0.6);
#3691=VERTEX_POINT('',#4514);
#3692=LINE('',#4515,#4516);
#3693=VERTEX_POINT('',#4517);
#3694=CIRCLE('',#4518,0.6);
#3695=LINE('',#4519,#4520);
#3696=FILL_AREA_STYLE_COLOUR('',#4521);
#3697=CIRCLE('',#4522,0.6);
#3698=CIRCLE('',#4523,0.6);
#3699=FILL_AREA_STYLE_COLOUR('',#4524);
#3700=FILL_AREA_STYLE_COLOUR('',#4525);
#3701=FILL_AREA_STYLE_COLOUR('',#4526);
#3702=FILL_AREA_STYLE_COLOUR('',#4527);
#3703=VERTEX_POINT('',#4528);
#3704=VERTEX_POINT('',#4529);
#3705=LINE('',#4530,#4531);
#3706=VERTEX_POINT('',#4532);
#3707=CIRCLE('',#4533,1.1);
#3708=VERTEX_POINT('',#4534);
#3709=LINE('',#4535,#4536);
#3710=CIRCLE('',#4537,1.1);
#3711=FILL_AREA_STYLE_COLOUR('',#4538);
#3712=VERTEX_POINT('',#4539);
#3713=LINE('',#4540,#4541);
#3714=VERTEX_POINT('',#4542);
#3715=CIRCLE('',#4543,1.4);
#3716=LINE('',#4544,#4545);
#3717=FILL_AREA_STYLE_COLOUR('',#4546);
#3718=VERTEX_POINT('',#4547);
#3719=VERTEX_POINT('',#4548);
#3720=LINE('',#4549,#4550);
#3721=VERTEX_POINT('',#4551);
#3722=CIRCLE('',#4552,1.4);
#3723=VERTEX_POINT('',#4553);
#3724=LINE('',#4554,#4555);
#3725=CIRCLE('',#4556,1.4);
#3726=FILL_AREA_STYLE_COLOUR('',#4557);
#3727=VERTEX_POINT('',#4558);
#3728=LINE('',#4559,#4560);
#3729=VERTEX_POINT('',#4561);
#3730=B_SPLINE_CURVE_WITH_KNOTS('',3,(#4562,#4563,#4564,#4565,#4566,#4567,#4568,#4569,#4570,#4571,#4572,#4573,#4574,#4575,#4576,#4577,#4578,#4579,#4580),.UNSPECIFIED.,.F.,.F.,(4,3,3,3,3,3,4),(0.0,0.190712108805495,0.381667803774858,0.739586490253238,1.09750517673546,1.28846087170502,1.47917298050252),.UNSPECIFIED.);
#3731=VERTEX_POINT('',#4581);
#3732=CIRCLE('',#4582,1.1);
#3733=VERTEX_POINT('',#4583);
#3734=LINE('',#4584,#4585);
#3735=CIRCLE('',#4586,1.4);
#3736=FILL_AREA_STYLE_COLOUR('',#4587);
#3737=VERTEX_POINT('',#4588);
#3738=VERTEX_POINT('',#4589);
#3739=LINE('',#4590,#4591);
#3740=VERTEX_POINT('',#4592);
#3741=B_SPLINE_CURVE_WITH_KNOTS('',3,(#4593,#4594,#4595,#4596,#4597,#4598,#4599,#4600,#4601,#4602,#4603,#4604,#4605,#4606,#4607,#4608,#4609,#4610,#4611),.UNSPECIFIED.,.F.,.F.,(4,3,3,3,3,3,4),(0.0,0.190712108791636,0.381667803747528,0.7395864902275,1.09750517670762,1.28846087166325,1.479172980455),.UNSPECIFIED.);
#3742=VERTEX_POINT('',#4612);
#3743=CIRCLE('',#4613,1.1);
#3744=VERTEX_POINT('',#4614);
#3745=LINE('',#4615,#4616);
#3746=CIRCLE('',#4617,1.4);
#3747=FILL_AREA_STYLE_COLOUR('',#4618);
#3748=VERTEX_POINT('',#4619);
#3749=VERTEX_POINT('',#4620);
#3750=LINE('',#4621,#4622);
#3751=VERTEX_POINT('',#4623);
#3752=CIRCLE('',#4624,1.1);
#3753=VERTEX_POINT('',#4625);
#3754=LINE('',#4626,#4627);
#3755=CIRCLE('',#4628,1.1);
#3756=FILL_AREA_STYLE_COLOUR('',#4629);
#3757=VERTEX_POINT('',#4630);
#3758=LINE('',#4631,#4632);
#3759=VERTEX_POINT('',#4633);
#3760=CIRCLE('',#4634,1.4);
#3761=LINE('',#4635,#4636);
#3762=FILL_AREA_STYLE_COLOUR('',#4637);
#3763=VERTEX_POINT('',#4638);
#3764=LINE('',#4639,#4640);
#3765=VERTEX_POINT('',#4641);
#3766=CIRCLE('',#4642,1.4);
#3767=VERTEX_POINT('',#4643);
#3768=LINE('',#4644,#4645);
#3769=CIRCLE('',#4646,1.4);
#3770=FILL_AREA_STYLE_COLOUR('',#4647);
#3771=VERTEX_POINT('',#4648);
#3772=LINE('',#4649,#4650);
#3773=VERTEX_POINT('',#4651);
#3774=CIRCLE('',#4652,1.4);
#3775=VERTEX_POINT('',#4653);
#3776=LINE('',#4654,#4655);
#3777=CIRCLE('',#4656,1.4);
#3778=FILL_AREA_STYLE_COLOUR('',#4657);
#3779=VERTEX_POINT('',#4658);
#3780=LINE('',#4659,#4660);
#3781=VERTEX_POINT('',#4661);
#3782=CIRCLE('',#4662,1.4);
#3783=VERTEX_POINT('',#4663);
#3784=LINE('',#4664,#4665);
#3785=CIRCLE('',#4666,1.4);
#3786=FILL_AREA_STYLE_COLOUR('',#4667);
#3787=VERTEX_POINT('',#4668);
#3788=VERTEX_POINT('',#4669);
#3789=LINE('',#4670,#4671);
#3790=VERTEX_POINT('',#4672);
#3791=LINE('',#4673,#4674);
#3792=VERTEX_POINT('',#4675);
#3793=LINE('',#4676,#4677);
#3794=LINE('',#4678,#4679);
#3795=FILL_AREA_STYLE_COLOUR('',#4680);
#3796=VERTEX_POINT('',#4681);
#3797=VERTEX_POINT('',#4682);
#3798=CIRCLE('',#4683,0.1);
#3799=VERTEX_POINT('',#4684);
#3800=LINE('',#4685,#4686);
#3801=VERTEX_POINT('',#4687);
#3802=CIRCLE('',#4688,0.1);
#3803=LINE('',#4689,#4690);
#3804=FILL_AREA_STYLE_COLOUR('',#4691);
#3805=VERTEX_POINT('',#4692);
#3806=VERTEX_POINT('',#4693);
#3807=LINE('',#4694,#4695);
#3808=VERTEX_POINT('',#4696);
#3809=ELLIPSE('',#4697,0.103527618041008,0.1);
#3810=VERTEX_POINT('',#4698);
#3811=LINE('',#4699,#4700);
#3812=ELLIPSE('',#4701,0.100862896058015,0.1);
#3813=FILL_AREA_STYLE_COLOUR('',#4702);
#3814=VERTEX_POINT('',#4703);
#3815=VERTEX_POINT('',#4704);
#3816=LINE('',#4705,#4706);
#3817=VERTEX_POINT('',#4707);
#3818=LINE('',#4708,#4709);
#3819=VERTEX_POINT('',#4710);
#3820=LINE('',#4711,#4712);
#3821=LINE('',#4713,#4714);
#3822=FILL_AREA_STYLE_COLOUR('',#4715);
#3823=VERTEX_POINT('',#4716);
#3824=LINE('',#4717,#4718);
#3825=VERTEX_POINT('',#4719);
#3826=LINE('',#4720,#4721);
#3827=VERTEX_POINT('',#4722);
#3828=LINE('',#4723,#4724);
#3829=VERTEX_POINT('',#4725);
#3830=CIRCLE('',#4726,0.2);
#3831=VERTEX_POINT('',#4727);
#3832=LINE('',#4728,#4729);
#3833=VERTEX_POINT('',#4730);
#3834=CIRCLE('',#4731,0.2);
#3835=LINE('',#4732,#4733);
#3836=FILL_AREA_STYLE_COLOUR('',#4734);
#3837=VERTEX_POINT('',#4735);
#3838=LINE('',#4736,#4737);
#3839=VERTEX_POINT('',#4738);
#3840=LINE('',#4739,#4740);
#3841=LINE('',#4741,#4742);
#3842=FILL_AREA_STYLE_COLOUR('',#4743);
#3843=VERTEX_POINT('',#4744);
#3844=LINE('',#4745,#4746);
#3845=LINE('',#4747,#4748);
#3846=FILL_AREA_STYLE_COLOUR('',#4749);
#3847=VERTEX_POINT('',#4750);
#3848=LINE('',#4751,#4752);
#3849=CIRCLE('',#4753,0.2);
#3850=FILL_AREA_STYLE_COLOUR('',#4754);
#3851=VERTEX_POINT('',#4755);
#3852=LINE('',#4756,#4757);
#3853=LINE('',#4758,#4759);
#3854=FILL_AREA_STYLE_COLOUR('',#4760);
#3855=CIRCLE('',#4761,0.2);
#3856=FILL_AREA_STYLE_COLOUR('',#4762);
#3857=VERTEX_POINT('',#4763);
#3858=LINE('',#4764,#4765);
#3859=LINE('',#4766,#4767);
#3860=FILL_AREA_STYLE_COLOUR('',#4768);
#3861=VERTEX_POINT('',#4769);
#3862=VERTEX_POINT('',#4770);
#3863=LINE('',#4771,#4772);
#3864=VERTEX_POINT('',#4773);
#3865=LINE('',#4774,#4775);
#3866=VERTEX_POINT('',#4776);
#3867=LINE('',#4777,#4778);
#3868=LINE('',#4779,#4780);
#3869=FILL_AREA_STYLE_COLOUR('',#4781);
#3870=VERTEX_POINT('',#4782);
#3871=LINE('',#4783,#4784);
#3872=VERTEX_POINT('',#4785);
#3873=LINE('',#4786,#4787);
#3874=VERTEX_POINT('',#4788);
#3875=LINE('',#4789,#4790);
#3876=VERTEX_POINT('',#4791);
#3877=CIRCLE('',#4792,0.2);
#3878=VERTEX_POINT('',#4793);
#3879=LINE('',#4794,#4795);
#3880=VERTEX_POINT('',#4796);
#3881=CIRCLE('',#4797,0.2);
#3882=LINE('',#4798,#4799);
#3883=FILL_AREA_STYLE_COLOUR('',#4800);
#3884=VERTEX_POINT('',#4801);
#3885=LINE('',#4802,#4803);
#3886=LINE('',#4804,#4805);
#3887=FILL_AREA_STYLE_COLOUR('',#4806);
#3888=VERTEX_POINT('',#4807);
#3889=LINE('',#4808,#4809);
#3890=CIRCLE('',#4810,0.2);
#3891=FILL_AREA_STYLE_COLOUR('',#4811);
#3892=VERTEX_POINT('',#4812);
#3893=LINE('',#4813,#4814);
#3894=LINE('',#4815,#4816);
#3895=FILL_AREA_STYLE_COLOUR('',#4817);
#3896=VERTEX_POINT('',#4818);
#3897=LINE('',#4819,#4820);
#3898=CIRCLE('',#4821,0.2);
#3899=FILL_AREA_STYLE_COLOUR('',#4822);
#3900=VERTEX_POINT('',#4823);
#3901=LINE('',#4824,#4825);
#3902=LINE('',#4826,#4827);
#3903=FILL_AREA_STYLE_COLOUR('',#4828);
#3904=VERTEX_POINT('',#4829);
#3905=LINE('',#4830,#4831);
#3906=LINE('',#4832,#4833);
#3907=FILL_AREA_STYLE_COLOUR('',#4834);
#3908=VERTEX_POINT('',#4835);
#3909=CIRCLE('',#4836,1.4);
#3910=LINE('',#4837,#4838);
#3911=FILL_AREA_STYLE_COLOUR('',#4839);
#3912=VERTEX_POINT('',#4840);
#3913=VERTEX_POINT('',#4841);
#3914=LINE('',#4842,#4843);
#3915=VERTEX_POINT('',#4844);
#3916=LINE('',#4845,#4846);
#3917=VERTEX_POINT('',#4847);
#3918=LINE('',#4848,#4849);
#3919=LINE('',#4850,#4851);
#3920=FILL_AREA_STYLE_COLOUR('',#4852);
#3921=VERTEX_POINT('',#4853);
#3922=VERTEX_POINT('',#4854);
#3923=LINE('',#4855,#4856);
#3924=LINE('',#4857,#4858);
#3925=VERTEX_POINT('',#4859);
#3926=LINE('',#4860,#4861);
#3927=LINE('',#4862,#4863);
#3928=FILL_AREA_STYLE_COLOUR('',#4864);
#3929=VERTEX_POINT('',#4865);
#3930=LINE('',#4866,#4867);
#3931=CIRCLE('',#4868,1.4);
#3932=FILL_AREA_STYLE_COLOUR('',#4869);
#3933=VERTEX_POINT('',#4870);
#3934=CIRCLE('',#4871,0.5);
#3935=VERTEX_POINT('',#4872);
#3936=LINE('',#4873,#4874);
#3937=CIRCLE('',#4875,0.5);
#3938=FILL_AREA_STYLE_COLOUR('',#4876);
#3939=VERTEX_POINT('',#4877);
#3940=CIRCLE('',#4878,1.4);
#3941=LINE('',#4879,#4880);
#3942=FILL_AREA_STYLE_COLOUR('',#4881);
#3943=VERTEX_POINT('',#4882);
#3944=CIRCLE('',#4883,1.1);
#3945=LINE('',#4884,#4885);
#3946=FILL_AREA_STYLE_COLOUR('',#4886);
#3947=VERTEX_POINT('',#4887);
#3948=VERTEX_POINT('',#4888);
#3949=LINE('',#4889,#4890);
#3950=VERTEX_POINT('',#4891);
#3951=LINE('',#4892,#4893);
#3952=VERTEX_POINT('',#4894);
#3953=LINE('',#4895,#4896);
#3954=LINE('',#4897,#4898);
#3955=FILL_AREA_STYLE_COLOUR('',#4899);
#3956=CIRCLE('',#4900,0.199999999999999);
#3957=CIRCLE('',#4901,0.2);
#3958=FILL_AREA_STYLE_COLOUR('',#4902);
#3959=VERTEX_POINT('',#4903);
#3960=LINE('',#4904,#4905);
#3961=CIRCLE('',#4906,0.5);
#3962=FILL_AREA_STYLE_COLOUR('',#4907);
#3963=VERTEX_POINT('',#4908);
#3964=CIRCLE('',#4909,1.1);
#3965=LINE('',#4910,#4911);
#3966=FILL_AREA_STYLE_COLOUR('',#4912);
#3967=VERTEX_POINT('',#4913);
#3968=CIRCLE('',#4914,0.200000000000001);
#3969=CIRCLE('',#4915,0.199999999999999);
#3970=LINE('',#4916,#4917);
#3971=FILL_AREA_STYLE_COLOUR('',#4918);
#3972=VERTEX_POINT('',#4919);
#3973=VERTEX_POINT('',#4920);
#3974=LINE('',#4921,#4922);
#3975=CIRCLE('',#4923,0.199999999999999);
#3976=CIRCLE('',#4924,0.2);
#3977=FILL_AREA_STYLE_COLOUR('',#4925);
#3978=VERTEX_POINT('',#4926);
#3979=VERTEX_POINT('',#4927);
#3980=LINE('',#4928,#4929);
#3981=CIRCLE('',#4930,0.2);
#3982=VERTEX_POINT('',#4931);
#3983=LINE('',#4932,#4933);
#3984=CIRCLE('',#4934,0.200000000000001);
#3985=FILL_AREA_STYLE_COLOUR('',#4935);
#3986=VERTEX_POINT('',#4936);
#3987=LINE('',#4937,#4938);
#3988=VERTEX_POINT('',#4939);
#3989=LINE('',#4940,#4941);
#3990=VERTEX_POINT('',#4942);
#3991=LINE('',#4943,#4944);
#3992=LINE('',#4945,#4946);
#3993=FILL_AREA_STYLE_COLOUR('',#4947);
#3994=VERTEX_POINT('',#4948);
#3995=LINE('',#4949,#4950);
#3996=LINE('',#4951,#4952);
#3997=FILL_AREA_STYLE_COLOUR('',#4953);
#3998=VERTEX_POINT('',#4954);
#3999=LINE('',#4955,#4956);
#4000=VERTEX_POINT('',#4957);
#4001=CIRCLE('',#4958,0.200000000000001);
#4002=VERTEX_POINT('',#4959);
#4003=LINE('',#4960,#4961);
#4004=CIRCLE('',#4962,0.2);
#4005=FILL_AREA_STYLE_COLOUR('',#4963);
#4006=LINE('',#4964,#4965);
#4007=FILL_AREA_STYLE_COLOUR('',#4966);
#4008=VERTEX_POINT('',#4967);
#4009=VERTEX_POINT('',#4968);
#4010=LINE('',#4969,#4970);
#4011=CIRCLE('',#4971,1.1);
#4012=CIRCLE('',#4972,1.1);
#4013=FILL_AREA_STYLE_COLOUR('',#4973);
#4014=B_SPLINE_CURVE_WITH_KNOTS('',3,(#4974,#4975,#4976,#4977,#4978,#4979,#4980,#4981,#4982,#4983,#4984,#4985,#4986,#4987,#4988,#4989,#4990,#4991,#4992),.UNSPECIFIED.,.F.,.F.,(4,3,3,3,3,3,4),(0.0,0.190712108791636,0.381667803747528,0.7395864902275,1.09750517670762,1.28846087166325,1.479172980455),.UNSPECIFIED.);
#4015=VERTEX_POINT('',#4993);
#4016=LINE('',#4994,#4995);
#4017=LINE('',#4996,#4997);
#4018=FILL_AREA_STYLE_COLOUR('',#4998);
#4019=CIRCLE('',#4999,1.1);
#4020=FILL_AREA_STYLE_COLOUR('',#5000);
#4021=LINE('',#5001,#5002);
#4022=FILL_AREA_STYLE_COLOUR('',#5003);
#4023=LINE('',#5004,#5005);
#4024=FILL_AREA_STYLE_COLOUR('',#5006);
#4025=FILL_AREA_STYLE_COLOUR('',#5007);
#4026=VERTEX_POINT('',#5008);
#4027=CIRCLE('',#5009,0.5);
#4028=LINE('',#5010,#5011);
#4029=FILL_AREA_STYLE_COLOUR('',#5012);
#4030=LINE('',#5013,#5014);
#4031=LINE('',#5015,#5016);
#4032=FILL_AREA_STYLE_COLOUR('',#5017);
#4033=FILL_AREA_STYLE_COLOUR('',#5018);
#4034=VERTEX_POINT('',#5019);
#4035=VERTEX_POINT('',#5020);
#4036=LINE('',#5021,#5022);
#4037=VERTEX_POINT('',#5023);
#4038=LINE('',#5024,#5025);
#4039=VERTEX_POINT('',#5026);
#4040=LINE('',#5027,#5028);
#4041=LINE('',#5029,#5030);
#4042=FILL_AREA_STYLE_COLOUR('',#5031);
#4043=VERTEX_POINT('',#5032);
#4044=VERTEX_POINT('',#5033);
#4045=LINE('',#5034,#5035);
#4046=VERTEX_POINT('',#5036);
#4047=CIRCLE('',#5037,0.1);
#4048=VERTEX_POINT('',#5038);
#4049=LINE('',#5039,#5040);
#4050=VERTEX_POINT('',#5041);
#4051=CIRCLE('',#5042,0.1);
#4052=VERTEX_POINT('',#5043);
#4053=LINE('',#5044,#5045);
#4054=VERTEX_POINT('',#5046);
#4055=CIRCLE('',#5047,0.1);
#4056=VERTEX_POINT('',#5048);
#4057=LINE('',#5049,#5050);
#4058=CIRCLE('',#5051,0.1);
#4059=FILL_AREA_STYLE_COLOUR('',#5052);
#4060=VERTEX_POINT('',#5053);
#4061=LINE('',#5054,#5055);
#4062=VERTEX_POINT('',#5056);
#4063=LINE('',#5057,#5058);
#4064=LINE('',#5059,#5060);
#4065=FILL_AREA_STYLE_COLOUR('',#5061);
#4066=VERTEX_POINT('',#5062);
#4067=LINE('',#5063,#5064);
#4068=CIRCLE('',#5065,0.1);
#4069=FILL_AREA_STYLE_COLOUR('',#5066);
#4070=VERTEX_POINT('',#5067);
#4071=LINE('',#5068,#5069);
#4072=VERTEX_POINT('',#5070);
#4073=LINE('',#5071,#5072);
#4074=LINE('',#5073,#5074);
#4075=FILL_AREA_STYLE_COLOUR('',#5075);
#4076=ELLIPSE('',#5076,0.103527618041008,0.1);
#4077=ELLIPSE('',#5077,0.100862896058015,0.1);
#4078=FILL_AREA_STYLE_COLOUR('',#5078);
#4079=LINE('',#5079,#5080);
#4080=LINE('',#5081,#5082);
#4081=FILL_AREA_STYLE_COLOUR('',#5083);
#4082=FILL_AREA_STYLE_COLOUR('',#5084);
#4083=VERTEX_POINT('',#5085);
#4084=VERTEX_POINT('',#5086);
#4085=LINE('',#5087,#5088);
#4086=CIRCLE('',#5089,0.3);
#4087=CIRCLE('',#5090,0.3);
#4088=FILL_AREA_STYLE_COLOUR('',#5091);
#4089=VERTEX_POINT('',#5092);
#4090=LINE('',#5093,#5094);
#4091=VERTEX_POINT('',#5095);
#4092=LINE('',#5096,#5097);
#4093=LINE('',#5098,#5099);
#4094=FILL_AREA_STYLE_COLOUR('',#5100);
#4095=VERTEX_POINT('',#5101);
#4096=CIRCLE('',#5102,0.1);
#4097=VERTEX_POINT('',#5103);
#4098=LINE('',#5104,#5105);
#4099=CIRCLE('',#5106,0.1);
#4100=FILL_AREA_STYLE_COLOUR('',#5107);
#4101=VERTEX_POINT('',#5108);
#4102=LINE('',#5109,#5110);
#4103=VERTEX_POINT('',#5111);
#4104=LINE('',#5112,#5113);
#4105=LINE('',#5114,#5115);
#4106=FILL_AREA_STYLE_COLOUR('',#5116);
#4107=VERTEX_POINT('',#5117);
#4108=CIRCLE('',#5118,0.1);
#4109=VERTEX_POINT('',#5119);
#4110=LINE('',#5120,#5121);
#4111=VERTEX_POINT('',#5122);
#4112=CIRCLE('',#5123,0.1);
#4113=LINE('',#5124,#5125);
#4114=FILL_AREA_STYLE_COLOUR('',#5126);
#4115=VERTEX_POINT('',#5127);
#4116=CIRCLE('',#5128,0.1);
#4117=LINE('',#5129,#5130);
#4118=FILL_AREA_STYLE_COLOUR('',#5131);
#4119=VERTEX_POINT('',#5132);
#4120=LINE('',#5133,#5134);
#4121=LINE('',#5135,#5136);
#4122=FILL_AREA_STYLE_COLOUR('',#5137);
#4123=VERTEX_POINT('',#5138);
#4124=CIRCLE('',#5139,0.1);
#4125=LINE('',#5140,#5141);
#4126=FILL_AREA_STYLE_COLOUR('',#5142);
#4127=LINE('',#5143,#5144);
#4128=FILL_AREA_STYLE_COLOUR('',#5145);
#4129=VERTEX_POINT('',#5146);
#4130=LINE('',#5147,#5148);
#4131=VERTEX_POINT('',#5149);
#4132=LINE('',#5150,#5151);
#4133=VERTEX_POINT('',#5152);
#4134=LINE('',#5153,#5154);
#4135=CIRCLE('',#5155,0.3);
#4136=VERTEX_POINT('',#5156);
#4137=ELLIPSE('',#5157,0.103527618041008,0.1);
#4138=VERTEX_POINT('',#5158);
#4139=LINE('',#5159,#5160);
#4140=CIRCLE('',#5161,0.1);
#4141=VERTEX_POINT('',#5162);
#4142=CIRCLE('',#5163,0.5);
#4143=VERTEX_POINT('',#5164);
#4144=LINE('',#5165,#5166);
#4145=CIRCLE('',#5167,0.5);
#4146=VERTEX_POINT('',#5168);
#4147=CIRCLE('',#5169,1.4);
#4148=VERTEX_POINT('',#5170);
#4149=CIRCLE('',#5171,0.5);
#4150=VERTEX_POINT('',#5172);
#4151=LINE('',#5173,#5174);
#4152=CIRCLE('',#5175,0.5);
#4153=VERTEX_POINT('',#5176);
#4154=LINE('',#5177,#5178);
#4155=VERTEX_POINT('',#5179);
#4156=LINE('',#5180,#5181);
#4157=VERTEX_POINT('',#5182);
#4158=CIRCLE('',#5183,0.1);
#4159=VERTEX_POINT('',#5184);
#4160=LINE('',#5185,#5186);
#4161=VERTEX_POINT('',#5187);
#4162=CIRCLE('',#5188,0.1);
#4163=VERTEX_POINT('',#5189);
#4164=LINE('',#5190,#5191);
#4165=ELLIPSE('',#5192,0.103527618041008,0.1);
#4166=VERTEX_POINT('',#5193);
#4167=CIRCLE('',#5194,0.5);
#4168=VERTEX_POINT('',#5195);
#4169=LINE('',#5196,#5197);
#4170=CIRCLE('',#5198,0.5);
#4171=FILL_AREA_STYLE_COLOUR('',#5199);
#4172=VERTEX_POINT('',#5200);
#4173=LINE('',#5201,#5202);
#4174=LINE('',#5203,#5204);
#4175=VERTEX_POINT('',#5205);
#4176=VERTEX_POINT('',#5206);
#4177=LINE('',#5207,#5208);
#4178=VERTEX_POINT('',#5209);
#4179=CIRCLE('',#5210,0.1);
#4180=VERTEX_POINT('',#5211);
#4181=LINE('',#5212,#5213);
#4182=VERTEX_POINT('',#5214);
#4183=CIRCLE('',#5215,0.1);
#4184=VERTEX_POINT('',#5216);
#4185=LINE('',#5217,#5218);
#4186=VERTEX_POINT('',#5219);
#4187=CIRCLE('',#5220,0.1);
#4188=VERTEX_POINT('',#5221);
#4189=LINE('',#5222,#5223);
#4190=CIRCLE('',#5224,0.1);
#4191=FILL_AREA_STYLE_COLOUR('',#5225);
#4192=VERTEX_POINT('',#5226);
#4193=LINE('',#5227,#5228);
#4194=VERTEX_POINT('',#5229);
#4195=CIRCLE('',#5230,0.3);
#4196=LINE('',#5231,#5232);
#4197=FILL_AREA_STYLE_COLOUR('',#5233);
#4198=LINE('',#5234,#5235);
#4199=VERTEX_POINT('',#5236);
#4200=VERTEX_POINT('',#5237);
#4201=LINE('',#5238,#5239);
#4202=VERTEX_POINT('',#5240);
#4203=LINE('',#5241,#5242);
#4204=VERTEX_POINT('',#5243);
#4205=LINE('',#5244,#5245);
#4206=LINE('',#5246,#5247);
#4207=VERTEX_POINT('',#5248);
#4208=VERTEX_POINT('',#5249);
#4209=LINE('',#5250,#5251);
#4210=VERTEX_POINT('',#5252);
#4211=LINE('',#5253,#5254);
#4212=VERTEX_POINT('',#5255);
#4213=LINE('',#5256,#5257);
#4214=LINE('',#5258,#5259);
#4215=LINE('',#5260,#5261);
#4216=LINE('',#5262,#5263);
#4217=FILL_AREA_STYLE_COLOUR('',#5264);
#4218=VERTEX_POINT('',#5265);
#4219=CIRCLE('',#5266,0.199999999999999);
#4220=VERTEX_POINT('',#5267);
#4221=LINE('',#5268,#5269);
#4222=CIRCLE('',#5270,0.5);
#4223=FILL_AREA_STYLE_COLOUR('',#5271);
#4224=FILL_AREA_STYLE_COLOUR('',#5272);
#4225=LINE('',#5273,#5274);
#4226=VERTEX_POINT('',#5275);
#4227=CIRCLE('',#5276,1.1);
#4228=B_SPLINE_CURVE_WITH_KNOTS('',3,(#5277,#5278,#5279,#5280,#5281,#5282,#5283,#5284,#5285,#5286,#5287,#5288,#5289,#5290,#5291,#5292,#5293,#5294,#5295),.UNSPECIFIED.,.F.,.F.,(4,3,3,3,3,3,4),(0.0,0.190712108805495,0.381667803774858,0.739586490253238,1.09750517673546,1.28846087170502,1.47917298050252),.UNSPECIFIED.);
#4229=FILL_AREA_STYLE_COLOUR('',#5296);
#4230=VERTEX_POINT('',#5297);
#4231=LINE('',#5298,#5299);
#4232=VERTEX_POINT('',#5300);
#4233=LINE('',#5301,#5302);
#4234=CIRCLE('',#5303,0.1);
#4235=FILL_AREA_STYLE_COLOUR('',#5304);
#4236=LINE('',#5305,#5306);
#4237=VERTEX_POINT('',#5307);
#4238=LINE('',#5308,#5309);
#4239=ELLIPSE('',#5310,0.100862896058015,0.1);
#4240=FILL_AREA_STYLE_COLOUR('',#5311);
#4241=VERTEX_POINT('',#5312);
#4242=LINE('',#5313,#5314);
#4243=VERTEX_POINT('',#5315);
#4244=CIRCLE('',#5316,0.1);
#4245=LINE('',#5317,#5318);
#4246=FILL_AREA_STYLE_COLOUR('',#5319);
#4247=VERTEX_POINT('',#5320);
#4248=CIRCLE('',#5321,0.1);
#4249=LINE('',#5322,#5323);
#4250=LINE('',#5324,#5325);
#4251=VERTEX_POINT('',#5326);
#4252=LINE('',#5327,#5328);
#4253=CIRCLE('',#5329,0.1);
#4254=FILL_AREA_STYLE_COLOUR('',#5330);
#4255=VERTEX_POINT('',#5331);
#4256=VERTEX_POINT('',#5332);
#4257=CIRCLE('',#5333,1.1);
#4258=LINE('',#5334,#5335);
#4259=LINE('',#5336,#5337);
#4260=FILL_AREA_STYLE_COLOUR('',#5338);
#4261=VERTEX_POINT('',#5339);
#4262=LINE('',#5340,#5341);
#4263=LINE('',#5342,#5343);
#4264=FILL_AREA_STYLE_COLOUR('',#5344);
#4265=FILL_AREA_STYLE_COLOUR('',#5345);
#4266=LINE('',#5346,#5347);
#4267=LINE('',#5348,#5349);
#4268=FILL_AREA_STYLE_COLOUR('',#5350);
#4269=VERTEX_POINT('',#5351);
#4270=LINE('',#5352,#5353);
#4271=LINE('',#5354,#5355);
#4272=FILL_AREA_STYLE_COLOUR('',#5356);
#4273=LINE('',#5357,#5358);
#4274=FILL_AREA_STYLE_COLOUR('',#5359);
#4275=VERTEX_POINT('',#5360);
#4276=CIRCLE('',#5361,0.200000000000001);
#4277=LINE('',#5362,#5363);
#4278=FILL_AREA_STYLE_COLOUR('',#5364);
#4279=CIRCLE('',#5365,0.5);
#4280=FILL_AREA_STYLE_COLOUR('',#5366);
#4281=CIRCLE('',#5367,1.1);
#4282=FILL_AREA_STYLE_COLOUR('',#5368);
#4283=VERTEX_POINT('',#5369);
#4284=LINE('',#5370,#5371);
#4285=VERTEX_POINT('',#5372);
#4286=LINE('',#5373,#5374);
#4287=VERTEX_POINT('',#5375);
#4288=CIRCLE('',#5376,0.2);
#4289=VERTEX_POINT('',#5377);
#4290=LINE('',#5378,#5379);
#4291=VERTEX_POINT('',#5380);
#4292=CIRCLE('',#5381,0.2);
#4293=VERTEX_POINT('',#5382);
#4294=LINE('',#5383,#5384);
#4295=LINE('',#5385,#5386);
#4296=FILL_AREA_STYLE_COLOUR('',#5387);
#4297=VERTEX_POINT('',#5388);
#4298=LINE('',#5389,#5390);
#4299=LINE('',#5391,#5392);
#4300=FILL_AREA_STYLE_COLOUR('',#5393);
#4301=VERTEX_POINT('',#5394);
#4302=LINE('',#5395,#5396);
#4303=VERTEX_POINT('',#5397);
#4304=CIRCLE('',#5398,0.2);
#4305=VERTEX_POINT('',#5399);
#4306=LINE('',#5400,#5401);
#4307=VERTEX_POINT('',#5402);
#4308=CIRCLE('',#5403,0.2);
#4309=VERTEX_POINT('',#5404);
#4310=LINE('',#5405,#5406);
#4311=LINE('',#5407,#5408);
#4312=FILL_AREA_STYLE_COLOUR('',#5409);
#4313=LINE('',#5410,#5411);
#4314=FILL_AREA_STYLE_COLOUR('',#5412);
#4315=LINE('',#5413,#5414);
#4316=FILL_AREA_STYLE_COLOUR('',#5415);
#4317=LINE('',#5416,#5417);
#4318=FILL_AREA_STYLE_COLOUR('',#5418);
#4319=LINE('',#5419,#5420);
#4320=FILL_AREA_STYLE_COLOUR('',#5421);
#4321=LINE('',#5422,#5423);
#4322=FILL_AREA_STYLE_COLOUR('',#5424);
#4323=FILL_AREA_STYLE_COLOUR('',#5425);
#4324=VERTEX_POINT('',#5426);
#4325=LINE('',#5427,#5428);
#4326=VERTEX_POINT('',#5429);
#4327=LINE('',#5430,#5431);
#4328=VERTEX_POINT('',#5432);
#4329=LINE('',#5433,#5434);
#4330=VERTEX_POINT('',#5435);
#4331=CIRCLE('',#5436,0.2);
#4332=VERTEX_POINT('',#5437);
#4333=LINE('',#5438,#5439);
#4334=VERTEX_POINT('',#5440);
#4335=CIRCLE('',#5441,0.2);
#4336=LINE('',#5442,#5443);
#4337=FILL_AREA_STYLE_COLOUR('',#5444);
#4338=VERTEX_POINT('',#5445);
#4339=VERTEX_POINT('',#5446);
#4340=LINE('',#5447,#5448);
#4341=LINE('',#5449,#5450);
#4342=LINE('',#5451,#5452);
#4343=FILL_AREA_STYLE_COLOUR('',#5453);
#4344=VERTEX_POINT('',#5454);
#4345=VERTEX_POINT('',#5455);
#4346=LINE('',#5456,#5457);
#4347=LINE('',#5458,#5459);
#4348=LINE('',#5460,#5461);
#4349=FILL_AREA_STYLE_COLOUR('',#5462);
#4350=VERTEX_POINT('',#5463);
#4351=CIRCLE('',#5464,0.2);
#4352=LINE('',#5465,#5466);
#4353=FILL_AREA_STYLE_COLOUR('',#5467);
#4354=VERTEX_POINT('',#5468);
#4355=LINE('',#5469,#5470);
#4356=LINE('',#5471,#5472);
#4357=FILL_AREA_STYLE_COLOUR('',#5473);
#4358=CIRCLE('',#5474,0.2);
#4359=FILL_AREA_STYLE_COLOUR('',#5475);
#4360=LINE('',#5476,#5477);
#4361=FILL_AREA_STYLE_COLOUR('',#5478);
#4362=LINE('',#5479,#5480);
#4363=FILL_AREA_STYLE_COLOUR('',#5481);
#4364=FILL_AREA_STYLE_COLOUR('',#5482);
#4365=VERTEX_POINT('',#5483);
#4366=VERTEX_POINT('',#5484);
#4367=LINE('',#5485,#5486);
#4368=VERTEX_POINT('',#5487);
#4369=CIRCLE('',#5488,0.1);
#4370=VERTEX_POINT('',#5489);
#4371=LINE('',#5490,#5491);
#4372=VERTEX_POINT('',#5492);
#4373=CIRCLE('',#5493,0.1);
#4374=VERTEX_POINT('',#5494);
#4375=LINE('',#5495,#5496);
#4376=VERTEX_POINT('',#5497);
#4377=CIRCLE('',#5498,0.1);
#4378=VERTEX_POINT('',#5499);
#4379=LINE('',#5500,#5501);
#4380=CIRCLE('',#5502,0.1);
#4381=FILL_AREA_STYLE_COLOUR('',#5503);
#4382=LINE('',#5504,#5505);
#4383=LINE('',#5506,#5507);
#4384=FILL_AREA_STYLE_COLOUR('',#5508);
#4385=LINE('',#5509,#5510);
#4386=FILL_AREA_STYLE_COLOUR('',#5511);
#4387=LINE('',#5512,#5513);
#4388=FILL_AREA_STYLE_COLOUR('',#5514);
#4389=LINE('',#5515,#5516);
#4390=FILL_AREA_STYLE_COLOUR('',#5517);
#4391=LINE('',#5518,#5519);
#4392=FILL_AREA_STYLE_COLOUR('',#5520);
#4393=LINE('',#5521,#5522);
#4394=FILL_AREA_STYLE_COLOUR('',#5523);
#4395=LINE('',#5524,#5525);
#4396=FILL_AREA_STYLE_COLOUR('',#5526);
#4397=FILL_AREA_STYLE_COLOUR('',#5527);
#4398=LINE('',#5528,#5529);
#4399=FILL_AREA_STYLE_COLOUR('',#5530);
#4400=FILL_AREA_STYLE_COLOUR('',#5531);
#4401=VERTEX_POINT('',#5532);
#4402=LINE('',#5533,#5534);
#4403=LINE('',#5535,#5536);
#4404=FILL_AREA_STYLE_COLOUR('',#5537);
#4405=LINE('',#5538,#5539);
#4406=FILL_AREA_STYLE_COLOUR('',#5540);
#4407=FILL_AREA_STYLE_COLOUR('',#5541);
#4408=FILL_AREA_STYLE_COLOUR('',#5542);
#4409=VERTEX_POINT('',#5543);
#4410=ELLIPSE('',#5544,0.100862896058015,0.1);
#4411=LINE('',#5545,#5546);
#4412=FILL_AREA_STYLE_COLOUR('',#5547);
#4413=LINE('',#5548,#5549);
#4414=FILL_AREA_STYLE_COLOUR('',#5550);
#4415=LINE('',#5551,#5552);
#4416=FILL_AREA_STYLE_COLOUR('',#5553);
#4417=FILL_AREA_STYLE_COLOUR('',#5554);
#4418=VERTEX_POINT('',#5555);
#4419=CIRCLE('',#5556,0.199999999999999);
#4420=VERTEX_POINT('',#5557);
#4421=LINE('',#5558,#5559);
#4422=CIRCLE('',#5560,0.2);
#4423=FILL_AREA_STYLE_COLOUR('',#5561);
#4424=FILL_AREA_STYLE_COLOUR('',#5562);
#4425=CIRCLE('',#5563,0.5);
#4426=FILL_AREA_STYLE_COLOUR('',#5564);
#4427=LINE('',#5565,#5566);
#4428=FILL_AREA_STYLE_COLOUR('',#5567);
#4429=LINE('',#5568,#5569);
#4430=FILL_AREA_STYLE_COLOUR('',#5570);
#4431=CIRCLE('',#5571,0.5);
#4432=FILL_AREA_STYLE_COLOUR('',#5572);
#4433=LINE('',#5573,#5574);
#4434=FILL_AREA_STYLE_COLOUR('',#5575);
#4435=FILL_AREA_STYLE_COLOUR('',#5576);
#4436=FILL_AREA_STYLE_COLOUR('',#5577);
#4437=FILL_AREA_STYLE_COLOUR('',#5578);
#4438=CIRCLE('',#5579,0.5);
#4439=LINE('',#5580,#5581);
#4440=FILL_AREA_STYLE_COLOUR('',#5582);
#4441=FILL_AREA_STYLE_COLOUR('',#5583);
#4442=CIRCLE('',#5584,0.5);
#4443=FILL_AREA_STYLE_COLOUR('',#5585);
#4444=CIRCLE('',#5586,0.199999999999999);
#4445=FILL_AREA_STYLE_COLOUR('',#5587);
#4446=CIRCLE('',#5588,1.1);
#4447=LINE('',#5589,#5590);
#4448=FILL_AREA_STYLE_COLOUR('',#5591);
#4449=CIRCLE('',#5592,1.1);
#4450=FILL_AREA_STYLE_COLOUR('',#5593);
#4451=VERTEX_POINT('',#5594);
#4452=LINE('',#5595,#5596);
#4453=CIRCLE('',#5597,0.2);
#4454=FILL_AREA_STYLE_COLOUR('',#5598);
#4455=LINE('',#5599,#5600);
#4456=FILL_AREA_STYLE_COLOUR('',#5601);
#4457=FILL_AREA_STYLE_COLOUR('',#5602);
#4458=FILL_AREA_STYLE_COLOUR('',#5603);
#4459=COLOUR_RGB('',0.627451002597809,0.129411771893501,0.156862750649452);
#4460=CARTESIAN_POINT('',(4.25,7.79999999999999,-0.499999999999996));
#4461=CARTESIAN_POINT('',(5.45,7.79999999999999,-0.499999999999996));
#4462=AXIS2_PLACEMENT_3D('',#5604,#5605,#5606);
#4463=CARTESIAN_POINT('',(4.25,7.79999999999999,3.5527136788005E-15));
#4464=CARTESIAN_POINT('',(4.25,7.79999999999999,3.5527136788005E-15));
#4465=VECTOR('',#5607,1.0);
#4466=CARTESIAN_POINT('',(5.45,7.79999999999999,3.5527136788005E-15));
#4467=AXIS2_PLACEMENT_3D('',#5608,#5609,#5610);
#4468=CARTESIAN_POINT('',(5.45,7.79999999999999,3.5527136788005E-15));
#4469=VECTOR('',#5611,1.0);
#4470=COLOUR_RGB('',0.627451002597809,0.129411771893501,0.156862750649452);
#4471=AXIS2_PLACEMENT_3D('',#5612,#5613,#5614);
#4472=AXIS2_PLACEMENT_3D('',#5615,#5616,#5617);
#4473=COLOUR_RGB('',0.627451002597809,0.129411771893501,0.156862750649452);
#4474=COLOUR_RGB('',0.627451002597809,0.129411771893501,0.156862750649452);
#4475=COLOUR_RGB('',0.600000023841858,0.600000023841858,0.600000023841858);
#4476=COLOUR_RGB('',0.627451002597809,0.129411771893501,0.156862750649452);
#4477=CARTESIAN_POINT('',(1.75,7.79999999999999,-0.499999999999996));
#4478=CARTESIAN_POINT('',(2.95,7.79999999999999,-0.499999999999996));
#4479=AXIS2_PLACEMENT_3D('',#5618,#5619,#5620);
#4480=CARTESIAN_POINT('',(1.75,7.79999999999999,3.5527136788005E-15));
#4481=CARTESIAN_POINT('',(1.75,7.79999999999999,3.5527136788005E-15));
#4482=VECTOR('',#5621,1.0);
#4483=CARTESIAN_POINT('',(2.95,7.79999999999999,3.5527136788005E-15));
#4484=AXIS2_PLACEMENT_3D('',#5622,#5623,#5624);
#4485=CARTESIAN_POINT('',(2.95,7.79999999999999,3.5527136788005E-15));
#4486=VECTOR('',#5625,1.0);
#4487=COLOUR_RGB('',0.627451002597809,0.129411771893501,0.156862750649452);
#4488=AXIS2_PLACEMENT_3D('',#5626,#5627,#5628);
#4489=AXIS2_PLACEMENT_3D('',#5629,#5630,#5631);
#4490=COLOUR_RGB('',0.627451002597809,0.129411771893501,0.156862750649452);
#4491=COLOUR_RGB('',0.627451002597809,0.129411771893501,0.156862750649452);
#4492=COLOUR_RGB('',0.600000023841858,0.600000023841858,0.600000023841858);
#4493=COLOUR_RGB('',0.627451002597809,0.129411771893501,0.156862750649452);
#4494=CARTESIAN_POINT('',(4.25,2.79999999999999,-0.499999999999996));
#4495=CARTESIAN_POINT('',(5.45,2.79999999999999,-0.499999999999996));
#4496=AXIS2_PLACEMENT_3D('',#5632,#5633,#5634);
#4497=CARTESIAN_POINT('',(4.25,2.79999999999999,3.5527136788005E-15));
#4498=CARTESIAN_POINT('',(4.25,2.79999999999999,3.5527136788005E-15));
#4499=VECTOR('',#5635,1.0);
#4500=CARTESIAN_POINT('',(5.45,2.79999999999999,3.5527136788005E-15));
#4501=AXIS2_PLACEMENT_3D('',#5636,#5637,#5638);
#4502=CARTESIAN_POINT('',(5.45,2.79999999999999,3.5527136788005E-15));
#4503=VECTOR('',#5639,1.0);
#4504=COLOUR_RGB('',0.627451002597809,0.129411771893501,0.156862750649452);
#4505=AXIS2_PLACEMENT_3D('',#5640,#5641,#5642);
#4506=AXIS2_PLACEMENT_3D('',#5643,#5644,#5645);
#4507=COLOUR_RGB('',0.627451002597809,0.129411771893501,0.156862750649452);
#4508=COLOUR_RGB('',0.627451002597809,0.129411771893501,0.156862750649452);
#4509=COLOUR_RGB('',0.600000023841858,0.600000023841858,0.600000023841858);
#4510=COLOUR_RGB('',0.627451002597809,0.129411771893501,0.156862750649452);
#4511=CARTESIAN_POINT('',(1.75,2.79999999999999,-0.499999999999996));
#4512=CARTESIAN_POINT('',(2.95,2.79999999999999,-0.499999999999996));
#4513=AXIS2_PLACEMENT_3D('',#5646,#5647,#5648);
#4514=CARTESIAN_POINT('',(1.75,2.79999999999999,3.5527136788005E-15));
#4515=CARTESIAN_POINT('',(1.75,2.79999999999999,3.5527136788005E-15));
#4516=VECTOR('',#5649,1.0);
#4517=CARTESIAN_POINT('',(2.95,2.79999999999999,3.5527136788005E-15));
#4518=AXIS2_PLACEMENT_3D('',#5650,#5651,#5652);
#4519=CARTESIAN_POINT('',(2.95,2.79999999999999,3.5527136788005E-15));
#4520=VECTOR('',#5653,1.0);
#4521=COLOUR_RGB('',0.627451002597809,0.129411771893501,0.156862750649452);
#4522=AXIS2_PLACEMENT_3D('',#5654,#5655,#5656);
#4523=AXIS2_PLACEMENT_3D('',#5657,#5658,#5659);
#4524=COLOUR_RGB('',0.627451002597809,0.129411771893501,0.156862750649452);
#4525=COLOUR_RGB('',0.627451002597809,0.129411771893501,0.156862750649452);
#4526=COLOUR_RGB('',0.600000023841858,0.600000023841858,0.600000023841858);
#4527=COLOUR_RGB('',0.313725501298904,0.313725501298904,0.313725501298904);
#4528=CARTESIAN_POINT('',(4.0,1.7,2.0));
#4529=CARTESIAN_POINT('',(4.0,2.4,2.0));
#4530=CARTESIAN_POINT('',(4.0,2.04999999999995,2.0));
#4531=VECTOR('',#5660,1.0);
#4532=CARTESIAN_POINT('',(3.26666666666668,1.7,1.7198915917499));
#4533=AXIS2_PLACEMENT_3D('',#5661,#5662,#5663);
#4534=CARTESIAN_POINT('',(3.26666666666667,2.4,1.7198915917499));
#4535=CARTESIAN_POINT('',(3.26666666666667,0.6,1.7198915917499));
#4536=VECTOR('',#5664,1.0);
#4537=AXIS2_PLACEMENT_3D('',#5665,#5666,#5667);
#4538=COLOUR_RGB('',0.313725501298904,0.313725501298904,0.313725501298904);
#4539=CARTESIAN_POINT('',(4.0,1.1803847577293,2.3));
#4540=CARTESIAN_POINT('',(4.0,1.8732050807569,1.9));
#4541=VECTOR('',#5668,1.0);
#4542=CARTESIAN_POINT('',(3.06666666666664,1.1803847577293,1.9434983894999));
#4543=AXIS2_PLACEMENT_3D('',#5669,#5670,#5671);
#4544=CARTESIAN_POINT('',(2.73333333333332,0.3143593539449,2.3161763857498));
#4545=VECTOR('',#5672,2.0);
#4546=COLOUR_RGB('',0.313725501298904,0.313725501298904,0.313725501298904);
#4547=CARTESIAN_POINT('',(4.0,2.12516908763332E-31,0.2));
#4548=CARTESIAN_POINT('',(4.0,1.1803847577293,0.2));
#4549=CARTESIAN_POINT('',(4.0,0.59019237886465,0.2));
#4550=VECTOR('',#5673,1.0);
#4551=CARTESIAN_POINT('',(4.93333333333326,0.0,0.556501610500099));
#4552=AXIS2_PLACEMENT_3D('',#5674,#5675,#5676);
#4553=CARTESIAN_POINT('',(4.93333333333337,1.1803847577293,0.556501610500099));
#4554=CARTESIAN_POINT('',(4.93333333333334,0.0,0.556501610500099));
#4555=VECTOR('',#5677,1.0);
#4556=AXIS2_PLACEMENT_3D('',#5678,#5679,#5680);
#4557=COLOUR_RGB('',0.313725501298904,0.313725501298904,0.313725501298904);
#4558=CARTESIAN_POINT('',(4.0,2.04641016151379,0.699999999999999));
#4559=CARTESIAN_POINT('',(4.0,1.8732050807569,0.6));
#4560=VECTOR('',#5681,1.0);
#4561=CARTESIAN_POINT('',(3.36754446793958,1.6999999999734,0.699999999999999));
#4562=CARTESIAN_POINT('',(3.36754446793958,1.6999999999734,0.699999999999999));
#4563=CARTESIAN_POINT('',(3.41262221884119,1.7448910927208,0.699999999999999));
#4564=CARTESIAN_POINT('',(3.45928150606423,1.7882197597945,0.699999999999999));
#4565=CARTESIAN_POINT('',(3.50811721406434,1.828785785763,0.699999999999999));
#4566=CARTESIAN_POINT('',(3.55685492286467,1.8692704074015,0.699999999999999));
#4567=CARTESIAN_POINT('',(3.60812667163804,1.9073603425804,0.699999999999999));
#4568=CARTESIAN_POINT('',(3.66273580010745,1.9405512834221,0.699999999999999));
#4569=CARTESIAN_POINT('',(3.76498419553101,2.0026969454896,0.699999999999999));
#4570=CARTESIAN_POINT('',(3.87849961287864,2.0464101615094,0.699999999999999));
#4571=CARTESIAN_POINT('',(3.99999999998081,2.0464101615138,0.699999999999999));
#4572=CARTESIAN_POINT('',(4.12150038708166,2.0464101615182,0.699999999999999));
#4573=CARTESIAN_POINT('',(4.23501580443132,2.002696945507,0.699999999999999));
#4574=CARTESIAN_POINT('',(4.33726419985908,1.9405512834424,0.699999999999999));
#4575=CARTESIAN_POINT('',(4.39187332834566,1.9073603425932,0.699999999999999));
#4576=CARTESIAN_POINT('',(4.44314507709647,1.8692704074319,0.699999999999999));
#4577=CARTESIAN_POINT('',(4.49188278590568,1.8287857857879,0.699999999999999));
#4578=CARTESIAN_POINT('',(4.54071849390669,1.7882197598206,0.699999999999999));
#4579=CARTESIAN_POINT('',(4.5873777811305,1.7448910927477,0.699999999999999));
#4580=CARTESIAN_POINT('',(4.63245553203275,1.7000000000009,0.699999999999999));
#4581=CARTESIAN_POINT('',(3.26666666666665,1.7,0.780108408250101));
#4582=AXIS2_PLACEMENT_3D('',#5682,#5683,#5684);
#4583=CARTESIAN_POINT('',(3.06666666663701,1.1803847575734,0.556501610466199));
#4584=CARTESIAN_POINT('',(3.33333333333332,1.8732050807569,0.854644007500099));
#4585=VECTOR('',#5685,2.0);
#4586=AXIS2_PLACEMENT_3D('',#5686,#5687,#5688);
#4587=COLOUR_RGB('',0.313725501298904,0.313725501298904,0.313725501298904);
#4588=CARTESIAN_POINT('',(1.5,2.04641016151379,0.699999999999999));
#4589=CARTESIAN_POINT('',(1.5,1.1803847577293,0.2));
#4590=CARTESIAN_POINT('',(1.5,1.8732050807569,0.6));
#4591=VECTOR('',#5689,1.0);
#4592=CARTESIAN_POINT('',(0.867544467954614,1.6999999999883,0.699999999999999));
#4593=CARTESIAN_POINT('',(2.13245553200852,1.7000000000251,0.699999999999999));
#4594=CARTESIAN_POINT('',(2.08737778110893,1.744891092768,0.699999999999999));
#4595=CARTESIAN_POINT('',(2.04071849388795,1.7882197598372,0.699999999999999));
#4596=CARTESIAN_POINT('',(1.99188278588996,1.8287857858009,0.699999999999999));
#4597=CARTESIAN_POINT('',(1.94314507713532,1.8692704073986,0.699999999999999));
#4598=CARTESIAN_POINT('',(1.89187332832913,1.9073603426038,0.699999999999999));
#4599=CARTESIAN_POINT('',(1.8372641998533,1.940551283446,0.699999999999999));
#4600=CARTESIAN_POINT('',(1.73501580442606,2.0026969455093,0.699999999999999));
#4601=CARTESIAN_POINT('',(1.62150038707618,2.0464101615197,0.699999999999999));
#4602=CARTESIAN_POINT('',(1.49999999997443,2.0464101615138,0.699999999999999));
#4603=CARTESIAN_POINT('',(1.37849961287333,2.0464101615079,0.699999999999999));
#4604=CARTESIAN_POINT('',(1.26498419552607,2.0026969454874,0.699999999999999));
#4605=CARTESIAN_POINT('',(1.1627358001021,1.9405512834188,0.699999999999999));
#4606=CARTESIAN_POINT('',(1.10812667162091,1.9073603425696,0.699999999999999));
#4607=CARTESIAN_POINT('',(1.05685492285249,1.869270407391,0.699999999999999));
#4608=CARTESIAN_POINT('',(1.00811721407009,1.8287857857677,0.699999999999999));
#4609=CARTESIAN_POINT('',(0.959281506073324,1.7882197598025,0.699999999999999));
#4610=CARTESIAN_POINT('',(0.912622218853334,1.7448910927322,0.699999999999999));
#4611=CARTESIAN_POINT('',(0.867544467954614,1.6999999999883,0.699999999999999));
#4612=CARTESIAN_POINT('',(0.766666666666674,1.7,0.780108408250101));
#4613=AXIS2_PLACEMENT_3D('',#5690,#5691,#5692);
#4614=CARTESIAN_POINT('',(0.566666666666644,1.1803847577293,0.556501610500099));
#4615=CARTESIAN_POINT('',(0.233333333333313,0.3143593539449,0.183823614250201));
#4616=VECTOR('',#5693,2.0);
#4617=AXIS2_PLACEMENT_3D('',#5694,#5695,#5696);
#4618=COLOUR_RGB('',0.313725501298904,0.313725501298904,0.313725501298904);
#4619=CARTESIAN_POINT('',(1.5,1.7,2.0));
#4620=CARTESIAN_POINT('',(1.5,2.4,2.0));
#4621=CARTESIAN_POINT('',(1.5,2.04999999999995,2.0));
#4622=VECTOR('',#5697,1.0);
#4623=CARTESIAN_POINT('',(0.766666666666674,1.7,1.7198915917499));
#4624=AXIS2_PLACEMENT_3D('',#5698,#5699,#5700);
#4625=CARTESIAN_POINT('',(0.766666666666704,2.4,1.71989159175));
#4626=CARTESIAN_POINT('',(0.766666666666664,0.6,1.7198915917499));
#4627=VECTOR('',#5701,1.0);
#4628=AXIS2_PLACEMENT_3D('',#5702,#5703,#5704);
#4629=COLOUR_RGB('',0.313725501298904,0.313725501298904,0.313725501298904);
#4630=CARTESIAN_POINT('',(1.5,1.1803847577293,2.3));
#4631=CARTESIAN_POINT('',(1.5,1.8732050807569,1.9));
#4632=VECTOR('',#5705,1.0);
#4633=CARTESIAN_POINT('',(0.566666666666664,1.1803847577293,1.9434983894999));
#4634=AXIS2_PLACEMENT_3D('',#5706,#5707,#5708);
#4635=CARTESIAN_POINT('',(0.233333333333314,0.3143593539449,2.3161763857498));
#4636=VECTOR('',#5709,2.0);
#4637=COLOUR_RGB('',0.313725501298904,0.313725501298904,0.313725501298904);
#4638=CARTESIAN_POINT('',(1.5,6.17281576600359E-32,2.3));
#4639=CARTESIAN_POINT('',(1.5,0.59019237886465,2.3));
#4640=VECTOR('',#5710,1.0);
#4641=CARTESIAN_POINT('',(2.43333333336302,1.1803847575734,1.9434983895337));
#4642=AXIS2_PLACEMENT_3D('',#5711,#5712,#5713);
#4643=CARTESIAN_POINT('',(2.43333333333326,0.0,1.9434983894999));
#4644=CARTESIAN_POINT('',(2.43333333333335,0.0,1.9434983894999));
#4645=VECTOR('',#5714,1.0);
#4646=AXIS2_PLACEMENT_3D('',#5715,#5716,#5717);
#4647=COLOUR_RGB('',0.313725501298904,0.313725501298904,0.313725501298904);
#4648=CARTESIAN_POINT('',(1.5,5.20505701427915E-32,0.2));
#4649=CARTESIAN_POINT('',(1.5,0.59019237886465,0.2));
#4650=VECTOR('',#5718,1.0);
#4651=CARTESIAN_POINT('',(2.43333333333328,0.0,0.5565016105));
#4652=AXIS2_PLACEMENT_3D('',#5719,#5720,#5721);
#4653=CARTESIAN_POINT('',(2.43333333333336,1.1803847577292,0.556501610500099));
#4654=CARTESIAN_POINT('',(2.43333333333335,0.0,0.556501610500099));
#4655=VECTOR('',#5722,1.0);
#4656=AXIS2_PLACEMENT_3D('',#5723,#5724,#5725);
#4657=COLOUR_RGB('',0.313725501298904,0.313725501298904,0.313725501298904);
#4658=CARTESIAN_POINT('',(4.0,6.80056171058365E-32,2.3));
#4659=CARTESIAN_POINT('',(4.0,0.59019237886465,2.3));
#4660=VECTOR('',#5726,1.0);
#4661=CARTESIAN_POINT('',(4.93333333333336,1.1803847577293,1.9434983894999));
#4662=AXIS2_PLACEMENT_3D('',#5727,#5728,#5729);
#4663=CARTESIAN_POINT('',(4.93333333333334,0.0,1.9434983894999));
#4664=CARTESIAN_POINT('',(4.93333333333334,0.0,1.9434983894999));
#4665=VECTOR('',#5730,1.0);
#4666=AXIS2_PLACEMENT_3D('',#5731,#5732,#5733);
#4667=COLOUR_RGB('',0.313725501298904,0.313725501298904,0.313725501298904);
#4668=CARTESIAN_POINT('',(3.10862446895044E-15,0.0,0.0));
#4669=CARTESIAN_POINT('',(5.32907051820075E-15,10.0,0.0));
#4670=CARTESIAN_POINT('',(5.77315972805081E-15,13.538795,0.0));
#4671=VECTOR('',#5734,1.0);
#4672=CARTESIAN_POINT('',(3.99680288865056E-15,0.0,4.7));
#4673=CARTESIAN_POINT('',(6.66133814775094E-15,0.0,17.221698));
#4674=VECTOR('',#5735,1.0);
#4675=CARTESIAN_POINT('',(6.21724893790088E-15,10.0,4.7));
#4676=CARTESIAN_POINT('',(3.99680288865056E-15,-0.0149999999999988,4.7));
#4677=VECTOR('',#5736,1.0);
#4678=CARTESIAN_POINT('',(8.88178419700125E-15,10.0,17.221698));
#4679=VECTOR('',#5737,1.0);
#4680=COLOUR_RGB('',0.313725501298904,0.313725501298904,0.313725501298904);
#4681=CARTESIAN_POINT('',(1.90000000000001,7.0,4.390594687687));
#4682=CARTESIAN_POINT('',(2.00000000000001,6.9,4.390594687687));
#4683=AXIS2_PLACEMENT_3D('',#5738,#5739,#5740);
#4684=CARTESIAN_POINT('',(2.00000000000001,6.9,5.0));
#4685=CARTESIAN_POINT('',(2.00000000000001,6.9,5.045));
#4686=VECTOR('',#5741,1.0);
#4687=CARTESIAN_POINT('',(1.90000000000001,7.0,5.0));
#4688=AXIS2_PLACEMENT_3D('',#5742,#5743,#5744);
#4689=CARTESIAN_POINT('',(1.90000000000001,7.0,5.045));
#4690=VECTOR('',#5745,1.0);
#4691=COLOUR_RGB('',0.313725501298904,0.313725501298904,0.313725501298904);
#4692=CARTESIAN_POINT('',(5.0,0.0,3.637626655147));
#4693=CARTESIAN_POINT('',(5.0,0.886834750241301,3.4));
#4694=CARTESIAN_POINT('',(5.0,-0.0693485666933,3.6562085475887));
#4695=VECTOR('',#5746,1.0);
#4696=CARTESIAN_POINT('',(4.9,0.0,3.741154273188));
#4697=AXIS2_PLACEMENT_3D('',#5747,#5748,#5749);
#4698=CARTESIAN_POINT('',(4.9,0.9,3.5));
#4699=CARTESIAN_POINT('',(4.9,-0.0434666621830004,3.7528011302176));
#4700=VECTOR('',#5750,1.0);
#4701=AXIS2_PLACEMENT_3D('',#5751,#5752,#5753);
#4702=COLOUR_RGB('',0.823529481887817,0.823529481887817,0.784313797950745);
#4703=CARTESIAN_POINT('',(2.5,7.40000000000001,-1.3000000000001));
#4704=CARTESIAN_POINT('',(2.2,7.4,-1.3));
#4705=CARTESIAN_POINT('',(2.45,7.4,-1.3));
#4706=VECTOR('',#5754,1.0);
#4707=CARTESIAN_POINT('',(2.5,7.4,0.0));
#4708=CARTESIAN_POINT('',(2.50000000000001,7.4,17.221698));
#4709=VECTOR('',#5755,1.0);
#4710=CARTESIAN_POINT('',(2.2,7.4,0.0));
#4711=CARTESIAN_POINT('',(-0.0499999999999954,7.4,0.0));
#4712=VECTOR('',#5756,1.0);
#4713=CARTESIAN_POINT('',(2.20000000000001,7.4,17.221698));
#4714=VECTOR('',#5757,1.0);
#4715=COLOUR_RGB('',0.823529481887817,0.823529481887817,0.784313797950745);
#4716=CARTESIAN_POINT('',(2.2,8.2,0.0));
#4717=CARTESIAN_POINT('',(2.20000000000001,13.538795,0.0));
#4718=VECTOR('',#5758,1.0);
#4719=CARTESIAN_POINT('',(2.2,8.2,-1.3));
#4720=CARTESIAN_POINT('',(2.20000000000001,8.2,17.221698));
#4721=VECTOR('',#5759,1.0);
#4722=CARTESIAN_POINT('',(2.2,8.12189913163527,-1.9248069469178));
#4723=CARTESIAN_POINT('',(2.20000000000001,10.51521225,17.221698));
#4724=VECTOR('',#5760,1.0);
#4725=CARTESIAN_POINT('',(2.2,7.92344355629253,-2.1));
#4726=AXIS2_PLACEMENT_3D('',#5761,#5762,#5763);
#4727=CARTESIAN_POINT('',(2.2,7.67655644370747,-2.1));
#4728=CARTESIAN_POINT('',(2.2,13.538795,-2.1));
#4729=VECTOR('',#5764,1.0);
#4730=CARTESIAN_POINT('',(2.2,7.47810086836472,-1.9248069469178));
#4731=AXIS2_PLACEMENT_3D('',#5765,#5766,#5767);
#4732=CARTESIAN_POINT('',(2.20000000000001,5.08478775000001,17.221698));
#4733=VECTOR('',#5768,1.0);
#4734=COLOUR_RGB('',0.823529481887817,0.823529481887817,0.784313797950745);
#4735=CARTESIAN_POINT('',(2.5,8.2,-1.3));
#4736=CARTESIAN_POINT('',(-0.0499999999999954,8.2,-1.3));
#4737=VECTOR('',#5769,1.0);
#4738=CARTESIAN_POINT('',(2.5,8.12189913163528,-1.9248069469178));
#4739=CARTESIAN_POINT('',(2.50000000000001,10.51521225,17.221698));
#4740=VECTOR('',#5770,1.0);
#4741=CARTESIAN_POINT('',(2.1775,8.12189913163528,-1.9248069469178));
#4742=VECTOR('',#5771,1.0);
#4743=COLOUR_RGB('',0.823529481887817,0.823529481887817,0.784313797950745);
#4744=CARTESIAN_POINT('',(2.5,7.47810086836473,-1.9248069469178));
#4745=CARTESIAN_POINT('',(2.5225,7.47810086836472,-1.9248069469178));
#4746=VECTOR('',#5772,1.0);
#4747=CARTESIAN_POINT('',(2.50000000000001,5.08478775000001,17.221698));
#4748=VECTOR('',#5773,1.0);
#4749=COLOUR_RGB('',0.823529481887817,0.823529481887817,0.784313797950745);
#4750=CARTESIAN_POINT('',(2.5,7.67655644370747,-2.1));
#4751=CARTESIAN_POINT('',(2.5225,7.67655644370747,-2.1));
#4752=VECTOR('',#5774,1.0);
#4753=AXIS2_PLACEMENT_3D('',#5775,#5776,#5777);
#4754=COLOUR_RGB('',0.823529481887817,0.823529481887817,0.784313797950745);
#4755=CARTESIAN_POINT('',(2.5,7.92344355629253,-2.1));
#4756=CARTESIAN_POINT('',(2.1775,7.92344355629253,-2.1));
#4757=VECTOR('',#5778,1.0);
#4758=CARTESIAN_POINT('',(2.5,13.538795,-2.1));
#4759=VECTOR('',#5779,1.0);
#4760=COLOUR_RGB('',0.823529481887817,0.823529481887817,0.784313797950745);
#4761=AXIS2_PLACEMENT_3D('',#5780,#5781,#5782);
#4762=COLOUR_RGB('',0.823529481887817,0.823529481887817,0.784313797950745);
#4763=CARTESIAN_POINT('',(2.5,8.2,0.0));
#4764=CARTESIAN_POINT('',(2.45000000000001,8.2,0.0));
#4765=VECTOR('',#5783,1.0);
#4766=CARTESIAN_POINT('',(2.50000000000001,8.2,17.221698));
#4767=VECTOR('',#5784,1.0);
#4768=COLOUR_RGB('',0.823529481887817,0.823529481887817,0.784313797950745);
#4769=CARTESIAN_POINT('',(2.5,2.4,-1.3));
#4770=CARTESIAN_POINT('',(2.2,2.4,-1.3));
#4771=CARTESIAN_POINT('',(2.45,2.4,-1.3));
#4772=VECTOR('',#5785,1.0);
#4773=CARTESIAN_POINT('',(2.5,2.4,0.0));
#4774=CARTESIAN_POINT('',(2.50000000000001,2.4,17.221698));
#4775=VECTOR('',#5786,1.0);
#4776=CARTESIAN_POINT('',(2.2,2.4,0.0));
#4777=CARTESIAN_POINT('',(-0.0499999999999963,2.4,0.0));
#4778=VECTOR('',#5787,1.0);
#4779=CARTESIAN_POINT('',(2.20000000000001,2.4,17.221698));
#4780=VECTOR('',#5788,1.0);
#4781=COLOUR_RGB('',0.823529481887817,0.823529481887817,0.784313797950745);
#4782=CARTESIAN_POINT('',(2.2,3.2,0.0));
#4783=CARTESIAN_POINT('',(2.20000000000001,13.538795,0.0));
#4784=VECTOR('',#5789,1.0);
#4785=CARTESIAN_POINT('',(2.2,3.2,-1.3000000000002));
#4786=CARTESIAN_POINT('',(2.20000000000001,3.2,17.221698));
#4787=VECTOR('',#5790,1.0);
#4788=CARTESIAN_POINT('',(2.2,3.1218991316353,-1.9248069469176));
#4789=CARTESIAN_POINT('',(2.20000000000001,5.51521224999999,17.221698));
#4790=VECTOR('',#5791,1.0);
#4791=CARTESIAN_POINT('',(2.2,2.9234435562925,-2.1));
#4792=AXIS2_PLACEMENT_3D('',#5792,#5793,#5794);
#4793=CARTESIAN_POINT('',(2.2,2.6765564437075,-2.1));
#4794=CARTESIAN_POINT('',(2.2,13.538795,-2.1));
#4795=VECTOR('',#5795,1.0);
#4796=CARTESIAN_POINT('',(2.2,2.4781008683647,-1.9248069469176));
#4797=AXIS2_PLACEMENT_3D('',#5796,#5797,#5798);
#4798=CARTESIAN_POINT('',(2.20000000000001,0.0847877500000003,17.221698));
#4799=VECTOR('',#5799,1.0);
#4800=COLOUR_RGB('',0.823529481887817,0.823529481887817,0.784313797950745);
#4801=CARTESIAN_POINT('',(2.5,2.4781008683647,-1.9248069469178));
#4802=CARTESIAN_POINT('',(2.1775,2.4781008683648,-1.9248069469177));
#4803=VECTOR('',#5800,1.0);
#4804=CARTESIAN_POINT('',(2.50000000000001,0.0847877500000003,17.221698));
#4805=VECTOR('',#5801,1.0);
#4806=COLOUR_RGB('',0.823529481887817,0.823529481887817,0.784313797950745);
#4807=CARTESIAN_POINT('',(2.5,2.6765564437075,-2.1));
#4808=CARTESIAN_POINT('',(2.1775,2.6765564437075,-2.1));
#4809=VECTOR('',#5802,1.0);
#4810=AXIS2_PLACEMENT_3D('',#5803,#5804,#5805);
#4811=COLOUR_RGB('',0.823529481887817,0.823529481887817,0.784313797950745);
#4812=CARTESIAN_POINT('',(2.5,2.9234435562925,-2.1));
#4813=CARTESIAN_POINT('',(2.1775,2.9234435562925,-2.1));
#4814=VECTOR('',#5806,1.0);
#4815=CARTESIAN_POINT('',(2.5,13.538795,-2.1));
#4816=VECTOR('',#5807,1.0);
#4817=COLOUR_RGB('',0.823529481887817,0.823529481887817,0.784313797950745);
#4818=CARTESIAN_POINT('',(2.5,3.1218991316353,-1.9248069469176));
#4819=CARTESIAN_POINT('',(2.1775,3.1218991316353,-1.9248069469176));
#4820=VECTOR('',#5808,1.0);
#4821=AXIS2_PLACEMENT_3D('',#5809,#5810,#5811);
#4822=COLOUR_RGB('',0.823529481887817,0.823529481887817,0.784313797950745);
#4823=CARTESIAN_POINT('',(2.5,3.2,-1.3000000000002));
#4824=CARTESIAN_POINT('',(-0.0499999999999963,3.2,-1.3));
#4825=VECTOR('',#5812,1.0);
#4826=CARTESIAN_POINT('',(2.50000000000001,5.51521224999999,17.221698));
#4827=VECTOR('',#5813,1.0);
#4828=COLOUR_RGB('',0.823529481887817,0.823529481887817,0.784313797950745);
#4829=CARTESIAN_POINT('',(2.5,3.2,0.0));
#4830=CARTESIAN_POINT('',(2.45,3.2,0.0));
#4831=VECTOR('',#5814,1.0);
#4832=CARTESIAN_POINT('',(2.50000000000001,3.2,17.221698));
#4833=VECTOR('',#5815,1.0);
#4834=COLOUR_RGB('',0.313725501298904,0.313725501298904,0.313725501298904);
#4835=CARTESIAN_POINT('',(3.06666666666672,0.0,1.9434983895));
#4836=AXIS2_PLACEMENT_3D('',#5816,#5817,#5818);
#4837=CARTESIAN_POINT('',(3.06666666666666,0.0,1.9434983894999));
#4838=VECTOR('',#5819,1.0);
#4839=COLOUR_RGB('',0.313725501298904,0.313725501298904,0.313725501298904);
#4840=CARTESIAN_POINT('',(4.8,1.7,1.5708203932499));
#4841=CARTESIAN_POINT('',(4.79999999999998,1.7,0.9291796067501));
#4842=CARTESIAN_POINT('',(4.80000000000001,1.7,17.221698));
#4843=VECTOR('',#5820,1.0);
#4844=CARTESIAN_POINT('',(5.1,1.1803847577293,0.9291796067501));
#4845=CARTESIAN_POINT('',(5.6,0.3143593539449,0.9291796067501));
#4846=VECTOR('',#5821,2.0);
#4847=CARTESIAN_POINT('',(5.1,1.1803847577293,1.5708203932499));
#4848=CARTESIAN_POINT('',(5.10000000000001,1.1803847577294,17.221698));
#4849=VECTOR('',#5822,1.0);
#4850=CARTESIAN_POINT('',(5.6,0.3143593539449,1.5708203932499));
#4851=VECTOR('',#5823,2.0);
#4852=COLOUR_RGB('',0.313725501298904,0.313725501298904,0.313725501298904);
#4853=CARTESIAN_POINT('',(4.9,1.2,3.5));
#4854=CARTESIAN_POINT('',(3.1,1.2,3.5));
#4855=CARTESIAN_POINT('',(-0.0499999999999958,1.2,3.5));
#4856=VECTOR('',#5824,1.0);
#4857=CARTESIAN_POINT('',(4.9,0.841834750241301,3.5));
#4858=VECTOR('',#5825,1.0);
#4859=CARTESIAN_POINT('',(3.1,0.9,3.5));
#4860=CARTESIAN_POINT('',(-0.0499999999999958,0.9,3.5));
#4861=VECTOR('',#5826,1.0);
#4862=CARTESIAN_POINT('',(3.1,0.841834750241201,3.5));
#4863=VECTOR('',#5827,1.0);
#4864=COLOUR_RGB('',0.313725501298904,0.313725501298904,0.313725501298904);
#4865=CARTESIAN_POINT('',(0.566666666666723,0.0,0.5565016105));
#4866=CARTESIAN_POINT('',(0.566666666666663,0.0,0.556501610500099));
#4867=VECTOR('',#5828,1.0);
#4868=AXIS2_PLACEMENT_3D('',#5829,#5830,#5831);
#4869=COLOUR_RGB('',0.313725501298904,0.313725501298904,0.313725501298904);
#4870=CARTESIAN_POINT('',(0.400000000000034,1.1803847577294,0.9291796067501));
#4871=AXIS2_PLACEMENT_3D('',#5832,#5833,#5834);
#4872=CARTESIAN_POINT('',(0.400000000000003,0.0,0.9291796067501));
#4873=CARTESIAN_POINT('',(0.400000000000003,-0.00900000000000034,0.9291796067501));
#4874=VECTOR('',#5835,1.0);
#4875=AXIS2_PLACEMENT_3D('',#5836,#5837,#5838);
#4876=COLOUR_RGB('',0.313725501298904,0.313725501298904,0.313725501298904);
#4877=CARTESIAN_POINT('',(0.566666666666723,0.0,1.9434983894999));
#4878=AXIS2_PLACEMENT_3D('',#5839,#5840,#5841);
#4879=CARTESIAN_POINT('',(0.566666666666664,0.0,1.9434983894999));
#4880=VECTOR('',#5842,1.0);
#4881=COLOUR_RGB('',0.313725501298904,0.313725501298904,0.313725501298904);
#4882=CARTESIAN_POINT('',(2.23333333333336,1.6999999999999,1.7198915917499));
#4883=AXIS2_PLACEMENT_3D('',#5843,#5844,#5845);
#4884=CARTESIAN_POINT('',(2.16666666666669,1.8732050807569,1.6453559924999));
#4885=VECTOR('',#5846,2.0);
#4886=COLOUR_RGB('',0.313725501298904,0.313725501298904,0.313725501298904);
#4887=CARTESIAN_POINT('',(0.700000000000004,2.4,1.5708203932499));
#4888=CARTESIAN_POINT('',(0.700000000000004,2.4,0.9291796067501));
#4889=CARTESIAN_POINT('',(0.700000000000008,2.4,17.221698));
#4890=VECTOR('',#5847,1.0);
#4891=CARTESIAN_POINT('',(0.700000000000024,1.7,1.5708203932499));
#4892=CARTESIAN_POINT('',(0.700000000000004,1.6775,1.5708203932499));
#4893=VECTOR('',#5848,1.0);
#4894=CARTESIAN_POINT('',(0.700000000000024,1.7,0.9291796067501));
#4895=CARTESIAN_POINT('',(0.700000000000007,1.7,17.221698));
#4896=VECTOR('',#5849,1.0);
#4897=CARTESIAN_POINT('',(0.700000000000004,1.6775,0.9291796067501));
#4898=VECTOR('',#5850,1.0);
#4899=COLOUR_RGB('',0.313725501298904,0.313725501298904,0.313725501298904);
#4900=AXIS2_PLACEMENT_3D('',#5851,#5852,#5853);
#4901=AXIS2_PLACEMENT_3D('',#5854,#5855,#5856);
#4902=COLOUR_RGB('',0.313725501298904,0.313725501298904,0.313725501298904);
#4903=CARTESIAN_POINT('',(0.400000000000004,1.1803847577294,1.5708203932499));
#4904=CARTESIAN_POINT('',(-0.0999999999999961,0.3143593539449,1.5708203932499));
#4905=VECTOR('',#5857,2.0);
#4906=AXIS2_PLACEMENT_3D('',#5858,#5859,#5860);
#4907=COLOUR_RGB('',0.313725501298904,0.313725501298904,0.313725501298904);
#4908=CARTESIAN_POINT('',(2.23333333333331,2.4,1.7198915917499));
#4909=AXIS2_PLACEMENT_3D('',#5861,#5862,#5863);
#4910=CARTESIAN_POINT('',(2.23333333333334,0.6,1.7198915917499));
#4911=VECTOR('',#5864,1.0);
#4912=COLOUR_RGB('',0.313725501298904,0.313725501298904,0.313725501298904);
#4913=CARTESIAN_POINT('',(0.766666666666724,2.4,0.780108408250001));
#4914=AXIS2_PLACEMENT_3D('',#5865,#5866,#5867);
#4915=AXIS2_PLACEMENT_3D('',#5868,#5869,#5870);
#4916=CARTESIAN_POINT('',(0.766666666666664,2.2,0.780108408250101));
#4917=VECTOR('',#5871,1.0);
#4918=COLOUR_RGB('',0.313725501298904,0.313725501298904,0.313725501298904);
#4919=CARTESIAN_POINT('',(2.29999999999999,1.7,1.5708203932499));
#4920=CARTESIAN_POINT('',(2.3,2.4,1.5708203932499));
#4921=CARTESIAN_POINT('',(2.3,1.6775,1.5708203932499));
#4922=VECTOR('',#5872,1.0);
#4923=AXIS2_PLACEMENT_3D('',#5873,#5874,#5875);
#4924=AXIS2_PLACEMENT_3D('',#5876,#5877,#5878);
#4925=COLOUR_RGB('',0.313725501298904,0.313725501298904,0.313725501298904);
#4926=CARTESIAN_POINT('',(4.73333333333334,1.7,0.780108408250101));
#4927=CARTESIAN_POINT('',(4.73333333333326,2.4,0.780108408250101));
#4928=CARTESIAN_POINT('',(4.73333333333336,0.6,0.780108408250101));
#4929=VECTOR('',#5879,1.0);
#4930=AXIS2_PLACEMENT_3D('',#5880,#5881,#5882);
#4931=CARTESIAN_POINT('',(4.8,2.4,0.9291796067501));
#4932=CARTESIAN_POINT('',(4.8,1.6775,0.9291796067501));
#4933=VECTOR('',#5883,1.0);
#4934=AXIS2_PLACEMENT_3D('',#5884,#5885,#5886);
#4935=COLOUR_RGB('',0.313725501298904,0.313725501298904,0.313725501298904);
#4936=CARTESIAN_POINT('',(2.29999999999999,1.7,0.9291796067501));
#4937=CARTESIAN_POINT('',(2.30000000000001,1.7,17.221698));
#4938=VECTOR('',#5887,1.0);
#4939=CARTESIAN_POINT('',(2.6,1.1803847577293,0.9291796067501));
#4940=CARTESIAN_POINT('',(3.1,0.3143593539449,0.9291796067501));
#4941=VECTOR('',#5888,2.0);
#4942=CARTESIAN_POINT('',(2.6,1.1803847577294,1.5708203932499));
#4943=CARTESIAN_POINT('',(2.60000000000001,1.1803847577294,17.221698));
#4944=VECTOR('',#5889,1.0);
#4945=CARTESIAN_POINT('',(3.1,0.3143593539449,1.5708203932499));
#4946=VECTOR('',#5890,2.0);
#4947=COLOUR_RGB('',0.313725501298904,0.313725501298904,0.313725501298904);
#4948=CARTESIAN_POINT('',(4.8,2.4,1.5708203932499));
#4949=CARTESIAN_POINT('',(4.80000000000001,2.4,17.221698));
#4950=VECTOR('',#5891,1.0);
#4951=CARTESIAN_POINT('',(4.8,1.6775,1.5708203932499));
#4952=VECTOR('',#5892,1.0);
#4953=COLOUR_RGB('',0.313725501298904,0.313725501298904,0.313725501298904);
#4954=CARTESIAN_POINT('',(2.3,2.4,0.9291796067501));
#4955=CARTESIAN_POINT('',(2.3,1.6775,0.9291796067501));
#4956=VECTOR('',#5893,1.0);
#4957=CARTESIAN_POINT('',(2.23333333333327,2.4,0.780108408250101));
#4958=AXIS2_PLACEMENT_3D('',#5894,#5895,#5896);
#4959=CARTESIAN_POINT('',(2.23333333333333,1.7,0.780108408250101));
#4960=CARTESIAN_POINT('',(2.23333333333336,0.6,0.780108408250101));
#4961=VECTOR('',#5897,1.0);
#4962=AXIS2_PLACEMENT_3D('',#5898,#5899,#5900);
#4963=COLOUR_RGB('',0.313725501298904,0.313725501298904,0.313725501298904);
#4964=CARTESIAN_POINT('',(2.30000000000001,2.4,17.221698));
#4965=VECTOR('',#5901,1.0);
#4966=COLOUR_RGB('',0.313725501298904,0.313725501298904,0.313725501298904);
#4967=CARTESIAN_POINT('',(2.13245553200852,1.7000000000251,0.699999999999999));
#4968=CARTESIAN_POINT('',(2.13245553203368,2.4,0.699999999999999));
#4969=CARTESIAN_POINT('',(2.13245553203368,0.6,0.699999999999999));
#4970=VECTOR('',#5902,1.0);
#4971=AXIS2_PLACEMENT_3D('',#5903,#5904,#5905);
#4972=AXIS2_PLACEMENT_3D('',#5906,#5907,#5908);
#4973=COLOUR_RGB('',0.313725501298904,0.313725501298904,0.313725501298904);
#4974=CARTESIAN_POINT('',(2.13245553200852,1.7000000000251,0.699999999999999));
#4975=CARTESIAN_POINT('',(2.08737778110893,1.744891092768,0.699999999999999));
#4976=CARTESIAN_POINT('',(2.04071849388795,1.7882197598372,0.699999999999999));
#4977=CARTESIAN_POINT('',(1.99188278588996,1.8287857858009,0.699999999999999));
#4978=CARTESIAN_POINT('',(1.94314507713532,1.8692704073986,0.699999999999999));
#4979=CARTESIAN_POINT('',(1.89187332832913,1.9073603426038,0.699999999999999));
#4980=CARTESIAN_POINT('',(1.8372641998533,1.940551283446,0.699999999999999));
#4981=CARTESIAN_POINT('',(1.73501580442606,2.0026969455093,0.699999999999999));
#4982=CARTESIAN_POINT('',(1.62150038707618,2.0464101615197,0.699999999999999));
#4983=CARTESIAN_POINT('',(1.49999999997443,2.0464101615138,0.699999999999999));
#4984=CARTESIAN_POINT('',(1.37849961287333,2.0464101615079,0.699999999999999));
#4985=CARTESIAN_POINT('',(1.26498419552607,2.0026969454874,0.699999999999999));
#4986=CARTESIAN_POINT('',(1.1627358001021,1.9405512834188,0.699999999999999));
#4987=CARTESIAN_POINT('',(1.10812667162091,1.9073603425696,0.699999999999999));
#4988=CARTESIAN_POINT('',(1.05685492285249,1.869270407391,0.699999999999999));
#4989=CARTESIAN_POINT('',(1.00811721407009,1.8287857857677,0.699999999999999));
#4990=CARTESIAN_POINT('',(0.959281506073324,1.7882197598025,0.699999999999999));
#4991=CARTESIAN_POINT('',(0.912622218853334,1.7448910927322,0.699999999999999));
#4992=CARTESIAN_POINT('',(0.867544467954614,1.6999999999883,0.699999999999999));
#4993=CARTESIAN_POINT('',(0.867544467966324,2.4,0.699999999999999));
#4994=CARTESIAN_POINT('',(2.45,2.4,0.699999999999999));
#4995=VECTOR('',#5909,1.0);
#4996=CARTESIAN_POINT('',(0.867544467966324,2.2,0.699999999999999));
#4997=VECTOR('',#5910,1.0);
#4998=COLOUR_RGB('',0.313725501298904,0.313725501298904,0.313725501298904);
#4999=AXIS2_PLACEMENT_3D('',#5911,#5912,#5913);
#5000=COLOUR_RGB('',0.313725501298904,0.313725501298904,0.313725501298904);
#5001=CARTESIAN_POINT('',(-0.0999999999999965,0.3143593539449,0.9291796067501));
#5002=VECTOR('',#5914,2.0);
#5003=COLOUR_RGB('',0.313725501298904,0.313725501298904,0.313725501298904);
#5004=CARTESIAN_POINT('',(2.16666666666669,1.8732050807569,0.854644007500099));
#5005=VECTOR('',#5915,2.0);
#5006=COLOUR_RGB('',0.313725501298904,0.313725501298904,0.313725501298904);
#5007=COLOUR_RGB('',0.313725501298904,0.313725501298904,0.313725501298904);
#5008=CARTESIAN_POINT('',(0.400000000000003,0.0,1.5708203932499));
#5009=AXIS2_PLACEMENT_3D('',#5916,#5917,#5918);
#5010=CARTESIAN_POINT('',(0.400000000000003,-0.00900000000000034,1.5708203932499));
#5011=VECTOR('',#5919,1.0);
#5012=COLOUR_RGB('',0.313725501298904,0.313725501298904,0.313725501298904);
#5013=CARTESIAN_POINT('',(0.400000000000007,0.0,17.221698));
#5014=VECTOR('',#5920,1.0);
#5015=CARTESIAN_POINT('',(0.400000000000007,1.1803847577294,17.221698));
#5016=VECTOR('',#5921,1.0);
#5017=COLOUR_RGB('',0.313725501298904,0.313725501298904,0.313725501298904);
#5018=COLOUR_RGB('',0.313725501298904,0.313725501298904,0.313725501298904);
#5019=CARTESIAN_POINT('',(2.4,0.9,3.5));
#5020=CARTESIAN_POINT('',(0.600000000000004,0.9,3.5));
#5021=CARTESIAN_POINT('',(2.45,0.9,3.5));
#5022=VECTOR('',#5922,1.0);
#5023=CARTESIAN_POINT('',(2.4,0.0,3.741154273188));
#5024=CARTESIAN_POINT('',(2.4,0.956183316934501,3.4849457255993));
#5025=VECTOR('',#5923,1.0);
#5026=CARTESIAN_POINT('',(0.599999999999974,0.0,3.741154273188));
#5027=CARTESIAN_POINT('',(2.45,0.0,3.741154273188));
#5028=VECTOR('',#5924,1.0);
#5029=CARTESIAN_POINT('',(0.599999999999994,0.956183316934501,3.4849457255993));
#5030=VECTOR('',#5925,1.0);
#5031=COLOUR_RGB('',0.313725501298904,0.313725501298904,0.313725501298904);
#5032=CARTESIAN_POINT('',(2.4,1.2,2.5));
#5033=CARTESIAN_POINT('',(0.600000000000004,1.2,2.5));
#5034=CARTESIAN_POINT('',(2.45,1.2,2.5));
#5035=VECTOR('',#5926,1.0);
#5036=CARTESIAN_POINT('',(2.5,1.2,2.6));
#5037=AXIS2_PLACEMENT_3D('',#5927,#5928,#5929);
#5038=CARTESIAN_POINT('',(2.5,1.2,3.4));
#5039=CARTESIAN_POINT('',(2.50000000000001,1.2,17.221698));
#5040=VECTOR('',#5930,1.0);
#5041=CARTESIAN_POINT('',(2.4,1.2,3.5));
#5042=AXIS2_PLACEMENT_3D('',#5931,#5932,#5933);
#5043=CARTESIAN_POINT('',(0.600000000000004,1.2,3.5));
#5044=CARTESIAN_POINT('',(2.45,1.2,3.5));
#5045=VECTOR('',#5934,1.0);
#5046=CARTESIAN_POINT('',(0.500000000000004,1.2,3.3999999999989));
#5047=AXIS2_PLACEMENT_3D('',#5935,#5936,#5937);
#5048=CARTESIAN_POINT('',(0.500000000000004,1.2,2.6));
#5049=CARTESIAN_POINT('',(0.500000000000007,1.2,17.221698));
#5050=VECTOR('',#5938,1.0);
#5051=AXIS2_PLACEMENT_3D('',#5939,#5940,#5941);
#5052=COLOUR_RGB('',0.313725501298904,0.313725501298904,0.313725501298904);
#5053=CARTESIAN_POINT('',(0.600000000000004,0.0,2.5));
#5054=CARTESIAN_POINT('',(0.600000000000004,-0.0449999999999999,2.5));
#5055=VECTOR('',#5942,1.0);
#5056=CARTESIAN_POINT('',(2.4,0.0,2.5));
#5057=CARTESIAN_POINT('',(-0.0499999999999963,0.0,2.5));
#5058=VECTOR('',#5943,1.0);
#5059=CARTESIAN_POINT('',(2.4,1.245,2.5));
#5060=VECTOR('',#5944,1.0);
#5061=COLOUR_RGB('',0.313725501298904,0.313725501298904,0.313725501298904);
#5062=CARTESIAN_POINT('',(0.500000000000004,0.0,2.6));
#5063=CARTESIAN_POINT('',(0.500000000000004,-0.0449999999999999,2.6));
#5064=VECTOR('',#5945,1.0);
#5065=AXIS2_PLACEMENT_3D('',#5946,#5947,#5948);
#5066=COLOUR_RGB('',0.313725501298904,0.313725501298904,0.313725501298904);
#5067=CARTESIAN_POINT('',(0.500000000000004,0.886834750241201,3.3999999999994));
#5068=CARTESIAN_POINT('',(0.500000000000004,0.841834750241201,3.3999999999994));
#5069=VECTOR('',#5949,1.0);
#5070=CARTESIAN_POINT('',(0.500000000000004,0.0,3.637626655147));
#5071=CARTESIAN_POINT('',(0.500000000000004,0.9303014124242,3.3883531429704));
#5072=VECTOR('',#5950,1.0);
#5073=CARTESIAN_POINT('',(0.500000000000007,0.0,17.221698));
#5074=VECTOR('',#5951,1.0);
#5075=COLOUR_RGB('',0.313725501298904,0.313725501298904,0.313725501298904);
#5076=AXIS2_PLACEMENT_3D('',#5952,#5953,#5954);
#5077=AXIS2_PLACEMENT_3D('',#5955,#5956,#5957);
#5078=COLOUR_RGB('',0.313725501298904,0.313725501298904,0.313725501298904);
#5079=CARTESIAN_POINT('',(0.600000000000004,0.841834750241201,3.5));
#5080=VECTOR('',#5958,1.0);
#5081=CARTESIAN_POINT('',(2.4,1.245,3.5));
#5082=VECTOR('',#5959,1.0);
#5083=COLOUR_RGB('',0.313725501298904,0.313725501298904,0.313725501298904);
#5084=COLOUR_RGB('',0.313725501298904,0.313725501298904,0.313725501298904);
#5085=CARTESIAN_POINT('',(0.300000000000004,0.0,5.0));
#5086=CARTESIAN_POINT('',(0.300000000000006,10.0,5.0));
#5087=CARTESIAN_POINT('',(0.300000000000004,-0.0149999999999988,5.0));
#5088=VECTOR('',#5960,1.0);
#5089=AXIS2_PLACEMENT_3D('',#5961,#5962,#5963);
#5090=AXIS2_PLACEMENT_3D('',#5964,#5965,#5966);
#5091=COLOUR_RGB('',0.313725501298904,0.313725501298904,0.313725501298904);
#5092=CARTESIAN_POINT('',(2.00000000000001,6.1,4.390594687687));
#5093=CARTESIAN_POINT('',(2.00000000000001,13.538795,4.390594687687));
#5094=VECTOR('',#5967,1.0);
#5095=CARTESIAN_POINT('',(2.00000000000001,6.1,5.0));
#5096=CARTESIAN_POINT('',(2.00000000000001,6.1,4.345594687687));
#5097=VECTOR('',#5968,1.0);
#5098=CARTESIAN_POINT('',(2.00000000000001,13.538795,5.0));
#5099=VECTOR('',#5969,1.0);
#5100=COLOUR_RGB('',0.313725501298904,0.313725501298904,0.313725501298904);
#5101=CARTESIAN_POINT('',(1.9,6.0,4.390594687687));
#5102=AXIS2_PLACEMENT_3D('',#5970,#5971,#5972);
#5103=CARTESIAN_POINT('',(1.9,6.0,5.0));
#5104=CARTESIAN_POINT('',(1.9,6.0,4.345594687687));
#5105=VECTOR('',#5973,1.0);
#5106=AXIS2_PLACEMENT_3D('',#5974,#5975,#5976);
#5107=COLOUR_RGB('',0.313725501298904,0.313725501298904,0.313725501298904);
#5108=CARTESIAN_POINT('',(1.10000000000001,7.0,5.0));
#5109=CARTESIAN_POINT('',(2.45000000000001,7.0,5.0));
#5110=VECTOR('',#5977,1.0);
#5111=CARTESIAN_POINT('',(1.10000000000001,7.0,4.390594687687));
#5112=CARTESIAN_POINT('',(1.10000000000001,7.0,5.045));
#5113=VECTOR('',#5978,1.0);
#5114=CARTESIAN_POINT('',(2.45000000000001,7.0,4.390594687687));
#5115=VECTOR('',#5979,1.0);
#5116=COLOUR_RGB('',0.313725501298904,0.313725501298904,0.313725501298904);
#5117=CARTESIAN_POINT('',(1.00000000000001,6.9,4.390594687687));
#5118=AXIS2_PLACEMENT_3D('',#5980,#5981,#5982);
#5119=CARTESIAN_POINT('',(1.00000000000001,6.1,4.390594687687));
#5120=CARTESIAN_POINT('',(1.00000000000001,13.538795,4.390594687687));
#5121=VECTOR('',#5983,1.0);
#5122=CARTESIAN_POINT('',(1.10000000000001,6.0,4.390594687687));
#5123=AXIS2_PLACEMENT_3D('',#5984,#5985,#5986);
#5124=CARTESIAN_POINT('',(2.45000000000001,6.0,4.390594687687));
#5125=VECTOR('',#5987,1.0);
#5126=COLOUR_RGB('',0.313725501298904,0.313725501298904,0.313725501298904);
#5127=CARTESIAN_POINT('',(1.00000000000001,6.9,5.0));
#5128=AXIS2_PLACEMENT_3D('',#5988,#5989,#5990);
#5129=CARTESIAN_POINT('',(1.00000000000001,6.9,5.045));
#5130=VECTOR('',#5991,1.0);
#5131=COLOUR_RGB('',0.313725501298904,0.313725501298904,0.313725501298904);
#5132=CARTESIAN_POINT('',(1.00000000000001,6.1,5.0));
#5133=CARTESIAN_POINT('',(1.00000000000001,13.538795,5.0));
#5134=VECTOR('',#5992,1.0);
#5135=CARTESIAN_POINT('',(1.00000000000001,6.1,5.045));
#5136=VECTOR('',#5993,1.0);
#5137=COLOUR_RGB('',0.313725501298904,0.313725501298904,0.313725501298904);
#5138=CARTESIAN_POINT('',(1.10000000000001,6.0,5.0));
#5139=AXIS2_PLACEMENT_3D('',#5994,#5995,#5996);
#5140=CARTESIAN_POINT('',(1.10000000000001,6.0,5.045));
#5141=VECTOR('',#5997,1.0);
#5142=COLOUR_RGB('',0.313725501298904,0.313725501298904,0.313725501298904);
#5143=CARTESIAN_POINT('',(2.45000000000001,6.0,5.0));
#5144=VECTOR('',#5998,1.0);
#5145=COLOUR_RGB('',0.313725501298904,0.313725501298904,0.313725501298904);
#5146=CARTESIAN_POINT('',(5.2,0.0,5.0));
#5147=CARTESIAN_POINT('',(2.45,0.0,5.0));
#5148=VECTOR('',#5999,1.0);
#5149=CARTESIAN_POINT('',(5.5,0.0,0.0));
#5150=CARTESIAN_POINT('',(-0.0499999999999967,0.0,0.0));
#5151=VECTOR('',#6000,1.0);
#5152=CARTESIAN_POINT('',(5.5,0.0,4.7));
#5153=CARTESIAN_POINT('',(5.50000000000001,0.0,17.221698));
#5154=VECTOR('',#6001,1.0);
#5155=AXIS2_PLACEMENT_3D('',#6002,#6003,#6004);
#5156=CARTESIAN_POINT('',(2.5,0.0,3.637626655147));
#5157=AXIS2_PLACEMENT_3D('',#6005,#6006,#6007);
#5158=CARTESIAN_POINT('',(2.5,0.0,2.6));
#5159=CARTESIAN_POINT('',(2.50000000000001,0.0,17.221698));
#5160=VECTOR('',#6008,1.0);
#5161=AXIS2_PLACEMENT_3D('',#6009,#6010,#6011);
#5162=CARTESIAN_POINT('',(5.1,0.0,1.5708203932499));
#5163=AXIS2_PLACEMENT_3D('',#6012,#6013,#6014);
#5164=CARTESIAN_POINT('',(5.1,0.0,0.9291796067501));
#5165=CARTESIAN_POINT('',(5.10000000000001,0.0,17.221698));
#5166=VECTOR('',#6015,1.0);
#5167=AXIS2_PLACEMENT_3D('',#6016,#6017,#6018);
#5168=CARTESIAN_POINT('',(3.06666666666675,0.0,0.556501610500099));
#5169=AXIS2_PLACEMENT_3D('',#6019,#6020,#6021);
#5170=CARTESIAN_POINT('',(2.9,0.0,0.9291796067501));
#5171=AXIS2_PLACEMENT_3D('',#6022,#6023,#6024);
#5172=CARTESIAN_POINT('',(2.9,0.0,1.5708203932499));
#5173=CARTESIAN_POINT('',(2.90000000000001,0.0,17.221698));
#5174=VECTOR('',#6025,1.0);
#5175=AXIS2_PLACEMENT_3D('',#6026,#6027,#6028);
#5176=CARTESIAN_POINT('',(3.09999999999997,0.0,3.741154273188));
#5177=CARTESIAN_POINT('',(-0.0499999999999963,0.0,3.741154273188));
#5178=VECTOR('',#6029,1.0);
#5179=CARTESIAN_POINT('',(5.0,0.0,2.6));
#5180=CARTESIAN_POINT('',(5.00000000000001,0.0,17.221698));
#5181=VECTOR('',#6030,1.0);
#5182=CARTESIAN_POINT('',(4.9,0.0,2.5));
#5183=AXIS2_PLACEMENT_3D('',#6031,#6032,#6033);
#5184=CARTESIAN_POINT('',(3.1,0.0,2.5));
#5185=CARTESIAN_POINT('',(-0.0499999999999963,0.0,2.5));
#5186=VECTOR('',#6034,1.0);
#5187=CARTESIAN_POINT('',(3.0,0.0,2.6));
#5188=AXIS2_PLACEMENT_3D('',#6035,#6036,#6037);
#5189=CARTESIAN_POINT('',(3.0,0.0,3.637626655147));
#5190=CARTESIAN_POINT('',(3.00000000000001,0.0,17.221698));
#5191=VECTOR('',#6038,1.0);
#5192=AXIS2_PLACEMENT_3D('',#6039,#6040,#6041);
#5193=CARTESIAN_POINT('',(2.6,0.0,1.5708203932499));
#5194=AXIS2_PLACEMENT_3D('',#6042,#6043,#6044);
#5195=CARTESIAN_POINT('',(2.6,0.0,0.9291796067501));
#5196=CARTESIAN_POINT('',(2.60000000000001,0.0,17.221698));
#5197=VECTOR('',#6045,1.0);
#5198=AXIS2_PLACEMENT_3D('',#6046,#6047,#6048);
#5199=COLOUR_RGB('',0.313725501298904,0.313725501298904,0.313725501298904);
#5200=CARTESIAN_POINT('',(5.20000000000001,10.0,5.0));
#5201=CARTESIAN_POINT('',(-0.0499999999999936,10.0,5.0));
#5202=VECTOR('',#6049,1.0);
#5203=CARTESIAN_POINT('',(5.20000000000001,10.015,5.0));
#5204=VECTOR('',#6050,1.0);
#5205=CARTESIAN_POINT('',(3.60000000000001,7.0,5.0));
#5206=CARTESIAN_POINT('',(4.40000000000001,7.0,5.0));
#5207=CARTESIAN_POINT('',(-0.049999999999994,7.0,5.0));
#5208=VECTOR('',#6051,1.0);
#5209=CARTESIAN_POINT('',(4.50000000000001,6.9,5.0));
#5210=AXIS2_PLACEMENT_3D('',#6052,#6053,#6054);
#5211=CARTESIAN_POINT('',(4.50000000000001,6.1,5.0));
#5212=CARTESIAN_POINT('',(4.50000000000001,13.538795,5.0));
#5213=VECTOR('',#6055,1.0);
#5214=CARTESIAN_POINT('',(4.40000000000001,6.0,5.0));
#5215=AXIS2_PLACEMENT_3D('',#6056,#6057,#6058);
#5216=CARTESIAN_POINT('',(3.60000000000001,6.0,5.0));
#5217=CARTESIAN_POINT('',(-0.0499999999999945,6.0,5.0));
#5218=VECTOR('',#6059,1.0);
#5219=CARTESIAN_POINT('',(3.50000000000001,6.1,5.0));
#5220=AXIS2_PLACEMENT_3D('',#6060,#6061,#6062);
#5221=CARTESIAN_POINT('',(3.50000000000001,6.9,5.0));
#5222=CARTESIAN_POINT('',(3.50000000000001,13.538795,5.0));
#5223=VECTOR('',#6063,1.0);
#5224=AXIS2_PLACEMENT_3D('',#6064,#6065,#6066);
#5225=COLOUR_RGB('',0.313725501298904,0.313725501298904,0.313725501298904);
#5226=CARTESIAN_POINT('',(5.50000000000001,10.0,0.0));
#5227=CARTESIAN_POINT('',(-0.0499999999999945,10.0,0.0));
#5228=VECTOR('',#6067,1.0);
#5229=CARTESIAN_POINT('',(5.50000000000001,10.0,4.7));
#5230=AXIS2_PLACEMENT_3D('',#6068,#6069,#6070);
#5231=CARTESIAN_POINT('',(5.50000000000001,10.0,17.221698));
#5232=VECTOR('',#6071,1.0);
#5233=COLOUR_RGB('',0.313725501298904,0.313725501298904,0.313725501298904);
#5234=CARTESIAN_POINT('',(5.50000000000001,13.538795,0.0));
#5235=VECTOR('',#6072,1.0);
#5236=CARTESIAN_POINT('',(5.00000000000001,8.2,0.0));
#5237=CARTESIAN_POINT('',(4.7,8.2,0.0));
#5238=CARTESIAN_POINT('',(-0.0499999999999949,8.2,0.0));
#5239=VECTOR('',#6073,1.0);
#5240=CARTESIAN_POINT('',(4.7,7.4,0.0));
#5241=CARTESIAN_POINT('',(4.70000000000001,13.538795,0.0));
#5242=VECTOR('',#6074,1.0);
#5243=CARTESIAN_POINT('',(5.0,7.4,0.0));
#5244=CARTESIAN_POINT('',(-0.0499999999999954,7.4,0.0));
#5245=VECTOR('',#6075,1.0);
#5246=CARTESIAN_POINT('',(5.00000000000001,13.538795,0.0));
#5247=VECTOR('',#6076,1.0);
#5248=CARTESIAN_POINT('',(5.0,3.2,0.0));
#5249=CARTESIAN_POINT('',(4.7,3.2,0.0));
#5250=CARTESIAN_POINT('',(-0.0499999999999963,3.2,0.0));
#5251=VECTOR('',#6077,1.0);
#5252=CARTESIAN_POINT('',(4.7,2.4,0.0));
#5253=CARTESIAN_POINT('',(4.70000000000001,13.538795,0.0));
#5254=VECTOR('',#6078,1.0);
#5255=CARTESIAN_POINT('',(5.0,2.4,0.0));
#5256=CARTESIAN_POINT('',(-0.0499999999999963,2.4,0.0));
#5257=VECTOR('',#6079,1.0);
#5258=CARTESIAN_POINT('',(5.00000000000001,13.538795,0.0));
#5259=VECTOR('',#6080,1.0);
#5260=CARTESIAN_POINT('',(2.5,13.538795,0.0));
#5261=VECTOR('',#6081,1.0);
#5262=CARTESIAN_POINT('',(2.5,13.538795,0.0));
#5263=VECTOR('',#6082,1.0);
#5264=COLOUR_RGB('',0.313725501298904,0.313725501298904,0.313725501298904);
#5265=CARTESIAN_POINT('',(3.2,1.7,0.9291796067501));
#5266=AXIS2_PLACEMENT_3D('',#6083,#6084,#6085);
#5267=CARTESIAN_POINT('',(2.9,1.1803847577294,0.9291796067501));
#5268=CARTESIAN_POINT('',(2.4,0.3143593539449,0.9291796067501));
#5269=VECTOR('',#6086,2.0);
#5270=AXIS2_PLACEMENT_3D('',#6087,#6088,#6089);
#5271=COLOUR_RGB('',0.823529481887817,0.823529481887817,0.784313797950745);
#5272=COLOUR_RGB('',0.313725501298904,0.313725501298904,0.313725501298904);
#5273=CARTESIAN_POINT('',(4.66666666666669,1.8732050807569,0.854644007500099));
#5274=VECTOR('',#6090,2.0);
#5275=CARTESIAN_POINT('',(4.63245553202627,1.7,0.699999999994802));
#5276=AXIS2_PLACEMENT_3D('',#6091,#6092,#6093);
#5277=CARTESIAN_POINT('',(3.36754446793958,1.6999999999734,0.699999999999999));
#5278=CARTESIAN_POINT('',(3.41262221884119,1.7448910927208,0.699999999999999));
#5279=CARTESIAN_POINT('',(3.45928150606423,1.7882197597945,0.699999999999999));
#5280=CARTESIAN_POINT('',(3.50811721406434,1.828785785763,0.699999999999999));
#5281=CARTESIAN_POINT('',(3.55685492286467,1.8692704074015,0.699999999999999));
#5282=CARTESIAN_POINT('',(3.60812667163804,1.9073603425804,0.699999999999999));
#5283=CARTESIAN_POINT('',(3.66273580010745,1.9405512834221,0.699999999999999));
#5284=CARTESIAN_POINT('',(3.76498419553101,2.0026969454896,0.699999999999999));
#5285=CARTESIAN_POINT('',(3.87849961287864,2.0464101615094,0.699999999999999));
#5286=CARTESIAN_POINT('',(3.99999999998081,2.0464101615138,0.699999999999999));
#5287=CARTESIAN_POINT('',(4.12150038708166,2.0464101615182,0.699999999999999));
#5288=CARTESIAN_POINT('',(4.23501580443132,2.002696945507,0.699999999999999));
#5289=CARTESIAN_POINT('',(4.33726419985908,1.9405512834424,0.699999999999999));
#5290=CARTESIAN_POINT('',(4.39187332834566,1.9073603425932,0.699999999999999));
#5291=CARTESIAN_POINT('',(4.44314507709647,1.8692704074319,0.699999999999999));
#5292=CARTESIAN_POINT('',(4.49188278590568,1.8287857857879,0.699999999999999));
#5293=CARTESIAN_POINT('',(4.54071849390669,1.7882197598206,0.699999999999999));
#5294=CARTESIAN_POINT('',(4.5873777811305,1.7448910927477,0.699999999999999));
#5295=CARTESIAN_POINT('',(4.63245553203275,1.7000000000009,0.699999999999999));
#5296=COLOUR_RGB('',0.313725501298904,0.313725501298904,0.313725501298904);
#5297=CARTESIAN_POINT('',(3.0,1.2,2.6));
#5298=CARTESIAN_POINT('',(3.0,1.245,2.6));
#5299=VECTOR('',#6094,1.0);
#5300=CARTESIAN_POINT('',(3.1,1.2,2.5));
#5301=CARTESIAN_POINT('',(3.1,1.245,2.5));
#5302=VECTOR('',#6095,1.0);
#5303=AXIS2_PLACEMENT_3D('',#6096,#6097,#6098);
#5304=COLOUR_RGB('',0.313725501298904,0.313725501298904,0.313725501298904);
#5305=CARTESIAN_POINT('',(3.09999999999999,-0.0434666621830004,3.7528011302177));
#5306=VECTOR('',#6099,1.0);
#5307=CARTESIAN_POINT('',(3.0,0.886834750241201,3.4));
#5308=CARTESIAN_POINT('',(3.0,-0.0693485666933,3.6562085475887));
#5309=VECTOR('',#6100,1.0);
#5310=AXIS2_PLACEMENT_3D('',#6101,#6102,#6103);
#5311=COLOUR_RGB('',0.313725501298904,0.313725501298904,0.313725501298904);
#5312=CARTESIAN_POINT('',(5.0,1.2,2.6));
#5313=CARTESIAN_POINT('',(5.0,1.245,2.6));
#5314=VECTOR('',#6104,1.0);
#5315=CARTESIAN_POINT('',(4.9,1.2,2.5));
#5316=AXIS2_PLACEMENT_3D('',#6105,#6106,#6107);
#5317=CARTESIAN_POINT('',(4.9,1.245,2.5));
#5318=VECTOR('',#6108,1.0);
#5319=COLOUR_RGB('',0.313725501298904,0.313725501298904,0.313725501298904);
#5320=CARTESIAN_POINT('',(3.0,1.2,3.4));
#5321=AXIS2_PLACEMENT_3D('',#6109,#6110,#6111);
#5322=CARTESIAN_POINT('',(3.00000000000001,1.2,17.221698));
#5323=VECTOR('',#6112,1.0);
#5324=CARTESIAN_POINT('',(-0.0499999999999963,1.2,2.5));
#5325=VECTOR('',#6113,1.0);
#5326=CARTESIAN_POINT('',(5.0,1.2,3.4));
#5327=CARTESIAN_POINT('',(5.00000000000001,1.2,17.221698));
#5328=VECTOR('',#6114,1.0);
#5329=AXIS2_PLACEMENT_3D('',#6115,#6116,#6117);
#5330=COLOUR_RGB('',0.313725501298904,0.313725501298904,0.313725501298904);
#5331=CARTESIAN_POINT('',(3.36754446796633,2.4,0.699999999999999));
#5332=CARTESIAN_POINT('',(3.26666666666667,2.4,0.780108408250101));
#5333=AXIS2_PLACEMENT_3D('',#6118,#6119,#6120);
#5334=CARTESIAN_POINT('',(3.26666666666665,2.2,0.780108408250101));
#5335=VECTOR('',#6121,1.0);
#5336=CARTESIAN_POINT('',(3.36754446796633,2.2,0.699999999999999));
#5337=VECTOR('',#6122,1.0);
#5338=COLOUR_RGB('',0.313725501298904,0.313725501298904,0.313725501298904);
#5339=CARTESIAN_POINT('',(4.63245553203367,2.4,0.699999999999999));
#5340=CARTESIAN_POINT('',(-0.0499999999999963,2.4,0.699999999999999));
#5341=VECTOR('',#6123,1.0);
#5342=CARTESIAN_POINT('',(4.63245553203367,0.6,0.699999999999999));
#5343=VECTOR('',#6124,1.0);
#5344=COLOUR_RGB('',0.823529481887817,0.823529481887817,0.784313797950745);
#5345=COLOUR_RGB('',0.313725501298904,0.313725501298904,0.313725501298904);
#5346=CARTESIAN_POINT('',(2.9,-0.00900000000000034,0.9291796067501));
#5347=VECTOR('',#6125,1.0);
#5348=CARTESIAN_POINT('',(3.06666666666666,0.0,0.556501610500099));
#5349=VECTOR('',#6126,1.0);
#5350=COLOUR_RGB('',0.313725501298904,0.313725501298904,0.313725501298904);
#5351=CARTESIAN_POINT('',(2.9,1.1803847577293,1.5708203932499));
#5352=CARTESIAN_POINT('',(2.9,-0.00900000000000034,1.5708203932499));
#5353=VECTOR('',#6127,1.0);
#5354=CARTESIAN_POINT('',(2.90000000000001,1.1803847577294,17.221698));
#5355=VECTOR('',#6128,1.0);
#5356=COLOUR_RGB('',0.313725501298904,0.313725501298904,0.313725501298904);
#5357=CARTESIAN_POINT('',(5.0,0.841834750241301,3.4));
#5358=VECTOR('',#6129,1.0);
#5359=COLOUR_RGB('',0.313725501298904,0.313725501298904,0.313725501298904);
#5360=CARTESIAN_POINT('',(3.2,2.4,0.9291796067501));
#5361=AXIS2_PLACEMENT_3D('',#6130,#6131,#6132);
#5362=CARTESIAN_POINT('',(3.2,1.6775,0.9291796067501));
#5363=VECTOR('',#6133,1.0);
#5364=COLOUR_RGB('',0.313725501298904,0.313725501298904,0.313725501298904);
#5365=AXIS2_PLACEMENT_3D('',#6134,#6135,#6136);
#5366=COLOUR_RGB('',0.313725501298904,0.313725501298904,0.313725501298904);
#5367=AXIS2_PLACEMENT_3D('',#6137,#6138,#6139);
#5368=COLOUR_RGB('',0.823529481887817,0.823529481887817,0.784313797950745);
#5369=CARTESIAN_POINT('',(4.7,8.2,-1.3));
#5370=CARTESIAN_POINT('',(4.70000000000001,8.2,17.221698));
#5371=VECTOR('',#6140,1.0);
#5372=CARTESIAN_POINT('',(4.7,8.12189913163527,-1.9248069469178));
#5373=CARTESIAN_POINT('',(4.70000000000001,10.51521225,17.221698));
#5374=VECTOR('',#6141,1.0);
#5375=CARTESIAN_POINT('',(4.7,7.92344355629254,-2.1));
#5376=AXIS2_PLACEMENT_3D('',#6142,#6143,#6144);
#5377=CARTESIAN_POINT('',(4.7,7.67655644370747,-2.1));
#5378=CARTESIAN_POINT('',(4.70000000000001,13.538795,-2.1));
#5379=VECTOR('',#6145,1.0);
#5380=CARTESIAN_POINT('',(4.7,7.47810086836472,-1.9248069469178));
#5381=AXIS2_PLACEMENT_3D('',#6146,#6147,#6148);
#5382=CARTESIAN_POINT('',(4.7,7.4,-1.3));
#5383=CARTESIAN_POINT('',(4.70000000000001,5.08478775000001,17.221698));
#5384=VECTOR('',#6149,1.0);
#5385=CARTESIAN_POINT('',(4.70000000000001,7.4,17.221698));
#5386=VECTOR('',#6150,1.0);
#5387=COLOUR_RGB('',0.823529481887817,0.823529481887817,0.784313797950745);
#5388=CARTESIAN_POINT('',(5.0,7.4,-1.3000000000001));
#5389=CARTESIAN_POINT('',(-0.0499999999999954,7.4,-1.3));
#5390=VECTOR('',#6151,1.0);
#5391=CARTESIAN_POINT('',(5.00000000000001,7.4,17.221698));
#5392=VECTOR('',#6152,1.0);
#5393=COLOUR_RGB('',0.823529481887817,0.823529481887817,0.784313797950745);
#5394=CARTESIAN_POINT('',(5.0,7.47810086836472,-1.9248069469178));
#5395=CARTESIAN_POINT('',(5.00000000000001,5.08478775000001,17.221698));
#5396=VECTOR('',#6153,1.0);
#5397=CARTESIAN_POINT('',(5.0,7.67655644370747,-2.1));
#5398=AXIS2_PLACEMENT_3D('',#6154,#6155,#6156);
#5399=CARTESIAN_POINT('',(5.0,7.92344355629253,-2.1));
#5400=CARTESIAN_POINT('',(5.00000000000001,13.538795,-2.1));
#5401=VECTOR('',#6157,1.0);
#5402=CARTESIAN_POINT('',(5.0,8.12189913163527,-1.9248069469178));
#5403=AXIS2_PLACEMENT_3D('',#6158,#6159,#6160);
#5404=CARTESIAN_POINT('',(5.0,8.2,-1.3));
#5405=CARTESIAN_POINT('',(5.00000000000001,10.51521225,17.221698));
#5406=VECTOR('',#6161,1.0);
#5407=CARTESIAN_POINT('',(5.00000000000001,8.2,17.221698));
#5408=VECTOR('',#6162,1.0);
#5409=COLOUR_RGB('',0.823529481887817,0.823529481887817,0.784313797950745);
#5410=CARTESIAN_POINT('',(-0.0499999999999954,8.2,-1.3));
#5411=VECTOR('',#6163,1.0);
#5412=COLOUR_RGB('',0.823529481887817,0.823529481887817,0.784313797950745);
#5413=CARTESIAN_POINT('',(4.6775,8.12189913163528,-1.9248069469178));
#5414=VECTOR('',#6164,1.0);
#5415=COLOUR_RGB('',0.823529481887817,0.823529481887817,0.784313797950745);
#5416=CARTESIAN_POINT('',(4.6775,7.92344355629253,-2.1));
#5417=VECTOR('',#6165,1.0);
#5418=COLOUR_RGB('',0.823529481887817,0.823529481887817,0.784313797950745);
#5419=CARTESIAN_POINT('',(5.0225,7.67655644370747,-2.1));
#5420=VECTOR('',#6166,1.0);
#5421=COLOUR_RGB('',0.823529481887817,0.823529481887817,0.784313797950745);
#5422=CARTESIAN_POINT('',(5.0225,7.47810086836472,-1.9248069469178));
#5423=VECTOR('',#6167,1.0);
#5424=COLOUR_RGB('',0.823529481887817,0.823529481887817,0.784313797950745);
#5425=COLOUR_RGB('',0.823529481887817,0.823529481887817,0.784313797950745);
#5426=CARTESIAN_POINT('',(5.0,3.2,-1.3));
#5427=CARTESIAN_POINT('',(5.00000000000001,3.2,17.221698));
#5428=VECTOR('',#6168,1.0);
#5429=CARTESIAN_POINT('',(5.0,2.4,-1.3));
#5430=CARTESIAN_POINT('',(5.00000000000001,2.4,17.221698));
#5431=VECTOR('',#6169,1.0);
#5432=CARTESIAN_POINT('',(5.0,2.4781008683647,-1.9248069469178));
#5433=CARTESIAN_POINT('',(5.00000000000001,0.0847877500000003,17.221698));
#5434=VECTOR('',#6170,1.0);
#5435=CARTESIAN_POINT('',(5.0,2.6765564437075,-2.1));
#5436=AXIS2_PLACEMENT_3D('',#6171,#6172,#6173);
#5437=CARTESIAN_POINT('',(5.0,2.9234435562925,-2.1));
#5438=CARTESIAN_POINT('',(5.00000000000001,13.538795,-2.1));
#5439=VECTOR('',#6174,1.0);
#5440=CARTESIAN_POINT('',(5.0,3.1218991316353,-1.9248069469176));
#5441=AXIS2_PLACEMENT_3D('',#6175,#6176,#6177);
#5442=CARTESIAN_POINT('',(5.00000000000001,5.51521224999999,17.221698));
#5443=VECTOR('',#6178,1.0);
#5444=COLOUR_RGB('',0.823529481887817,0.823529481887817,0.784313797950745);
#5445=CARTESIAN_POINT('',(4.7,3.1218991316353,-1.9248069469176));
#5446=CARTESIAN_POINT('',(4.7,3.2,-1.3));
#5447=CARTESIAN_POINT('',(4.70000000000001,5.51521224999999,17.221698));
#5448=VECTOR('',#6179,1.0);
#5449=CARTESIAN_POINT('',(-0.0499999999999963,3.2,-1.3));
#5450=VECTOR('',#6180,1.0);
#5451=CARTESIAN_POINT('',(4.6775,3.1218991316353,-1.9248069469176));
#5452=VECTOR('',#6181,1.0);
#5453=COLOUR_RGB('',0.823529481887817,0.823529481887817,0.784313797950745);
#5454=CARTESIAN_POINT('',(4.7,2.4,-1.3));
#5455=CARTESIAN_POINT('',(4.7,2.4781008683647,-1.9248069469176));
#5456=CARTESIAN_POINT('',(4.70000000000001,0.0847877500000003,17.221698));
#5457=VECTOR('',#6182,1.0);
#5458=CARTESIAN_POINT('',(4.6775,2.4781008683648,-1.9248069469177));
#5459=VECTOR('',#6183,1.0);
#5460=CARTESIAN_POINT('',(-0.0499999999999967,2.4,-1.3));
#5461=VECTOR('',#6184,1.0);
#5462=COLOUR_RGB('',0.823529481887817,0.823529481887817,0.784313797950745);
#5463=CARTESIAN_POINT('',(4.7,2.6765564437075,-2.1));
#5464=AXIS2_PLACEMENT_3D('',#6185,#6186,#6187);
#5465=CARTESIAN_POINT('',(4.6775,2.6765564437075,-2.1));
#5466=VECTOR('',#6188,1.0);
#5467=COLOUR_RGB('',0.823529481887817,0.823529481887817,0.784313797950745);
#5468=CARTESIAN_POINT('',(4.7,2.9234435562925,-2.1));
#5469=CARTESIAN_POINT('',(4.70000000000001,13.538795,-2.1));
#5470=VECTOR('',#6189,1.0);
#5471=CARTESIAN_POINT('',(4.6775,2.9234435562925,-2.1));
#5472=VECTOR('',#6190,1.0);
#5473=COLOUR_RGB('',0.823529481887817,0.823529481887817,0.784313797950745);
#5474=AXIS2_PLACEMENT_3D('',#6191,#6192,#6193);
#5475=COLOUR_RGB('',0.823529481887817,0.823529481887817,0.784313797950745);
#5476=CARTESIAN_POINT('',(4.70000000000001,2.4,17.221698));
#5477=VECTOR('',#6194,1.0);
#5478=COLOUR_RGB('',0.823529481887817,0.823529481887817,0.784313797950745);
#5479=CARTESIAN_POINT('',(4.70000000000001,3.2,17.221698));
#5480=VECTOR('',#6195,1.0);
#5481=COLOUR_RGB('',0.823529481887817,0.823529481887817,0.784313797950745);
#5482=COLOUR_RGB('',0.313725501298904,0.313725501298904,0.313725501298904);
#5483=CARTESIAN_POINT('',(3.50000000000001,6.1,4.390594687687));
#5484=CARTESIAN_POINT('',(3.50000000000001,6.9,4.390594687687));
#5485=CARTESIAN_POINT('',(3.50000000000001,13.538795,4.390594687687));
#5486=VECTOR('',#6196,1.0);
#5487=CARTESIAN_POINT('',(3.60000000000001,6.0,4.390594687687));
#5488=AXIS2_PLACEMENT_3D('',#6197,#6198,#6199);
#5489=CARTESIAN_POINT('',(4.40000000000001,6.0,4.390594687687));
#5490=CARTESIAN_POINT('',(-0.0499999999999945,6.0,4.390594687687));
#5491=VECTOR('',#6200,1.0);
#5492=CARTESIAN_POINT('',(4.50000000000001,6.1,4.390594687687));
#5493=AXIS2_PLACEMENT_3D('',#6201,#6202,#6203);
#5494=CARTESIAN_POINT('',(4.50000000000001,6.9,4.390594687687));
#5495=CARTESIAN_POINT('',(4.50000000000001,13.538795,4.390594687687));
#5496=VECTOR('',#6204,1.0);
#5497=CARTESIAN_POINT('',(4.40000000000001,7.0,4.390594687687));
#5498=AXIS2_PLACEMENT_3D('',#6205,#6206,#6207);
#5499=CARTESIAN_POINT('',(3.60000000000001,7.0,4.390594687687));
#5500=CARTESIAN_POINT('',(-0.0499999999999945,7.0,4.390594687687));
#5501=VECTOR('',#6208,1.0);
#5502=AXIS2_PLACEMENT_3D('',#6209,#6210,#6211);
#5503=COLOUR_RGB('',0.313725501298904,0.313725501298904,0.313725501298904);
#5504=CARTESIAN_POINT('',(4.40000000000001,7.0,5.045));
#5505=VECTOR('',#6212,1.0);
#5506=CARTESIAN_POINT('',(3.60000000000001,7.0,4.345594687687));
#5507=VECTOR('',#6213,1.0);
#5508=COLOUR_RGB('',0.313725501298904,0.313725501298904,0.313725501298904);
#5509=CARTESIAN_POINT('',(3.50000000000001,6.9,4.345594687687));
#5510=VECTOR('',#6214,1.0);
#5511=COLOUR_RGB('',0.313725501298904,0.313725501298904,0.313725501298904);
#5512=CARTESIAN_POINT('',(3.50000000000001,6.1,5.045));
#5513=VECTOR('',#6215,1.0);
#5514=COLOUR_RGB('',0.313725501298904,0.313725501298904,0.313725501298904);
#5515=CARTESIAN_POINT('',(4.50000000000001,6.9,5.045));
#5516=VECTOR('',#6216,1.0);
#5517=COLOUR_RGB('',0.313725501298904,0.313725501298904,0.313725501298904);
#5518=CARTESIAN_POINT('',(3.60000000000001,6.0,5.045));
#5519=VECTOR('',#6217,1.0);
#5520=COLOUR_RGB('',0.313725501298904,0.313725501298904,0.313725501298904);
#5521=CARTESIAN_POINT('',(4.40000000000001,6.0,5.045));
#5522=VECTOR('',#6218,1.0);
#5523=COLOUR_RGB('',0.313725501298904,0.313725501298904,0.313725501298904);
#5524=CARTESIAN_POINT('',(4.50000000000001,6.1,5.045));
#5525=VECTOR('',#6219,1.0);
#5526=COLOUR_RGB('',0.313725501298904,0.313725501298904,0.313725501298904);
#5527=COLOUR_RGB('',0.313725501298904,0.313725501298904,0.313725501298904);
#5528=CARTESIAN_POINT('',(5.50000000000001,10.015,4.7));
#5529=VECTOR('',#6220,1.0);
#5530=COLOUR_RGB('',0.313725501298904,0.313725501298904,0.313725501298904);
#5531=COLOUR_RGB('',0.313725501298904,0.313725501298904,0.313725501298904);
#5532=CARTESIAN_POINT('',(3.20000000000003,1.7,1.5708203932499));
#5533=CARTESIAN_POINT('',(3.20000000000001,1.7,17.221698));
#5534=VECTOR('',#6221,1.0);
#5535=CARTESIAN_POINT('',(2.4,0.3143593539449,1.5708203932499));
#5536=VECTOR('',#6222,2.0);
#5537=COLOUR_RGB('',0.313725501298904,0.313725501298904,0.313725501298904);
#5538=CARTESIAN_POINT('',(3.0,0.841834750241201,3.4));
#5539=VECTOR('',#6223,1.0);
#5540=COLOUR_RGB('',0.313725501298904,0.313725501298904,0.313725501298904);
#5541=COLOUR_RGB('',0.313725501298904,0.313725501298904,0.313725501298904);
#5542=COLOUR_RGB('',0.313725501298904,0.313725501298904,0.313725501298904);
#5543=CARTESIAN_POINT('',(2.5,0.886834750241301,3.4));
#5544=AXIS2_PLACEMENT_3D('',#6224,#6225,#6226);
#5545=CARTESIAN_POINT('',(2.5,0.930301412424301,3.3883531429704));
#5546=VECTOR('',#6227,1.0);
#5547=COLOUR_RGB('',0.313725501298904,0.313725501298904,0.313725501298904);
#5548=CARTESIAN_POINT('',(2.5,1.245,3.4));
#5549=VECTOR('',#6228,1.0);
#5550=COLOUR_RGB('',0.313725501298904,0.313725501298904,0.313725501298904);
#5551=CARTESIAN_POINT('',(2.5,1.245,2.6));
#5552=VECTOR('',#6229,1.0);
#5553=COLOUR_RGB('',0.313725501298904,0.313725501298904,0.313725501298904);
#5554=COLOUR_RGB('',0.313725501298904,0.313725501298904,0.313725501298904);
#5555=CARTESIAN_POINT('',(4.73333333333334,1.6999999999999,1.7198915917499));
#5556=AXIS2_PLACEMENT_3D('',#6230,#6231,#6232);
#5557=CARTESIAN_POINT('',(4.73333333333328,2.4,1.7198915917499));
#5558=CARTESIAN_POINT('',(4.73333333333334,0.6,1.7198915917499));
#5559=VECTOR('',#6233,1.0);
#5560=AXIS2_PLACEMENT_3D('',#6234,#6235,#6236);
#5561=COLOUR_RGB('',0.313725501298904,0.313725501298904,0.313725501298904);
#5562=COLOUR_RGB('',0.313725501298904,0.313725501298904,0.313725501298904);
#5563=AXIS2_PLACEMENT_3D('',#6237,#6238,#6239);
#5564=COLOUR_RGB('',0.313725501298904,0.313725501298904,0.313725501298904);
#5565=CARTESIAN_POINT('',(2.6,-0.00900000000000034,0.9291796067501));
#5566=VECTOR('',#6240,1.0);
#5567=COLOUR_RGB('',0.313725501298904,0.313725501298904,0.313725501298904);
#5568=CARTESIAN_POINT('',(2.6,-0.00900000000000034,1.5708203932499));
#5569=VECTOR('',#6241,1.0);
#5570=COLOUR_RGB('',0.313725501298904,0.313725501298904,0.313725501298904);
#5571=AXIS2_PLACEMENT_3D('',#6242,#6243,#6244);
#5572=COLOUR_RGB('',0.313725501298904,0.313725501298904,0.313725501298904);
#5573=CARTESIAN_POINT('',(5.1,-0.00900000000000034,0.9291796067501));
#5574=VECTOR('',#6245,1.0);
#5575=COLOUR_RGB('',0.313725501298904,0.313725501298904,0.313725501298904);
#5576=COLOUR_RGB('',0.313725501298904,0.313725501298904,0.313725501298904);
#5577=COLOUR_RGB('',0.313725501298904,0.313725501298904,0.313725501298904);
#5578=COLOUR_RGB('',0.313725501298904,0.313725501298904,0.313725501298904);
#5579=AXIS2_PLACEMENT_3D('',#6246,#6247,#6248);
#5580=CARTESIAN_POINT('',(5.1,-0.00900000000000034,1.5708203932499));
#5581=VECTOR('',#6249,1.0);
#5582=COLOUR_RGB('',0.313725501298904,0.313725501298904,0.313725501298904);
#5583=COLOUR_RGB('',0.313725501298904,0.313725501298904,0.313725501298904);
#5584=AXIS2_PLACEMENT_3D('',#6250,#6251,#6252);
#5585=COLOUR_RGB('',0.313725501298904,0.313725501298904,0.313725501298904);
#5586=AXIS2_PLACEMENT_3D('',#6253,#6254,#6255);
#5587=COLOUR_RGB('',0.313725501298904,0.313725501298904,0.313725501298904);
#5588=AXIS2_PLACEMENT_3D('',#6256,#6257,#6258);
#5589=CARTESIAN_POINT('',(4.66666666666669,1.8732050807569,1.6453559924999));
#5590=VECTOR('',#6259,2.0);
#5591=COLOUR_RGB('',0.313725501298904,0.313725501298904,0.313725501298904);
#5592=AXIS2_PLACEMENT_3D('',#6260,#6261,#6262);
#5593=COLOUR_RGB('',0.313725501298904,0.313725501298904,0.313725501298904);
#5594=CARTESIAN_POINT('',(3.2,2.4,1.5708203932499));
#5595=CARTESIAN_POINT('',(3.2,1.6775,1.5708203932499));
#5596=VECTOR('',#6263,1.0);
#5597=AXIS2_PLACEMENT_3D('',#6264,#6265,#6266);
#5598=COLOUR_RGB('',0.313725501298904,0.313725501298904,0.313725501298904);
#5599=CARTESIAN_POINT('',(3.20000000000001,2.4,17.221698));
#5600=VECTOR('',#6267,1.0);
#5601=COLOUR_RGB('',0.313725501298904,0.313725501298904,0.313725501298904);
#5602=COLOUR_RGB('',0.313725501298904,0.313725501298904,0.313725501298904);
#5603=COLOUR_RGB('',0.313725501298904,0.313725501298904,0.313725501298904);
#5604=CARTESIAN_POINT('',(4.85,7.79999999999999,-0.499999999999996));
#5605=DIRECTION('',(-2.22044604925031E-16,2.46519032881566E-32,-1.0));
#5606=DIRECTION('',(1.0,-2.22044604925031E-16,-2.22044604925031E-16));
#5607=DIRECTION('',(-2.22044604925031E-16,0.0,-1.0));
#5608=CARTESIAN_POINT('',(4.85,7.79999999999999,3.5527136788005E-15));
#5609=DIRECTION('',(-2.22044604925031E-16,2.46519032881566E-32,-1.0));
#5610=DIRECTION('',(1.0,-2.22044604925031E-16,-2.22044604925031E-16));
#5611=DIRECTION('',(-2.22044604925031E-16,0.0,-1.0));
#5612=CARTESIAN_POINT('',(4.85,7.79999999999999,3.5527136788005E-15));
#5613=DIRECTION('',(-2.22044604925031E-16,2.46519032881566E-32,-1.0));
#5614=DIRECTION('',(1.0,-2.22044604925031E-16,-2.22044604925031E-16));
#5615=CARTESIAN_POINT('',(4.85,7.79999999999999,-0.499999999999996));
#5616=DIRECTION('',(-2.22044604925031E-16,2.46519032881566E-32,-1.0));
#5617=DIRECTION('',(1.0,-2.22044604925031E-16,-2.22044604925031E-16));
#5618=CARTESIAN_POINT('',(2.35,7.79999999999999,-0.499999999999996));
#5619=DIRECTION('',(-2.22044604925031E-16,2.46519032881566E-32,-1.0));
#5620=DIRECTION('',(1.0,-2.22044604925031E-16,-2.22044604925031E-16));
#5621=DIRECTION('',(-2.22044604925031E-16,0.0,-1.0));
#5622=CARTESIAN_POINT('',(2.35,7.79999999999999,3.5527136788005E-15));
#5623=DIRECTION('',(-2.22044604925031E-16,2.46519032881566E-32,-1.0));
#5624=DIRECTION('',(1.0,-2.22044604925031E-16,-2.22044604925031E-16));
#5625=DIRECTION('',(-2.22044604925031E-16,0.0,-1.0));
#5626=CARTESIAN_POINT('',(2.35,7.79999999999999,3.5527136788005E-15));
#5627=DIRECTION('',(-2.22044604925031E-16,2.46519032881566E-32,-1.0));
#5628=DIRECTION('',(1.0,-2.22044604925031E-16,-2.22044604925031E-16));
#5629=CARTESIAN_POINT('',(2.35,7.79999999999999,-0.499999999999996));
#5630=DIRECTION('',(-2.22044604925031E-16,2.46519032881566E-32,-1.0));
#5631=DIRECTION('',(1.0,-2.22044604925031E-16,-2.22044604925031E-16));
#5632=CARTESIAN_POINT('',(4.85,2.79999999999999,-0.499999999999996));
#5633=DIRECTION('',(-2.22044604925031E-16,2.46519032881566E-32,-1.0));
#5634=DIRECTION('',(1.0,-2.22044604925031E-16,-2.22044604925031E-16));
#5635=DIRECTION('',(-2.22044604925031E-16,0.0,-1.0));
#5636=CARTESIAN_POINT('',(4.85,2.79999999999999,3.5527136788005E-15));
#5637=DIRECTION('',(-2.22044604925031E-16,2.46519032881566E-32,-1.0));
#5638=DIRECTION('',(1.0,-2.22044604925031E-16,-2.22044604925031E-16));
#5639=DIRECTION('',(-2.22044604925031E-16,0.0,-1.0));
#5640=CARTESIAN_POINT('',(4.85,2.79999999999999,3.5527136788005E-15));
#5641=DIRECTION('',(-2.22044604925031E-16,2.46519032881566E-32,-1.0));
#5642=DIRECTION('',(1.0,-2.22044604925031E-16,-2.22044604925031E-16));
#5643=CARTESIAN_POINT('',(4.85,2.79999999999999,-0.499999999999996));
#5644=DIRECTION('',(-2.22044604925031E-16,2.46519032881566E-32,-1.0));
#5645=DIRECTION('',(1.0,-2.22044604925031E-16,-2.22044604925031E-16));
#5646=CARTESIAN_POINT('',(2.35,2.79999999999999,-0.499999999999996));
#5647=DIRECTION('',(-2.22044604925031E-16,2.46519032881566E-32,-1.0));
#5648=DIRECTION('',(1.0,-2.22044604925031E-16,-2.22044604925031E-16));
#5649=DIRECTION('',(-2.22044604925031E-16,0.0,-1.0));
#5650=CARTESIAN_POINT('',(2.35,2.79999999999999,3.5527136788005E-15));
#5651=DIRECTION('',(-2.22044604925031E-16,2.46519032881566E-32,-1.0));
#5652=DIRECTION('',(1.0,-2.22044604925031E-16,-2.22044604925031E-16));
#5653=DIRECTION('',(-2.22044604925031E-16,0.0,-1.0));
#5654=CARTESIAN_POINT('',(2.35,2.79999999999999,3.5527136788005E-15));
#5655=DIRECTION('',(-2.22044604925031E-16,2.46519032881566E-32,-1.0));
#5656=DIRECTION('',(1.0,-2.22044604925031E-16,-2.22044604925031E-16));
#5657=CARTESIAN_POINT('',(2.35,2.79999999999999,-0.499999999999996));
#5658=DIRECTION('',(-2.22044604925031E-16,2.46519032881566E-32,-1.0));
#5659=DIRECTION('',(1.0,-2.22044604925031E-16,-2.22044604925031E-16));
#5660=DIRECTION('',(2.22044604925031E-16,1.0,-4.93038065763132E-32));
#5661=CARTESIAN_POINT('',(4.0,1.7,0.899999999999999));
#5662=DIRECTION('',(-2.22044604925031E-16,-1.0,4.93038065763132E-32));
#5663=DIRECTION('',(2.22044604925031E-16,1.04002620399108E-46,1.0));
#5664=DIRECTION('',(2.22044604925031E-16,1.0,-4.93038065763132E-32));
#5665=CARTESIAN_POINT('',(4.0,2.4,0.899999999999999));
#5666=DIRECTION('',(-2.22044604925031E-16,-1.0,4.93038065763132E-32));
#5667=DIRECTION('',(2.22044604925031E-16,1.04002620399108E-46,1.0));
#5668=DIRECTION('',(6.36385478488419E-16,0.866025403784439,-0.5));
#5669=CARTESIAN_POINT('',(4.0,1.1803847577293,0.899999999999999));
#5670=DIRECTION('',(-2.22044604925031E-16,-1.0,4.93038065763132E-32));
#5671=DIRECTION('',(2.22044604925031E-16,1.04002620399108E-46,1.0));
#5672=DIRECTION('',(-0.333333333333343,-0.866025403784439,0.372677996249956));
#5673=DIRECTION('',(2.22044604925031E-16,1.0,-4.93038065763132E-32));
#5674=CARTESIAN_POINT('',(4.0,0.0,1.6));
#5675=DIRECTION('',(2.22044604925031E-16,1.0,-4.93038065763132E-32));
#5676=DIRECTION('',(2.22044604925031E-16,1.04002620399108E-46,1.0));
#5677=DIRECTION('',(2.22044604925031E-16,1.0,-4.93038065763132E-32));
#5678=CARTESIAN_POINT('',(4.0,1.1803847577293,1.6));
#5679=DIRECTION('',(2.22044604925031E-16,1.0,-4.93038065763132E-32));
#5680=DIRECTION('',(2.22044604925031E-16,1.04002620399108E-46,1.0));
#5681=DIRECTION('',(-6.36385478488418E-16,-0.866025403784439,-0.499999999999999));
#5682=CARTESIAN_POINT('',(4.0,1.7,1.6));
#5683=DIRECTION('',(2.22044604925031E-16,1.0,-4.93038065763132E-32));
#5684=DIRECTION('',(-2.22044604925031E-16,-1.04002620399108E-46,-1.0));
#5685=DIRECTION('',(-0.333333333333343,-0.866025403784439,-0.372677996249955));
#5686=CARTESIAN_POINT('',(4.0,1.1803847577293,1.6));
#5687=DIRECTION('',(2.22044604925031E-16,1.0,-4.93038065763132E-32));
#5688=DIRECTION('',(2.22044604925031E-16,1.04002620399108E-46,1.0));
#5689=DIRECTION('',(-3.03318571100872E-16,-0.866025403784439,-0.499999999999999));
#5690=CARTESIAN_POINT('',(1.5,1.7,1.6));
#5691=DIRECTION('',(2.22044604925031E-16,1.0,-4.93038065763132E-32));
#5692=DIRECTION('',(-2.22044604925031E-16,-1.04002620399108E-46,-1.0));
#5693=DIRECTION('',(-0.333333333333344,-0.866025403784439,-0.372677996249955));
#5694=CARTESIAN_POINT('',(1.5,1.1803847577293,1.6));
#5695=DIRECTION('',(-2.22044604925031E-16,-1.0,4.93038065763132E-32));
#5696=DIRECTION('',(2.22044604925031E-16,1.04002620399108E-46,1.0));
#5697=DIRECTION('',(2.22044604925031E-16,1.0,-4.93038065763132E-32));
#5698=CARTESIAN_POINT('',(1.5,1.7,0.899999999999999));
#5699=DIRECTION('',(-2.22044604925031E-16,-1.0,4.93038065763132E-32));
#5700=DIRECTION('',(2.22044604925031E-16,1.04002620399108E-46,1.0));
#5701=DIRECTION('',(2.22044604925031E-16,1.0,-4.93038065763132E-32));
#5702=CARTESIAN_POINT('',(1.5,2.4,0.899999999999999));
#5703=DIRECTION('',(-2.22044604925031E-16,-1.0,4.93038065763132E-32));
#5704=DIRECTION('',(2.22044604925031E-16,1.04002620399108E-46,1.0));
#5705=DIRECTION('',(1.92296268638356E-16,0.866025403784439,-0.5));
#5706=CARTESIAN_POINT('',(1.5,1.1803847577293,0.899999999999999));
#5707=DIRECTION('',(-2.22044604925031E-16,-1.0,4.93038065763132E-32));
#5708=DIRECTION('',(2.22044604925031E-16,1.04002620399108E-46,1.0));
#5709=DIRECTION('',(-0.333333333333343,-0.866025403784439,0.372677996249956));
#5710=DIRECTION('',(-2.22044604925031E-16,-1.0,4.93038065763132E-32));
#5711=CARTESIAN_POINT('',(1.5,1.1803847577293,0.899999999999999));
#5712=DIRECTION('',(-2.22044604925031E-16,-1.0,4.93038065763132E-32));
#5713=DIRECTION('',(2.22044604925031E-16,1.04002620399108E-46,1.0));
#5714=DIRECTION('',(2.22044604925031E-16,1.0,-4.93038065763132E-32));
#5715=CARTESIAN_POINT('',(1.5,0.0,0.899999999999999));
#5716=DIRECTION('',(-2.22044604925031E-16,-1.0,4.93038065763132E-32));
#5717=DIRECTION('',(-2.22044604925031E-16,-1.04002620399108E-46,-1.0));
#5718=DIRECTION('',(2.22044604925031E-16,1.0,-4.93038065763132E-32));
#5719=CARTESIAN_POINT('',(1.5,0.0,1.6));
#5720=DIRECTION('',(2.22044604925031E-16,1.0,-4.93038065763132E-32));
#5721=DIRECTION('',(2.22044604925031E-16,1.04002620399108E-46,1.0));
#5722=DIRECTION('',(2.22044604925031E-16,1.0,-4.93038065763132E-32));
#5723=CARTESIAN_POINT('',(1.5,1.1803847577293,1.6));
#5724=DIRECTION('',(-2.22044604925031E-16,-1.0,4.93038065763132E-32));
#5725=DIRECTION('',(2.22044604925031E-16,1.04002620399108E-46,1.0));
#5726=DIRECTION('',(-2.22044604925031E-16,-1.0,4.93038065763132E-32));
#5727=CARTESIAN_POINT('',(4.0,1.1803847577293,0.899999999999999));
#5728=DIRECTION('',(-2.22044604925031E-16,-1.0,4.93038065763132E-32));
#5729=DIRECTION('',(2.22044604925031E-16,1.04002620399108E-46,1.0));
#5730=DIRECTION('',(2.22044604925031E-16,1.0,-4.93038065763132E-32));
#5731=CARTESIAN_POINT('',(4.0,0.0,0.899999999999999));
#5732=DIRECTION('',(-2.22044604925031E-16,-1.0,4.93038065763132E-32));
#5733=DIRECTION('',(-2.22044604925031E-16,-1.04002620399108E-46,-1.0));
#5734=DIRECTION('',(2.22044604925031E-16,1.0,-4.93038065763132E-32));
#5735=DIRECTION('',(2.22044604925031E-16,1.04002620399108E-46,1.0));
#5736=DIRECTION('',(2.22044604925031E-16,1.0,-4.93038065763132E-32));
#5737=DIRECTION('',(2.22044604925031E-16,1.04002620399108E-46,1.0));
#5738=CARTESIAN_POINT('',(1.90000000000001,6.9,4.390594687687));
#5739=DIRECTION('',(-2.22044604925031E-16,-1.0263416486754E-46,-1.0));
#5740=DIRECTION('',(-2.22044604925031E-16,-1.0,4.93038065763132E-32));
#5741=DIRECTION('',(-2.22044604925031E-16,-1.04002620399108E-46,-1.0));
#5742=CARTESIAN_POINT('',(1.90000000000001,6.9,5.0));
#5743=DIRECTION('',(-2.22044604925031E-16,-1.0263416486754E-46,-1.0));
#5744=DIRECTION('',(-2.22044604925031E-16,-1.0,4.93038065763132E-32));
#5745=DIRECTION('',(-2.22044604925031E-16,-1.04002620399108E-46,-1.0));
#5746=DIRECTION('',(1.57009245868377E-16,0.965925826289068,-0.258819045102521));
#5747=CARTESIAN_POINT('',(4.9,0.0,3.637626655147));
#5748=DIRECTION('',(-2.22044604925031E-16,-1.0,4.93038065763132E-32));
#5749=DIRECTION('',(-2.22044604925031E-16,-1.04002620399108E-46,-1.0));
#5750=DIRECTION('',(1.57009245868377E-16,0.965925826289068,-0.258819045102521));
#5751=CARTESIAN_POINT('',(4.9,0.886834750241301,3.4));
#5752=DIRECTION('',(1.9116234576483E-16,0.99144486137381,-0.130526192220052));
#5753=DIRECTION('',(2.4912761933257E-16,0.130526192220052,0.99144486137381));
#5754=DIRECTION('',(-1.0,2.22044604925031E-16,2.22044604925031E-16));
#5755=DIRECTION('',(2.22044604925031E-16,1.04002620399108E-46,1.0));
#5756=DIRECTION('',(1.0,-2.22044604925031E-16,-2.22044604925031E-16));
#5757=DIRECTION('',(2.22044604925031E-16,1.04002620399108E-46,1.0));
#5758=DIRECTION('',(-2.22044604925031E-16,-1.0,4.93038065763132E-32));
#5759=DIRECTION('',(-2.22044604925031E-16,-1.04002620399108E-46,-1.0));
#5760=DIRECTION('',(2.47871192749577E-16,0.124034734589208,0.992277876713668));
#5761=CARTESIAN_POINT('',(2.2,7.92344355629254,-1.9));
#5762=DIRECTION('',(1.0,-2.22044604925031E-16,-2.22044604925031E-16));
#5763=DIRECTION('',(2.22044604925031E-16,1.0,-4.93038065763132E-32));
#5764=DIRECTION('',(2.22044604925031E-16,1.0,-4.93038065763132E-32));
#5765=CARTESIAN_POINT('',(2.2,7.67655644370746,-1.9));
#5766=DIRECTION('',(-1.0,2.22044604925031E-16,2.22044604925031E-16));
#5767=DIRECTION('',(-2.22044604925031E-16,-1.0,4.93038065763132E-32));
#5768=DIRECTION('',(-1.92788705471893E-16,0.124034734589208,-0.992277876713668));
#5769=DIRECTION('',(1.0,-2.22044604925031E-16,-2.22044604925031E-16));
#5770=DIRECTION('',(-2.47871192749577E-16,-0.124034734589208,-0.992277876713668));
#5771=DIRECTION('',(1.0,-2.22044604925031E-16,-2.22044604925031E-16));
#5772=DIRECTION('',(-1.0,2.22044604925031E-16,2.22044604925031E-16));
#5773=DIRECTION('',(1.92788705471893E-16,-0.124034734589208,0.992277876713668));
#5774=DIRECTION('',(-1.0,2.22044604925031E-16,2.22044604925031E-16));
#5775=CARTESIAN_POINT('',(2.5,7.67655644370746,-1.9));
#5776=DIRECTION('',(-1.0,2.22044604925031E-16,2.22044604925031E-16));
#5777=DIRECTION('',(-2.22044604925031E-16,-1.0,4.93038065763132E-32));
#5778=DIRECTION('',(1.0,-2.22044604925031E-16,-2.22044604925031E-16));
#5779=DIRECTION('',(-2.22044604925031E-16,-1.0,4.93038065763132E-32));
#5780=CARTESIAN_POINT('',(2.5,7.92344355629254,-1.9));
#5781=DIRECTION('',(1.0,-2.22044604925031E-16,-2.22044604925031E-16));
#5782=DIRECTION('',(2.22044604925031E-16,1.0,-4.93038065763132E-32));
#5783=DIRECTION('',(-1.0,2.22044604925031E-16,2.22044604925031E-16));
#5784=DIRECTION('',(-2.22044604925031E-16,-1.04002620399108E-46,-1.0));
#5785=DIRECTION('',(-1.0,2.22044604925031E-16,2.22044604925031E-16));
#5786=DIRECTION('',(-2.22044604925031E-16,-1.04002620399108E-46,-1.0));
#5787=DIRECTION('',(1.0,-2.22044604925031E-16,-2.22044604925031E-16));
#5788=DIRECTION('',(2.22044604925031E-16,1.04002620399108E-46,1.0));
#5789=DIRECTION('',(-2.22044604925031E-16,-1.0,4.93038065763132E-32));
#5790=DIRECTION('',(2.22044604925031E-16,1.04002620399108E-46,1.0));
#5791=DIRECTION('',(2.47871192749577E-16,0.124034734589208,0.992277876713668));
#5792=CARTESIAN_POINT('',(2.2,2.9234435562925,-1.9));
#5793=DIRECTION('',(1.0,-2.22044604925031E-16,-2.22044604925031E-16));
#5794=DIRECTION('',(2.22044604925031E-16,1.0,-4.93038065763132E-32));
#5795=DIRECTION('',(2.22044604925031E-16,1.0,-4.93038065763132E-32));
#5796=CARTESIAN_POINT('',(2.2,2.6765564437075,-1.9));
#5797=DIRECTION('',(1.0,-2.22044604925031E-16,-2.22044604925031E-16));
#5798=DIRECTION('',(2.22044604925031E-16,1.0,-4.93038065763132E-32));
#5799=DIRECTION('',(-1.92788705471893E-16,0.124034734589208,-0.992277876713668));
#5800=DIRECTION('',(1.0,-2.22044604925031E-16,-2.22044604925031E-16));
#5801=DIRECTION('',(1.92788705471893E-16,-0.124034734589208,0.992277876713668));
#5802=DIRECTION('',(1.0,-2.22044604925031E-16,-2.22044604925031E-16));
#5803=CARTESIAN_POINT('',(2.5,2.6765564437075,-1.9));
#5804=DIRECTION('',(1.0,-2.22044604925031E-16,-2.22044604925031E-16));
#5805=DIRECTION('',(2.22044604925031E-16,1.0,-4.93038065763132E-32));
#5806=DIRECTION('',(1.0,-2.22044604925031E-16,-2.22044604925031E-16));
#5807=DIRECTION('',(-2.22044604925031E-16,-1.0,4.93038065763132E-32));
#5808=DIRECTION('',(1.0,-2.22044604925031E-16,-2.22044604925031E-16));
#5809=CARTESIAN_POINT('',(2.5,2.9234435562925,-1.9));
#5810=DIRECTION('',(1.0,-2.22044604925031E-16,-2.22044604925031E-16));
#5811=DIRECTION('',(2.22044604925031E-16,1.0,-4.93038065763132E-32));
#5812=DIRECTION('',(1.0,-2.22044604925031E-16,-2.22044604925031E-16));
#5813=DIRECTION('',(-2.47871192749577E-16,-0.124034734589208,-0.992277876713668));
#5814=DIRECTION('',(-1.0,2.22044604925031E-16,2.22044604925031E-16));
#5815=DIRECTION('',(-2.22044604925031E-16,-1.04002620399108E-46,-1.0));
#5816=CARTESIAN_POINT('',(4.0,0.0,0.899999999999999));
#5817=DIRECTION('',(-2.22044604925031E-16,-1.0,4.93038065763132E-32));
#5818=DIRECTION('',(-2.22044604925031E-16,-1.04002620399108E-46,-1.0));
#5819=DIRECTION('',(2.22044604925031E-16,1.0,-4.93038065763132E-32));
#5820=DIRECTION('',(-2.22044604925031E-16,-1.04002620399108E-46,-1.0));
#5821=DIRECTION('',(0.500000000000001,-0.866025403784438,-1.11022302462516E-16));
#5822=DIRECTION('',(2.22044604925031E-16,1.04002620399108E-46,1.0));
#5823=DIRECTION('',(0.500000000000001,-0.866025403784438,-1.11022302462516E-16));
#5824=DIRECTION('',(-1.0,2.22044604925031E-16,2.22044604925031E-16));
#5825=DIRECTION('',(2.22044604925031E-16,1.0,-4.93038065763132E-32));
#5826=DIRECTION('',(1.0,-2.22044604925031E-16,-2.22044604925031E-16));
#5827=DIRECTION('',(2.22044604925031E-16,1.0,-4.93038065763132E-32));
#5828=DIRECTION('',(2.22044604925031E-16,1.0,-4.93038065763132E-32));
#5829=CARTESIAN_POINT('',(1.5,0.0,1.6));
#5830=DIRECTION('',(2.22044604925031E-16,1.0,-4.93038065763132E-32));
#5831=DIRECTION('',(2.22044604925031E-16,1.04002620399108E-46,1.0));
#5832=CARTESIAN_POINT('',(0.900000000000003,1.1803847577293,0.9291796067501));
#5833=DIRECTION('',(-2.22044604925031E-16,-1.0,4.93038065763132E-32));
#5834=DIRECTION('',(2.22044604925031E-16,1.04002620399108E-46,1.0));
#5835=DIRECTION('',(2.22044604925031E-16,1.0,-4.93038065763132E-32));
#5836=CARTESIAN_POINT('',(0.900000000000003,0.0,0.9291796067501));
#5837=DIRECTION('',(2.22044604925031E-16,1.0,-4.93038065763132E-32));
#5838=DIRECTION('',(-2.22044604925031E-16,-1.04002620399108E-46,-1.0));
#5839=CARTESIAN_POINT('',(1.5,0.0,0.899999999999999));
#5840=DIRECTION('',(-2.22044604925031E-16,-1.0,4.93038065763132E-32));
#5841=DIRECTION('',(-2.22044604925031E-16,-1.04002620399108E-46,-1.0));
#5842=DIRECTION('',(2.22044604925031E-16,1.0,-4.93038065763132E-32));
#5843=CARTESIAN_POINT('',(1.5,1.7,0.899999999999999));
#5844=DIRECTION('',(-2.22044604925031E-16,-1.0,4.93038065763132E-32));
#5845=DIRECTION('',(2.22044604925031E-16,1.04002620399108E-46,1.0));
#5846=DIRECTION('',(0.333333333333343,-0.866025403784439,0.372677996249956));
#5847=DIRECTION('',(-2.22044604925031E-16,-1.04002620399108E-46,-1.0));
#5848=DIRECTION('',(2.22044604925031E-16,1.0,-4.93038065763132E-32));
#5849=DIRECTION('',(2.22044604925031E-16,1.04002620399108E-46,1.0));
#5850=DIRECTION('',(2.22044604925031E-16,1.0,-4.93038065763132E-32));
#5851=CARTESIAN_POINT('',(0.900000000000004,1.7,1.5708203932499));
#5852=DIRECTION('',(2.22044604925031E-16,1.0,-4.93038065763132E-32));
#5853=DIRECTION('',(-2.22044604925031E-16,-9.71603427412715E-47,-1.0));
#5854=CARTESIAN_POINT('',(0.900000000000004,2.4,1.5708203932499));
#5855=DIRECTION('',(2.22044604925031E-16,1.0,-4.93038065763132E-32));
#5856=DIRECTION('',(-2.22044604925031E-16,-9.71603427412715E-47,-1.0));
#5857=DIRECTION('',(-0.500000000000001,-0.866025403784438,1.11022302462516E-16));
#5858=CARTESIAN_POINT('',(0.900000000000004,1.1803847577293,1.5708203932499));
#5859=DIRECTION('',(-2.22044604925031E-16,-1.0,4.93038065763132E-32));
#5860=DIRECTION('',(2.22044604925031E-16,1.04002620399108E-46,1.0));
#5861=CARTESIAN_POINT('',(1.5,2.4,0.899999999999999));
#5862=DIRECTION('',(-2.22044604925031E-16,-1.0,4.93038065763132E-32));
#5863=DIRECTION('',(2.22044604925031E-16,1.04002620399108E-46,1.0));
#5864=DIRECTION('',(2.22044604925031E-16,1.0,-4.93038065763132E-32));
#5865=CARTESIAN_POINT('',(0.900000000000004,2.4,0.9291796067501));
#5866=DIRECTION('',(2.22044604925031E-16,1.0,-4.93038065763132E-32));
#5867=DIRECTION('',(-2.22044604925031E-16,-9.71603427412715E-47,-1.0));
#5868=CARTESIAN_POINT('',(0.900000000000004,1.7,0.9291796067501));
#5869=DIRECTION('',(2.22044604925031E-16,1.0,-4.93038065763132E-32));
#5870=DIRECTION('',(-2.22044604925031E-16,-9.71603427412715E-47,-1.0));
#5871=DIRECTION('',(2.22044604925031E-16,1.0,-4.93038065763132E-32));
#5872=DIRECTION('',(2.22044604925031E-16,1.0,-4.93038065763132E-32));
#5873=CARTESIAN_POINT('',(2.1,1.7,1.5708203932499));
#5874=DIRECTION('',(2.22044604925031E-16,1.0,-4.93038065763132E-32));
#5875=DIRECTION('',(-2.22044604925031E-16,-9.71603427412715E-47,-1.0));
#5876=CARTESIAN_POINT('',(2.1,2.4,1.5708203932499));
#5877=DIRECTION('',(2.22044604925031E-16,1.0,-4.93038065763132E-32));
#5878=DIRECTION('',(-2.22044604925031E-16,-9.71603427412715E-47,-1.0));
#5879=DIRECTION('',(2.22044604925031E-16,1.0,-4.93038065763132E-32));
#5880=CARTESIAN_POINT('',(4.6,1.7,0.9291796067501));
#5881=DIRECTION('',(-2.22044604925031E-16,-1.0,4.93038065763132E-32));
#5882=DIRECTION('',(2.22044604925031E-16,9.71603427412715E-47,1.0));
#5883=DIRECTION('',(2.22044604925031E-16,1.0,-4.93038065763132E-32));
#5884=CARTESIAN_POINT('',(4.6,2.4,0.9291796067501));
#5885=DIRECTION('',(2.22044604925031E-16,1.0,-4.93038065763132E-32));
#5886=DIRECTION('',(-2.22044604925031E-16,-9.71603427412715E-47,-1.0));
#5887=DIRECTION('',(-2.22044604925031E-16,-1.04002620399108E-46,-1.0));
#5888=DIRECTION('',(0.500000000000001,-0.866025403784438,-1.11022302462516E-16));
#5889=DIRECTION('',(2.22044604925031E-16,1.04002620399108E-46,1.0));
#5890=DIRECTION('',(0.500000000000001,-0.866025403784438,-1.11022302462516E-16));
#5891=DIRECTION('',(-2.22044604925031E-16,-1.04002620399108E-46,-1.0));
#5892=DIRECTION('',(2.22044604925031E-16,1.0,-4.93038065763132E-32));
#5893=DIRECTION('',(2.22044604925031E-16,1.0,-4.93038065763132E-32));
#5894=CARTESIAN_POINT('',(2.1,2.4,0.9291796067501));
#5895=DIRECTION('',(2.22044604925031E-16,1.0,-4.93038065763132E-32));
#5896=DIRECTION('',(-2.22044604925031E-16,-9.71603427412715E-47,-1.0));
#5897=DIRECTION('',(2.22044604925031E-16,1.0,-4.93038065763132E-32));
#5898=CARTESIAN_POINT('',(2.1,1.7,0.9291796067501));
#5899=DIRECTION('',(-2.22044604925031E-16,-1.0,4.93038065763132E-32));
#5900=DIRECTION('',(2.22044604925031E-16,9.71603427412715E-47,1.0));
#5901=DIRECTION('',(-2.22044604925031E-16,-1.04002620399108E-46,-1.0));
#5902=DIRECTION('',(2.22044604925031E-16,1.0,-4.93038065763132E-32));
#5903=CARTESIAN_POINT('',(1.5,1.7,1.6));
#5904=DIRECTION('',(2.22044604925031E-16,1.0,-4.93038065763132E-32));
#5905=DIRECTION('',(-2.22044604925031E-16,-1.04002620399108E-46,-1.0));
#5906=CARTESIAN_POINT('',(1.5,2.4,1.6));
#5907=DIRECTION('',(2.22044604925031E-16,1.0,-4.93038065763132E-32));
#5908=DIRECTION('',(-2.22044604925031E-16,-1.04002620399108E-46,-1.0));
#5909=DIRECTION('',(-1.0,2.22044604925031E-16,2.22044604925031E-16));
#5910=DIRECTION('',(2.22044604925031E-16,1.0,-4.93038065763132E-32));
#5911=CARTESIAN_POINT('',(1.5,2.4,1.6));
#5912=DIRECTION('',(2.22044604925031E-16,1.0,-4.93038065763132E-32));
#5913=DIRECTION('',(-2.22044604925031E-16,-1.04002620399108E-46,-1.0));
#5914=DIRECTION('',(-0.500000000000001,-0.866025403784438,1.11022302462516E-16));
#5915=DIRECTION('',(0.333333333333343,-0.866025403784439,-0.372677996249955));
#5916=CARTESIAN_POINT('',(0.900000000000003,0.0,1.5708203932499));
#5917=DIRECTION('',(2.22044604925031E-16,1.0,-4.93038065763132E-32));
#5918=DIRECTION('',(-2.22044604925031E-16,-1.04002620399108E-46,-1.0));
#5919=DIRECTION('',(2.22044604925031E-16,1.0,-4.93038065763132E-32));
#5920=DIRECTION('',(2.22044604925031E-16,1.04002620399108E-46,1.0));
#5921=DIRECTION('',(-2.22044604925031E-16,-1.04002620399108E-46,-1.0));
#5922=DIRECTION('',(-1.0,2.22044604925031E-16,2.22044604925031E-16));
#5923=DIRECTION('',(-1.57009245868377E-16,-0.965925826289069,0.25881904510252));
#5924=DIRECTION('',(-1.0,2.22044604925031E-16,2.22044604925031E-16));
#5925=DIRECTION('',(-1.57009245868378E-16,-0.965925826289069,0.25881904510252));
#5926=DIRECTION('',(-1.0,2.22044604925031E-16,2.22044604925031E-16));
#5927=CARTESIAN_POINT('',(2.4,1.2,2.6));
#5928=DIRECTION('',(-2.22044604925031E-16,-1.0,4.93038065763132E-32));
#5929=DIRECTION('',(2.22044604925031E-16,9.71603427412715E-47,1.0));
#5930=DIRECTION('',(2.22044604925031E-16,1.04002620399108E-46,1.0));
#5931=CARTESIAN_POINT('',(2.4,1.2,3.4));
#5932=DIRECTION('',(-2.22044604925031E-16,-1.0,4.93038065763132E-32));
#5933=DIRECTION('',(2.22044604925031E-16,9.71603427412715E-47,1.0));
#5934=DIRECTION('',(-1.0,2.22044604925031E-16,2.22044604925031E-16));
#5935=CARTESIAN_POINT('',(0.600000000000004,1.2,3.4));
#5936=DIRECTION('',(2.22044604925031E-16,1.0,-4.93038065763132E-32));
#5937=DIRECTION('',(-2.22044604925031E-16,-9.71603427412715E-47,-1.0));
#5938=DIRECTION('',(-2.22044604925031E-16,-1.04002620399108E-46,-1.0));
#5939=CARTESIAN_POINT('',(0.600000000000004,1.2,2.6));
#5940=DIRECTION('',(2.22044604925031E-16,1.0,-4.93038065763132E-32));
#5941=DIRECTION('',(-2.22044604925031E-16,-9.71603427412715E-47,-1.0));
#5942=DIRECTION('',(2.22044604925031E-16,1.0,-4.93038065763132E-32));
#5943=DIRECTION('',(1.0,-2.22044604925031E-16,-2.22044604925031E-16));
#5944=DIRECTION('',(-2.22044604925031E-16,-1.0,4.93038065763132E-32));
#5945=DIRECTION('',(2.22044604925031E-16,1.0,-4.93038065763132E-32));
#5946=CARTESIAN_POINT('',(0.600000000000004,0.0,2.6));
#5947=DIRECTION('',(2.22044604925031E-16,1.0,-4.93038065763132E-32));
#5948=DIRECTION('',(-2.22044604925031E-16,-9.71603427412715E-47,-1.0));
#5949=DIRECTION('',(2.22044604925031E-16,1.0,-4.93038065763132E-32));
#5950=DIRECTION('',(-1.57009245868378E-16,-0.965925826289069,0.25881904510252));
#5951=DIRECTION('',(-2.22044604925031E-16,-1.04002620399108E-46,-1.0));
#5952=CARTESIAN_POINT('',(0.600000000000004,0.0,3.637626655147));
#5953=DIRECTION('',(-2.22044604925031E-16,-1.0,4.93038065763132E-32));
#5954=DIRECTION('',(-2.22044604925031E-16,-1.04002620399108E-46,-1.0));
#5955=CARTESIAN_POINT('',(0.600000000000004,0.886834750241301,3.4));
#5956=DIRECTION('',(-1.9116234576483E-16,-0.99144486137381,0.130526192220052));
#5957=DIRECTION('',(2.4912761933257E-16,0.130526192220052,0.99144486137381));
#5958=DIRECTION('',(2.22044604925031E-16,1.0,-4.93038065763132E-32));
#5959=DIRECTION('',(-2.22044604925031E-16,-1.0,4.93038065763132E-32));
#5960=DIRECTION('',(2.22044604925031E-16,1.0,-4.93038065763132E-32));
#5961=CARTESIAN_POINT('',(0.300000000000006,10.0,4.7));
#5962=DIRECTION('',(2.22044604925031E-16,1.0,-4.93038065763132E-32));
#5963=DIRECTION('',(-2.22044604925031E-16,-1.13125657276222E-46,-1.0));
#5964=CARTESIAN_POINT('',(0.300000000000004,0.0,4.7));
#5965=DIRECTION('',(2.22044604925031E-16,1.0,-4.93038065763132E-32));
#5966=DIRECTION('',(-2.22044604925031E-16,-1.13125657276222E-46,-1.0));
#5967=DIRECTION('',(2.22044604925031E-16,1.0,-4.93038065763132E-32));
#5968=DIRECTION('',(2.22044604925031E-16,1.04002620399108E-46,1.0));
#5969=DIRECTION('',(-2.22044604925031E-16,-1.0,4.93038065763132E-32));
#5970=CARTESIAN_POINT('',(1.90000000000001,6.1,4.390594687687));
#5971=DIRECTION('',(2.22044604925031E-16,1.0263416486754E-46,1.0));
#5972=DIRECTION('',(2.22044604925031E-16,1.0,-4.93038065763132E-32));
#5973=DIRECTION('',(2.22044604925031E-16,1.04002620399108E-46,1.0));
#5974=CARTESIAN_POINT('',(1.90000000000001,6.1,5.0));
#5975=DIRECTION('',(2.22044604925031E-16,1.0263416486754E-46,1.0));
#5976=DIRECTION('',(2.22044604925031E-16,1.0,-4.93038065763132E-32));
#5977=DIRECTION('',(1.0,-2.22044604925031E-16,-2.22044604925031E-16));
#5978=DIRECTION('',(-2.22044604925031E-16,-1.04002620399108E-46,-1.0));
#5979=DIRECTION('',(-1.0,2.22044604925031E-16,2.22044604925031E-16));
#5980=CARTESIAN_POINT('',(1.10000000000001,6.9,4.390594687687));
#5981=DIRECTION('',(-2.22044604925031E-16,-1.0263416486754E-46,-1.0));
#5982=DIRECTION('',(-2.22044604925031E-16,-1.0,4.93038065763132E-32));
#5983=DIRECTION('',(2.22044604925031E-16,1.0,-4.93038065763132E-32));
#5984=CARTESIAN_POINT('',(1.10000000000001,6.1,4.390594687687));
#5985=DIRECTION('',(-2.22044604925031E-16,-1.0263416486754E-46,-1.0));
#5986=DIRECTION('',(-2.22044604925031E-16,-1.0,4.93038065763132E-32));
#5987=DIRECTION('',(-1.0,2.22044604925031E-16,2.22044604925031E-16));
#5988=CARTESIAN_POINT('',(1.10000000000001,6.9,5.0));
#5989=DIRECTION('',(-2.22044604925031E-16,-1.0263416486754E-46,-1.0));
#5990=DIRECTION('',(-2.22044604925031E-16,-1.0,4.93038065763132E-32));
#5991=DIRECTION('',(-2.22044604925031E-16,-1.04002620399108E-46,-1.0));
#5992=DIRECTION('',(2.22044604925031E-16,1.0,-4.93038065763132E-32));
#5993=DIRECTION('',(-2.22044604925031E-16,-1.04002620399108E-46,-1.0));
#5994=CARTESIAN_POINT('',(1.10000000000001,6.1,5.0));
#5995=DIRECTION('',(-2.22044604925031E-16,-1.0263416486754E-46,-1.0));
#5996=DIRECTION('',(-2.22044604925031E-16,-1.0,4.93038065763132E-32));
#5997=DIRECTION('',(-2.22044604925031E-16,-1.04002620399108E-46,-1.0));
#5998=DIRECTION('',(-1.0,2.22044604925031E-16,2.22044604925031E-16));
#5999=DIRECTION('',(-1.0,2.22044604925031E-16,2.22044604925031E-16));
#6000=DIRECTION('',(1.0,-2.22044604925031E-16,-2.22044604925031E-16));
#6001=DIRECTION('',(-2.22044604925031E-16,-1.04002620399108E-46,-1.0));
#6002=CARTESIAN_POINT('',(5.2,0.0,4.7));
#6003=DIRECTION('',(-2.22044604925031E-16,-1.0,4.93038065763132E-32));
#6004=DIRECTION('',(2.22044604925031E-16,1.13125657276222E-46,1.0));
#6005=CARTESIAN_POINT('',(2.4,0.0,3.637626655147));
#6006=DIRECTION('',(-2.22044604925031E-16,-1.0,4.93038065763132E-32));
#6007=DIRECTION('',(-2.22044604925031E-16,-1.04002620399108E-46,-1.0));
#6008=DIRECTION('',(2.22044604925031E-16,1.04002620399108E-46,1.0));
#6009=CARTESIAN_POINT('',(2.4,0.0,2.6));
#6010=DIRECTION('',(-2.22044604925031E-16,-1.0,4.93038065763132E-32));
#6011=DIRECTION('',(2.22044604925031E-16,9.71603427412715E-47,1.0));
#6012=CARTESIAN_POINT('',(4.6,0.0,1.5708203932499));
#6013=DIRECTION('',(2.22044604925031E-16,1.0,-4.93038065763132E-32));
#6014=DIRECTION('',(-2.22044604925031E-16,-1.04002620399108E-46,-1.0));
#6015=DIRECTION('',(-2.22044604925031E-16,-1.04002620399108E-46,-1.0));
#6016=CARTESIAN_POINT('',(4.6,0.0,0.9291796067501));
#6017=DIRECTION('',(2.22044604925031E-16,1.0,-4.93038065763132E-32));
#6018=DIRECTION('',(-2.22044604925031E-16,-1.04002620399108E-46,-1.0));
#6019=CARTESIAN_POINT('',(4.0,0.0,1.6));
#6020=DIRECTION('',(2.22044604925031E-16,1.0,-4.93038065763132E-32));
#6021=DIRECTION('',(2.22044604925031E-16,1.04002620399108E-46,1.0));
#6022=CARTESIAN_POINT('',(3.4,0.0,0.9291796067501));
#6023=DIRECTION('',(2.22044604925031E-16,1.0,-4.93038065763132E-32));
#6024=DIRECTION('',(-2.22044604925031E-16,-1.04002620399108E-46,-1.0));
#6025=DIRECTION('',(2.22044604925031E-16,1.04002620399108E-46,1.0));
#6026=CARTESIAN_POINT('',(3.4,0.0,1.5708203932499));
#6027=DIRECTION('',(2.22044604925031E-16,1.0,-4.93038065763132E-32));
#6028=DIRECTION('',(-2.22044604925031E-16,-1.04002620399108E-46,-1.0));
#6029=DIRECTION('',(1.0,-2.22044604925031E-16,-2.22044604925031E-16));
#6030=DIRECTION('',(-2.22044604925031E-16,-1.04002620399108E-46,-1.0));
#6031=CARTESIAN_POINT('',(4.9,0.0,2.6));
#6032=DIRECTION('',(-2.22044604925031E-16,-1.0,4.93038065763132E-32));
#6033=DIRECTION('',(2.22044604925031E-16,9.71603427412715E-47,1.0));
#6034=DIRECTION('',(-1.0,2.22044604925031E-16,2.22044604925031E-16));
#6035=CARTESIAN_POINT('',(3.1,0.0,2.6));
#6036=DIRECTION('',(-2.22044604925031E-16,-1.0,4.93038065763132E-32));
#6037=DIRECTION('',(2.22044604925031E-16,9.71603427412715E-47,1.0));
#6038=DIRECTION('',(-2.22044604925031E-16,-1.04002620399108E-46,-1.0));
#6039=CARTESIAN_POINT('',(3.1,0.0,3.637626655147));
#6040=DIRECTION('',(-2.22044604925031E-16,-1.0,4.93038065763132E-32));
#6041=DIRECTION('',(-2.22044604925031E-16,-1.04002620399108E-46,-1.0));
#6042=CARTESIAN_POINT('',(2.1,0.0,1.5708203932499));
#6043=DIRECTION('',(2.22044604925031E-16,1.0,-4.93038065763132E-32));
#6044=DIRECTION('',(-2.22044604925031E-16,-1.04002620399108E-46,-1.0));
#6045=DIRECTION('',(-2.22044604925031E-16,-1.04002620399108E-46,-1.0));
#6046=CARTESIAN_POINT('',(2.1,0.0,0.9291796067501));
#6047=DIRECTION('',(2.22044604925031E-16,1.0,-4.93038065763132E-32));
#6048=DIRECTION('',(-2.22044604925031E-16,-1.04002620399108E-46,-1.0));
#6049=DIRECTION('',(1.0,-2.22044604925031E-16,-2.22044604925031E-16));
#6050=DIRECTION('',(-2.22044604925031E-16,-1.0,4.93038065763132E-32));
#6051=DIRECTION('',(1.0,-2.22044604925031E-16,-2.22044604925031E-16));
#6052=CARTESIAN_POINT('',(4.40000000000001,6.9,5.0));
#6053=DIRECTION('',(-2.22044604925031E-16,-1.0263416486754E-46,-1.0));
#6054=DIRECTION('',(-2.22044604925031E-16,-1.0,4.93038065763132E-32));
#6055=DIRECTION('',(-2.22044604925031E-16,-1.0,4.93038065763132E-32));
#6056=CARTESIAN_POINT('',(4.40000000000001,6.1,5.0));
#6057=DIRECTION('',(-2.22044604925031E-16,-1.0263416486754E-46,-1.0));
#6058=DIRECTION('',(-2.22044604925031E-16,-1.0,4.93038065763132E-32));
#6059=DIRECTION('',(1.0,-2.22044604925031E-16,-2.22044604925031E-16));
#6060=CARTESIAN_POINT('',(3.60000000000001,6.1,5.0));
#6061=DIRECTION('',(-2.22044604925031E-16,-1.0263416486754E-46,-1.0));
#6062=DIRECTION('',(-2.22044604925031E-16,-1.0,4.93038065763132E-32));
#6063=DIRECTION('',(-2.22044604925031E-16,-1.0,4.93038065763132E-32));
#6064=CARTESIAN_POINT('',(3.60000000000001,6.9,5.0));
#6065=DIRECTION('',(2.22044604925031E-16,1.0263416486754E-46,1.0));
#6066=DIRECTION('',(2.22044604925031E-16,1.0,-4.93038065763132E-32));
#6067=DIRECTION('',(1.0,-2.22044604925031E-16,-2.22044604925031E-16));
#6068=CARTESIAN_POINT('',(5.20000000000001,10.0,4.7));
#6069=DIRECTION('',(-2.22044604925031E-16,-1.0,4.93038065763132E-32));
#6070=DIRECTION('',(2.22044604925031E-16,1.13125657276222E-46,1.0));
#6071=DIRECTION('',(2.22044604925031E-16,1.04002620399108E-46,1.0));
#6072=DIRECTION('',(2.22044604925031E-16,1.0,-4.93038065763132E-32));
#6073=DIRECTION('',(-1.0,2.22044604925031E-16,2.22044604925031E-16));
#6074=DIRECTION('',(-2.22044604925031E-16,-1.0,4.93038065763132E-32));
#6075=DIRECTION('',(1.0,-2.22044604925031E-16,-2.22044604925031E-16));
#6076=DIRECTION('',(2.22044604925031E-16,1.0,-4.93038065763132E-32));
#6077=DIRECTION('',(-1.0,2.22044604925031E-16,2.22044604925031E-16));
#6078=DIRECTION('',(-2.22044604925031E-16,-1.0,4.93038065763132E-32));
#6079=DIRECTION('',(1.0,-2.22044604925031E-16,-2.22044604925031E-16));
#6080=DIRECTION('',(2.22044604925031E-16,1.0,-4.93038065763132E-32));
#6081=DIRECTION('',(2.22044604925031E-16,1.0,-4.93038065763132E-32));
#6082=DIRECTION('',(2.22044604925031E-16,1.0,-4.93038065763132E-32));
#6083=CARTESIAN_POINT('',(3.4,1.7,0.9291796067501));
#6084=DIRECTION('',(2.22044604925031E-16,1.0,-4.93038065763132E-32));
#6085=DIRECTION('',(-2.22044604925031E-16,-9.71603427412715E-47,-1.0));
#6086=DIRECTION('',(-0.500000000000001,-0.866025403784438,1.11022302462516E-16));
#6087=CARTESIAN_POINT('',(3.4,1.1803847577293,0.9291796067501));
#6088=DIRECTION('',(-2.22044604925031E-16,-1.0,4.93038065763132E-32));
#6089=DIRECTION('',(2.22044604925031E-16,1.04002620399108E-46,1.0));
#6090=DIRECTION('',(0.333333333333343,-0.866025403784439,-0.372677996249955));
#6091=CARTESIAN_POINT('',(4.0,1.7,1.6));
#6092=DIRECTION('',(-2.22044604925031E-16,-1.0,4.93038065763132E-32));
#6093=DIRECTION('',(2.22044604925031E-16,1.04002620399108E-46,1.0));
#6094=DIRECTION('',(-2.22044604925031E-16,-1.0,4.93038065763132E-32));
#6095=DIRECTION('',(-2.22044604925031E-16,-1.0,4.93038065763132E-32));
#6096=CARTESIAN_POINT('',(3.1,1.2,2.6));
#6097=DIRECTION('',(-2.22044604925031E-16,-1.0,4.93038065763132E-32));
#6098=DIRECTION('',(2.22044604925031E-16,9.71603427412715E-47,1.0));
#6099=DIRECTION('',(1.57009245868378E-16,0.965925826289069,-0.25881904510252));
#6100=DIRECTION('',(1.57009245868378E-16,0.965925826289069,-0.25881904510252));
#6101=CARTESIAN_POINT('',(3.1,0.886834750241301,3.4));
#6102=DIRECTION('',(1.9116234576483E-16,0.99144486137381,-0.130526192220052));
#6103=DIRECTION('',(2.4912761933257E-16,0.130526192220052,0.99144486137381));
#6104=DIRECTION('',(-2.22044604925031E-16,-1.0,4.93038065763132E-32));
#6105=CARTESIAN_POINT('',(4.9,1.2,2.6));
#6106=DIRECTION('',(-2.22044604925031E-16,-1.0,4.93038065763132E-32));
#6107=DIRECTION('',(2.22044604925031E-16,9.71603427412715E-47,1.0));
#6108=DIRECTION('',(-2.22044604925031E-16,-1.0,4.93038065763132E-32));
#6109=CARTESIAN_POINT('',(3.1,1.2,3.4));
#6110=DIRECTION('',(2.22044604925031E-16,1.0,-4.93038065763132E-32));
#6111=DIRECTION('',(-2.22044604925031E-16,-9.71603427412715E-47,-1.0));
#6112=DIRECTION('',(2.22044604925031E-16,1.04002620399108E-46,1.0));
#6113=DIRECTION('',(1.0,-2.22044604925031E-16,-2.22044604925031E-16));
#6114=DIRECTION('',(2.22044604925031E-16,1.04002620399108E-46,1.0));
#6115=CARTESIAN_POINT('',(4.9,1.2,3.4));
#6116=DIRECTION('',(2.22044604925031E-16,1.0,-4.93038065763132E-32));
#6117=DIRECTION('',(-2.22044604925031E-16,-9.71603427412715E-47,-1.0));
#6118=CARTESIAN_POINT('',(4.0,2.4,1.6));
#6119=DIRECTION('',(2.22044604925031E-16,1.0,-4.93038065763132E-32));
#6120=DIRECTION('',(-2.22044604925031E-16,-1.04002620399108E-46,-1.0));
#6121=DIRECTION('',(2.22044604925031E-16,1.0,-4.93038065763132E-32));
#6122=DIRECTION('',(2.22044604925031E-16,1.0,-4.93038065763132E-32));
#6123=DIRECTION('',(-1.0,2.22044604925031E-16,2.22044604925031E-16));
#6124=DIRECTION('',(2.22044604925031E-16,1.0,-4.93038065763132E-32));
#6125=DIRECTION('',(2.22044604925031E-16,1.0,-4.93038065763132E-32));
#6126=DIRECTION('',(2.22044604925031E-16,1.0,-4.93038065763132E-32));
#6127=DIRECTION('',(2.22044604925031E-16,1.0,-4.93038065763132E-32));
#6128=DIRECTION('',(-2.22044604925031E-16,-1.04002620399108E-46,-1.0));
#6129=DIRECTION('',(2.22044604925031E-16,1.0,-4.93038065763132E-32));
#6130=CARTESIAN_POINT('',(3.4,2.4,0.9291796067501));
#6131=DIRECTION('',(2.22044604925031E-16,1.0,-4.93038065763132E-32));
#6132=DIRECTION('',(-2.22044604925031E-16,-9.71603427412715E-47,-1.0));
#6133=DIRECTION('',(2.22044604925031E-16,1.0,-4.93038065763132E-32));
#6134=CARTESIAN_POINT('',(4.6,1.1803847577293,0.9291796067501));
#6135=DIRECTION('',(-2.22044604925031E-16,-1.0,4.93038065763132E-32));
#6136=DIRECTION('',(2.22044604925031E-16,1.04002620399108E-46,1.0));
#6137=CARTESIAN_POINT('',(4.0,2.4,1.6));
#6138=DIRECTION('',(2.22044604925031E-16,1.0,-4.93038065763132E-32));
#6139=DIRECTION('',(-2.22044604925031E-16,-1.04002620399108E-46,-1.0));
#6140=DIRECTION('',(2.22044604925031E-16,1.04002620399108E-46,1.0));
#6141=DIRECTION('',(2.47871192749577E-16,0.124034734589208,0.992277876713668));
#6142=CARTESIAN_POINT('',(4.7,7.92344355629254,-1.9));
#6143=DIRECTION('',(1.0,-2.22044604925031E-16,-2.22044604925031E-16));
#6144=DIRECTION('',(2.22044604925031E-16,1.0,-4.93038065763132E-32));
#6145=DIRECTION('',(2.22044604925031E-16,1.0,-4.93038065763132E-32));
#6146=CARTESIAN_POINT('',(4.7,7.67655644370746,-1.9));
#6147=DIRECTION('',(-1.0,2.22044604925031E-16,2.22044604925031E-16));
#6148=DIRECTION('',(-2.22044604925031E-16,-1.0,4.93038065763132E-32));
#6149=DIRECTION('',(-1.92788705471893E-16,0.124034734589208,-0.992277876713668));
#6150=DIRECTION('',(-2.22044604925031E-16,-1.04002620399108E-46,-1.0));
#6151=DIRECTION('',(-1.0,2.22044604925031E-16,2.22044604925031E-16));
#6152=DIRECTION('',(-2.22044604925031E-16,-1.04002620399108E-46,-1.0));
#6153=DIRECTION('',(1.92788705471893E-16,-0.124034734589208,0.992277876713668));
#6154=CARTESIAN_POINT('',(5.0,7.67655644370746,-1.9));
#6155=DIRECTION('',(-1.0,2.22044604925031E-16,2.22044604925031E-16));
#6156=DIRECTION('',(-2.22044604925031E-16,-1.0,4.93038065763132E-32));
#6157=DIRECTION('',(-2.22044604925031E-16,-1.0,4.93038065763132E-32));
#6158=CARTESIAN_POINT('',(5.0,7.92344355629254,-1.9));
#6159=DIRECTION('',(1.0,-2.22044604925031E-16,-2.22044604925031E-16));
#6160=DIRECTION('',(2.22044604925031E-16,1.0,-4.93038065763132E-32));
#6161=DIRECTION('',(-2.47871192749577E-16,-0.124034734589208,-0.992277876713668));
#6162=DIRECTION('',(-2.22044604925031E-16,-1.04002620399108E-46,-1.0));
#6163=DIRECTION('',(1.0,-2.22044604925031E-16,-2.22044604925031E-16));
#6164=DIRECTION('',(1.0,-2.22044604925031E-16,-2.22044604925031E-16));
#6165=DIRECTION('',(1.0,-2.22044604925031E-16,-2.22044604925031E-16));
#6166=DIRECTION('',(-1.0,2.22044604925031E-16,2.22044604925031E-16));
#6167=DIRECTION('',(-1.0,2.22044604925031E-16,2.22044604925031E-16));
#6168=DIRECTION('',(-2.22044604925031E-16,-1.04002620399108E-46,-1.0));
#6169=DIRECTION('',(2.22044604925031E-16,1.04002620399108E-46,1.0));
#6170=DIRECTION('',(1.92788705471893E-16,-0.124034734589208,0.992277876713668));
#6171=CARTESIAN_POINT('',(5.0,2.6765564437075,-1.9));
#6172=DIRECTION('',(1.0,-2.22044604925031E-16,-2.22044604925031E-16));
#6173=DIRECTION('',(2.22044604925031E-16,1.0,-4.93038065763132E-32));
#6174=DIRECTION('',(-2.22044604925031E-16,-1.0,4.93038065763132E-32));
#6175=CARTESIAN_POINT('',(5.0,2.9234435562925,-1.9));
#6176=DIRECTION('',(1.0,-2.22044604925031E-16,-2.22044604925031E-16));
#6177=DIRECTION('',(2.22044604925031E-16,1.0,-4.93038065763132E-32));
#6178=DIRECTION('',(-2.47871192749577E-16,-0.124034734589208,-0.992277876713668));
#6179=DIRECTION('',(2.47871192749577E-16,0.124034734589208,0.992277876713668));
#6180=DIRECTION('',(1.0,-2.22044604925031E-16,-2.22044604925031E-16));
#6181=DIRECTION('',(1.0,-2.22044604925031E-16,-2.22044604925031E-16));
#6182=DIRECTION('',(-1.92788705471893E-16,0.124034734589208,-0.992277876713668));
#6183=DIRECTION('',(1.0,-2.22044604925031E-16,-2.22044604925031E-16));
#6184=DIRECTION('',(-1.0,2.22044604925031E-16,2.22044604925031E-16));
#6185=CARTESIAN_POINT('',(4.7,2.6765564437075,-1.9));
#6186=DIRECTION('',(1.0,-2.22044604925031E-16,-2.22044604925031E-16));
#6187=DIRECTION('',(2.22044604925031E-16,1.0,-4.93038065763132E-32));
#6188=DIRECTION('',(1.0,-2.22044604925031E-16,-2.22044604925031E-16));
#6189=DIRECTION('',(2.22044604925031E-16,1.0,-4.93038065763132E-32));
#6190=DIRECTION('',(1.0,-2.22044604925031E-16,-2.22044604925031E-16));
#6191=CARTESIAN_POINT('',(4.7,2.9234435562925,-1.9));
#6192=DIRECTION('',(1.0,-2.22044604925031E-16,-2.22044604925031E-16));
#6193=DIRECTION('',(2.22044604925031E-16,1.0,-4.93038065763132E-32));
#6194=DIRECTION('',(2.22044604925031E-16,1.04002620399108E-46,1.0));
#6195=DIRECTION('',(-2.22044604925031E-16,-1.04002620399108E-46,-1.0));
#6196=DIRECTION('',(2.22044604925031E-16,1.0,-4.93038065763132E-32));
#6197=CARTESIAN_POINT('',(3.60000000000001,6.1,4.390594687687));
#6198=DIRECTION('',(-2.22044604925031E-16,-1.0263416486754E-46,-1.0));
#6199=DIRECTION('',(-2.22044604925031E-16,-1.0,4.93038065763132E-32));
#6200=DIRECTION('',(-1.0,2.22044604925031E-16,2.22044604925031E-16));
#6201=CARTESIAN_POINT('',(4.40000000000001,6.1,4.390594687687));
#6202=DIRECTION('',(-2.22044604925031E-16,-1.0263416486754E-46,-1.0));
#6203=DIRECTION('',(-2.22044604925031E-16,-1.0,4.93038065763132E-32));
#6204=DIRECTION('',(-2.22044604925031E-16,-1.0,4.93038065763132E-32));
#6205=CARTESIAN_POINT('',(4.40000000000001,6.9,4.390594687687));
#6206=DIRECTION('',(-2.22044604925031E-16,-1.0263416486754E-46,-1.0));
#6207=DIRECTION('',(-2.22044604925031E-16,-1.0,4.93038065763132E-32));
#6208=DIRECTION('',(1.0,-2.22044604925031E-16,-2.22044604925031E-16));
#6209=CARTESIAN_POINT('',(3.60000000000001,6.9,4.390594687687));
#6210=DIRECTION('',(2.22044604925031E-16,1.0263416486754E-46,1.0));
#6211=DIRECTION('',(2.22044604925031E-16,1.0,-4.93038065763132E-32));
#6212=DIRECTION('',(-2.22044604925031E-16,-1.04002620399108E-46,-1.0));
#6213=DIRECTION('',(2.22044604925031E-16,1.04002620399108E-46,1.0));
#6214=DIRECTION('',(2.22044604925031E-16,1.04002620399108E-46,1.0));
#6215=DIRECTION('',(-2.22044604925031E-16,-1.04002620399108E-46,-1.0));
#6216=DIRECTION('',(-2.22044604925031E-16,-1.04002620399108E-46,-1.0));
#6217=DIRECTION('',(-2.22044604925031E-16,-1.04002620399108E-46,-1.0));
#6218=DIRECTION('',(-2.22044604925031E-16,-1.04002620399108E-46,-1.0));
#6219=DIRECTION('',(-2.22044604925031E-16,-1.04002620399108E-46,-1.0));
#6220=DIRECTION('',(-2.22044604925031E-16,-1.0,4.93038065763132E-32));
#6221=DIRECTION('',(2.22044604925031E-16,1.04002620399108E-46,1.0));
#6222=DIRECTION('',(-0.500000000000001,-0.866025403784438,1.11022302462516E-16));
#6223=DIRECTION('',(2.22044604925031E-16,1.0,-4.93038065763132E-32));
#6224=CARTESIAN_POINT('',(2.4,0.886834750241301,3.4));
#6225=DIRECTION('',(-1.9116234576483E-16,-0.99144486137381,0.130526192220052));
#6226=DIRECTION('',(2.4912761933257E-16,0.130526192220052,0.99144486137381));
#6227=DIRECTION('',(-1.57009245868377E-16,-0.965925826289069,0.25881904510252));
#6228=DIRECTION('',(-2.22044604925031E-16,-1.0,4.93038065763132E-32));
#6229=DIRECTION('',(-2.22044604925031E-16,-1.0,4.93038065763132E-32));
#6230=CARTESIAN_POINT('',(4.6,1.7,1.5708203932499));
#6231=DIRECTION('',(2.22044604925031E-16,1.0,-4.93038065763132E-32));
#6232=DIRECTION('',(-2.22044604925031E-16,-9.71603427412715E-47,-1.0));
#6233=DIRECTION('',(2.22044604925031E-16,1.0,-4.93038065763132E-32));
#6234=CARTESIAN_POINT('',(4.6,2.4,1.5708203932499));
#6235=DIRECTION('',(2.22044604925031E-16,1.0,-4.93038065763132E-32));
#6236=DIRECTION('',(-2.22044604925031E-16,-9.71603427412715E-47,-1.0));
#6237=CARTESIAN_POINT('',(2.1,1.1803847577293,0.9291796067501));
#6238=DIRECTION('',(2.22044604925031E-16,1.0,-4.93038065763132E-32));
#6239=DIRECTION('',(-2.22044604925031E-16,-1.04002620399108E-46,-1.0));
#6240=DIRECTION('',(2.22044604925031E-16,1.0,-4.93038065763132E-32));
#6241=DIRECTION('',(2.22044604925031E-16,1.0,-4.93038065763132E-32));
#6242=CARTESIAN_POINT('',(2.1,1.1803847577293,1.5708203932499));
#6243=DIRECTION('',(-2.22044604925031E-16,-1.0,4.93038065763132E-32));
#6244=DIRECTION('',(2.22044604925031E-16,1.04002620399108E-46,1.0));
#6245=DIRECTION('',(2.22044604925031E-16,1.0,-4.93038065763132E-32));
#6246=CARTESIAN_POINT('',(4.6,1.1803847577293,1.5708203932499));
#6247=DIRECTION('',(-2.22044604925031E-16,-1.0,4.93038065763132E-32));
#6248=DIRECTION('',(2.22044604925031E-16,1.04002620399108E-46,1.0));
#6249=DIRECTION('',(2.22044604925031E-16,1.0,-4.93038065763132E-32));
#6250=CARTESIAN_POINT('',(3.4,1.1803847577293,1.5708203932499));
#6251=DIRECTION('',(-2.22044604925031E-16,-1.0,4.93038065763132E-32));
#6252=DIRECTION('',(2.22044604925031E-16,1.04002620399108E-46,1.0));
#6253=CARTESIAN_POINT('',(3.4,1.7,1.5708203932499));
#6254=DIRECTION('',(2.22044604925031E-16,1.0,-4.93038065763132E-32));
#6255=DIRECTION('',(-2.22044604925031E-16,-9.71603427412715E-47,-1.0));
#6256=CARTESIAN_POINT('',(4.0,1.7,0.899999999999999));
#6257=DIRECTION('',(-2.22044604925031E-16,-1.0,4.93038065763132E-32));
#6258=DIRECTION('',(2.22044604925031E-16,1.04002620399108E-46,1.0));
#6259=DIRECTION('',(0.333333333333343,-0.866025403784439,0.372677996249956));
#6260=CARTESIAN_POINT('',(4.0,2.4,0.899999999999999));
#6261=DIRECTION('',(-2.22044604925031E-16,-1.0,4.93038065763132E-32));
#6262=DIRECTION('',(2.22044604925031E-16,1.04002620399108E-46,1.0));
#6263=DIRECTION('',(2.22044604925031E-16,1.0,-4.93038065763132E-32));
#6264=CARTESIAN_POINT('',(3.4,2.4,1.5708203932499));
#6265=DIRECTION('',(2.22044604925031E-16,1.0,-4.93038065763132E-32));
#6266=DIRECTION('',(-2.22044604925031E-16,-9.71603427412715E-47,-1.0));
#6267=DIRECTION('',(-2.22044604925031E-16,-1.04002620399108E-46,-1.0));
ENDSEC;
END-ISO-10303-21;
